Date,Ticker,Price,EMA20,MA30,MA50,MA100,MA200,AboveEMA20,Pct_Above_EMA20,Above30,Pct_Above_30,Above50,Pct_Above_50,Above100,Pct_Above_100,Above200,Pct_Above_200
2026-10-09,AIQ,66.355003,65.52091,64.900834,64.1109,63.58175,57.735576,Yes,0.01273,Yes,0.022406,Yes,0.035003,Yes,0.043617,Yes,0.149291
2026-10-09,AIRR,103.940002,105.916496,105.958,111.2966,118.646,117.252245,No,-0.018661,No,-0.019045,No,-0.066099,No,-0.123949,No,-0.113535
2026-10-09,AMLP,53.095001,53.40727,54.256833,54.359887,53.129495,51.114543,No,-0.005847,No,-0.021414,No,-0.023269,No,-0.000649,Yes,0.038746
2026-10-09,ARKG,51.470001,51.341141,50.116333,47.9596,42.5322,35.911475,Yes,0.00251,Yes,0.027011,Yes,0.073195,Yes,0.210142,Yes,0.433247
2026-10-09,AWAY,16.889999,17.201,17.6424,18.61092,18.22014,18.091,No,-0.01808,No,-0.042647,No,-0.092468,No,-0.073004,No,-0.066387
2026-10-09,BATT,14.655,14.705708,14.923733,15.12466,15.35044,15.457043,No,-0.003448,No,-0.018007,No,-0.031053,No,-0.045304,No,-0.051889
2026-10-09,BETZ,16.85,17.323316,18.079467,18.57416,18.86264,18.85301,No,-0.027322,No,-0.068003,No,-0.092826,No,-0.1067,No,-0.106243
2026-10-09,BOTZ,35.419998,35.508316,35.399833,35.9165,36.585742,36.859233,No,-0.002487,Yes,0.00057,No,-0.013824,No,-0.031863,No,-0.039047
2026-10-09,CIBR,107.985001,103.331945,100.738633,99.190262,93.600362,80.708959,Yes,0.04503,Yes,0.071932,Yes,0.088665,Yes,0.153681,Yes,0.337956
2026-10-09,COPX,85.019997,85.965247,87.635667,87.9658,84.25563,83.081494,No,-0.010996,No,-0.029847,No,-0.033488,Yes,0.009072,Yes,0.023333
2026-10-09,CORN,19.040199,19.326585,19.687007,19.170204,18.333002,18.168801,No,-0.014818,No,-0.032855,No,-0.006782,Yes,0.038575,Yes,0.047961
2026-10-09,CPER,40.279999,39.891462,39.840333,39.905,39.1615,37.6108,Yes,0.00974,Yes,0.011036,Yes,0.009397,Yes,0.028561,Yes,0.070969
2026-10-09,DBA,28.445,28.482272,28.7085,28.4137,27.82745,27.201375,No,-0.001309,No,-0.009178,Yes,0.001102,Yes,0.022192,Yes,0.045719
2026-10-09,DIA,513.26001,515.310456,519.096095,524.915745,519.531021,500.536721,No,-0.003979,No,-0.011243,No,-0.022205,No,-0.012071,Yes,0.025419
2026-10-09,DRAM,57.360001,59.467186,59.097667,57.2854,59.5749,,No,-0.035434,No,-0.029403,Yes,0.001302,No,-0.037178,,
2026-10-09,ETHE,20.0,20.735891,20.62681,19.024425,16.837496,18.067018,No,-0.035489,No,-0.030388,Yes,0.05128,Yes,0.187825,Yes,0.10699
2026-10-09,GLD,383.950012,387.099461,393.051001,397.015201,391.5489,415.65165,No,-0.008136,No,-0.023155,No,-0.032909,No,-0.019407,No,-0.07627
2026-10-09,IAI,177.494995,180.415864,184.446148,186.729128,185.110878,179.65415,No,-0.01619,No,-0.037687,No,-0.049452,No,-0.041142,No,-0.012018
2026-10-09,IBB,204.710007,206.035336,207.131894,205.243384,192.874067,181.869695,No,-0.006433,No,-0.011692,No,-0.002599,Yes,0.061366,Yes,0.125586
2026-10-09,IBIT,47.044998,46.627433,46.009167,43.0771,40.08515,41.87465,Yes,0.008955,Yes,0.022514,Yes,0.092112,Yes,0.173627,Yes,0.123472
2026-10-09,IEF,89.214996,89.788627,90.398972,91.20068,91.953849,92.731324,No,-0.006389,No,-0.013097,No,-0.021773,No,-0.029785,No,-0.03792
2026-10-09,IGV,111.429604,107.657001,106.52532,104.891992,98.860059,93.689031,Yes,0.035043,Yes,0.046039,Yes,0.062327,Yes,0.127145,Yes,0.189356
2026-10-09,ITA,205.464996,211.535336,215.139938,227.164665,230.878275,229.957038,No,-0.028697,No,-0.04497,No,-0.095524,No,-0.110072,No,-0.106507
2026-10-09,IWM,278.25,282.478109,285.317481,290.889065,291.004937,275.90831,No,-0.014968,No,-0.024771,No,-0.04345,No,-0.043831,Yes,0.008487
2026-10-09,KBE,62.974998,64.74766,65.850776,67.345497,66.828604,64.218219,No,-0.027378,No,-0.043671,No,-0.064897,No,-0.057664,No,-0.019359
2026-10-09,KBWD,10.62,11.188485,11.558026,11.84391,11.866668,12.107648,No,-0.05081,No,-0.081158,No,-0.103337,No,-0.105056,No,-0.122868
2026-10-09,KRE,69.025002,70.828698,71.833913,73.402363,72.940147,69.924981,No,-0.025466,No,-0.039103,No,-0.059635,No,-0.053676,No,-0.012871
2026-10-09,LITP,8.61,9.519426,10.181367,10.62218,11.81684,13.02269,No,-0.095534,No,-0.154338,No,-0.189432,No,-0.271379,No,-0.338846
2026-10-09,OIH,389.470001,393.219905,403.698668,404.773,401.582299,390.74965,No,-0.009536,No,-0.035246,No,-0.037806,No,-0.030161,No,-0.003275
2026-10-09,ONLN,56.77,55.571397,55.888,57.49,56.756676,57.06738,Yes,0.021569,Yes,0.015782,No,-0.012524,Yes,0.000235,No,-0.005211
2026-10-09,PAVE,53.349998,53.644344,53.654,55.185,56.037552,54.430776,No,-0.005487,No,-0.005666,No,-0.033252,No,-0.04796,No,-0.019856
2026-10-09,PDBC,19.719999,19.419837,19.433333,18.8148,17.9715,16.9415,Yes,0.015456,Yes,0.014751,Yes,0.048111,Yes,0.097293,Yes,0.164006
2026-10-09,PEJ,63.099998,62.945098,63.083435,64.938081,64.79907,62.498172,Yes,0.002461,Yes,0.000263,No,-0.028305,No,-0.026221,Yes,0.00963
2026-10-09,PPH,110.080002,109.925858,110.731648,111.390076,108.899376,106.14882,Yes,0.001402,No,-0.005885,No,-0.011761,Yes,0.010841,Yes,0.037035
2026-10-09,QQQ,749.940002,740.196761,729.443339,723.975667,719.119981,670.869771,Yes,0.013163,Yes,0.028099,Yes,0.035864,Yes,0.042858,Yes,0.117862
2026-10-09,REZ,87.010002,88.882385,90.269334,92.143277,92.578108,89.11762,No,-0.021066,No,-0.036107,No,-0.05571,No,-0.060145,No,-0.02365
2026-10-09,RSP,212.389999,211.893867,213.063353,215.709703,212.844124,204.785553,Yes,0.002341,No,-0.00316,No,-0.01539,No,-0.002134,Yes,0.037134
2026-10-09,SHY,81.18,81.10895,81.144533,81.271232,81.179333,81.032956,Yes,0.000876,Yes,0.000437,No,-0.001123,Yes,8e-06,Yes,0.001815
2026-10-09,SKYY,172.309998,166.624791,164.512666,162.163399,149.2058,133.76815,Yes,0.03412,Yes,0.047397,Yes,0.06257,Yes,0.154848,Yes,0.288124
2026-10-09,SLV,54.955002,56.182779,57.510833,57.9469,58.11995,65.774475,No,-0.021853,No,-0.044441,No,-0.051632,No,-0.054455,No,-0.164493
2026-10-09,SLX,103.379997,104.597972,106.324667,107.0446,105.625,100.74995,No,-0.011644,No,-0.027695,No,-0.034234,No,-0.021254,Yes,0.026105
2026-10-09,SMH,604.73999,602.407469,584.813334,578.266202,587.252101,506.243651,Yes,0.003872,Yes,0.034074,Yes,0.045781,Yes,0.029779,Yes,0.194563
2026-10-09,SOXX,560.840027,560.987088,542.658377,537.182288,552.111125,461.759755,No,-0.000262,Yes,0.033505,Yes,0.04404,Yes,0.01581,Yes,0.214571
2026-10-09,SPY,776.359985,769.441808,766.267505,766.239453,754.157714,719.64678,Yes,0.008991,Yes,0.013171,Yes,0.013208,Yes,0.02944,Yes,0.078807
2026-10-09,SRVR,28.879999,29.063076,29.494493,30.139752,31.002708,31.205036,No,-0.006299,No,-0.020834,No,-0.041797,No,-0.068469,No,-0.074508
2026-10-09,TIP,104.339996,104.792958,105.403666,106.08852,106.756588,106.983407,No,-0.004322,No,-0.010091,No,-0.016482,No,-0.022636,No,-0.024709
2026-10-09,TLT,77.525902,78.74853,79.867931,80.644663,82.212013,83.548035,No,-0.015526,No,-0.029324,No,-0.038673,No,-0.057,No,-0.07208
2026-10-09,UNG,11.1192,10.65936,10.572973,10.353984,10.771292,11.323046,Yes,0.04314,Yes,0.051663,Yes,0.073905,Yes,0.0323,No,-0.018003
2026-10-09,USO,148.059998,146.692336,147.668334,139.1614,131.4669,117.1195,Yes,0.009323,Yes,0.002652,Yes,0.063944,Yes,0.126215,Yes,0.264179
2026-10-09,UUP,29.045,28.713072,28.478167,28.3167,28.25055,27.785075,Yes,0.01156,Yes,0.019904,Yes,0.02572,Yes,0.028122,Yes,0.045345
2026-10-09,VIXY,16.295,16.820696,17.020167,17.7991,20.15045,24.342025,No,-0.031253,No,-0.042606,No,-0.084504,No,-0.191333,No,-0.330582
2026-10-09,VNQ,89.855003,91.01778,92.347147,94.399313,95.355648,92.827659,No,-0.012775,No,-0.026987,No,-0.048139,No,-0.057686,No,-0.032023
2026-10-09,VOO,713.684998,707.25387,704.324019,704.282903,693.133557,661.346119,Yes,0.009093,Yes,0.013291,Yes,0.01335,Yes,0.02965,Yes,0.07914
2026-10-09,WEAT,24.834999,25.344539,26.026833,25.5391,24.53005,23.308175,No,-0.020105,No,-0.045793,No,-0.02757,Yes,0.012432,Yes,0.065506
2026-10-09,XBI,152.949997,155.15443,157.430998,158.239199,151.602227,139.487596,No,-0.014208,No,-0.028463,No,-0.033425,Yes,0.00889,Yes,0.096513
2026-10-09,XLB,49.465,49.769475,50.37809,51.160916,50.942016,50.36089,No,-0.006118,No,-0.018125,No,-0.033149,No,-0.028994,No,-0.017789
2026-10-09,XLC,111.339996,111.697548,111.96451,111.592529,111.036487,113.031459,No,-0.003201,No,-0.005578,No,-0.002263,Yes,0.002733,No,-0.014965
2026-10-09,XLE,65.684998,63.37471,63.54305,62.422609,59.306149,56.40703,Yes,0.036454,Yes,0.033709,Yes,0.052263,Yes,0.107558,Yes,0.164482
2026-10-09,XLF,54.455002,54.715217,55.594045,56.386121,55.095043,53.326898,No,-0.004756,No,-0.020489,No,-0.034248,No,-0.011617,Yes,0.021155
2026-10-09,XLI,168.589996,170.058988,170.522216,175.368385,176.462207,171.868224,No,-0.008638,No,-0.011331,No,-0.038652,No,-0.044611,No,-0.019074
2026-10-09,XLK,198.039993,195.2917,191.588227,188.882262,185.749918,166.033541,Yes,0.014073,Yes,0.033675,Yes,0.048484,Yes,0.066165,Yes,0.192771
2026-10-09,XLP,83.205002,82.304755,82.723566,83.632142,83.550917,82.8129,Yes,0.010938,Yes,0.00582,No,-0.005107,No,-0.00414,Yes,0.004735
2026-10-09,XLRE,41.189999,41.608758,42.231704,43.165373,43.647515,42.567182,No,-0.010064,No,-0.024666,No,-0.045763,No,-0.056304,No,-0.032353
2026-10-09,XLU,41.125,40.742034,41.080369,42.008572,43.271578,43.767858,Yes,0.0094,Yes,0.001086,No,-0.021033,No,-0.049607,No,-0.060384
2026-10-09,XLV,169.949997,168.495207,168.630359,168.448762,161.793334,155.907622,Yes,0.008634,Yes,0.007826,Yes,0.008912,Yes,0.050414,Yes,0.090069
2026-10-09,XLY,112.514999,111.374144,111.941131,114.227624,114.968347,115.67287,Yes,0.010243,Yes,0.005127,No,-0.014993,No,-0.021339,No,-0.0273
2026-10-09,XOP,194.820007,187.262599,188.498473,184.528872,173.958327,164.039797,Yes,0.040357,Yes,0.033536,Yes,0.05577,Yes,0.119923,Yes,0.187639
