Ticker,1W%,2W%,1M%,3M%,6M%,9M%,12M%
AIQ,0.19,0.58,5.19,8.25,34.4,27.26,28.83
AIRR,-2.6,-1.04,-1.16,-14.42,-13.63,-1.38,4.68
AMLP,0.86,0.08,-4.76,0.77,5.45,18.3,24.0
ARKG,-4.69,-3.54,13.42,26.8,92.92,66.52,60.19
AWAY,0.79,0.22,-4.48,-7.33,1.95,-20.06,-22.88
BATT,0.55,0.31,-3.14,2.55,-8.0,1.42,11.22
BETZ,3.74,-3.05,-12.17,-14.07,-7.57,-18.4,-22.75
BOTZ,-1.69,0.06,1.9,-1.25,0.02,-6.08,-4.43
CIBR,3.14,6.97,14.69,17.58,77.94,49.58,38.81
COPX,-1.04,-1.97,-4.05,14.35,2.14,12.81,36.14
CORN,1.01,-3.5,-4.85,8.49,7.27,6.07,8.31
CPER,1.92,-0.81,3.18,6.17,12.29,12.89,28.36
DBA,0.83,-0.33,-2.98,2.62,5.78,9.36,10.63
DIA,0.42,-0.82,-1.21,-1.8,7.86,5.35,11.75
DRAM,-7.15,-7.35,-2.05,0.1,76.87,,
ETHE,-6.67,-7.58,1.06,40.16,9.93,-20.3,-45.4
GLD,1.0,-2.4,-3.13,4.58,-12.17,-6.69,3.13
IAI,0.91,-1.87,-6.21,-5.69,4.97,-3.48,2.28
IBB,-0.28,-2.41,1.03,8.0,20.89,18.95,34.96
IBIT,-1.44,-1.1,7.7,33.57,13.2,-8.69,-32.85
IEF,0.19,-0.53,-1.82,-3.36,-4.43,-4.44,-3.73
IGV,2.77,5.11,10.11,20.2,49.26,6.71,-3.66
ITA,-1.12,-3.9,-5.78,-12.49,-10.36,-9.43,-4.27
IWM,-1.16,-1.32,-3.03,-4.94,7.02,8.47,13.93
KBE,-2.15,-3.65,-6.81,-7.98,1.32,0.78,9.32
KBWD,-2.39,-6.18,-10.32,-10.89,-11.82,-16.14,-10.4
KRE,-2.48,-3.53,-5.95,-7.59,1.28,3.16,11.75
LITP,-3.88,-9.94,-21.1,-21.48,-39.71,-38.76,-9.21
OIH,1.77,-1.07,-7.32,1.72,-4.96,23.19,50.72
ONLN,4.97,4.15,2.18,-0.49,1.55,-9.13,-7.48
PAVE,-0.98,-0.22,-0.02,-5.12,-2.21,8.25,11.46
PDBC,1.44,1.13,-1.65,16.69,16.21,45.43,51.07
PEJ,0.94,1.3,1.2,-4.22,4.55,2.04,8.24
PPH,1.87,-0.81,0.77,1.53,6.98,6.15,20.26
QQQ,0.05,0.73,5.93,5.48,22.99,21.28,23.23
REZ,-0.79,-2.46,-4.87,-8.9,1.08,5.08,7.76
RSP,1.27,0.61,0.01,-0.49,8.83,9.4,12.99
SHY,0.16,0.26,0.0,0.15,0.28,0.61,1.62
SKYY,2.48,4.63,10.02,23.09,65.43,33.84,25.29
SLV,0.39,-5.48,-4.43,5.36,-20.45,-21.17,23.33
SLX,-0.14,-1.35,-4.83,4.1,4.88,17.12,38.65
SMH,-4.1,-0.3,7.94,3.26,38.42,59.57,75.29
SOXX,-4.76,-2.07,8.46,1.37,45.23,75.8,92.99
SPY,0.87,0.65,2.7,3.89,14.84,13.48,16.58
SRVR,2.12,-0.4,-3.83,-4.76,-11.7,2.0,-4.32
TIP,0.22,-0.19,-1.87,-2.6,-2.8,-1.93,-2.1
TLT,0.06,-1.87,-3.64,-6.57,-8.26,-8.15,-9.11
UNG,6.2,-0.1,9.12,7.22,3.24,-1.34,-15.12
USO,0.47,-0.18,-6.52,25.7,18.62,109.9,101.36
UUP,0.54,1.48,3.62,1.91,5.85,6.51,7.89
VIXY,-2.54,-1.9,-10.27,-22.48,-45.23,-35.69,-49.54
VNQ,0.4,-1.25,-3.7,-7.36,-1.66,3.49,3.89
VOO,0.87,0.67,2.71,3.92,14.89,13.53,16.67
WEAT,0.34,-2.61,-7.02,4.97,13.97,21.92,21.15
XBI,-0.96,-1.34,-2.47,-1.54,18.28,23.76,45.68
XLB,1.24,-0.67,-2.1,-1.75,-4.01,5.47,12.03
XLC,0.92,-1.43,0.19,0.1,-1.71,-4.36,-2.48
XLE,4.56,5.88,1.76,16.45,16.88,43.9,51.87
XLF,1.8,-0.7,-3.91,-2.54,8.01,-1.39,3.37
XLI,-0.8,-1.08,-0.88,-6.28,-1.2,6.1,9.59
XLK,-0.89,0.9,7.05,9.37,39.19,37.79,36.95
XLP,3.32,1.4,0.8,-0.99,2.38,8.12,9.9
XLRE,0.93,-0.89,-3.52,-7.08,-2.15,4.31,3.2
XLU,3.25,4.09,-2.57,-9.39,-11.22,-0.02,-6.83
XLV,2.27,-0.44,2.98,5.69,16.32,8.81,19.57
XLY,2.25,1.77,0.72,-2.82,0.09,-7.9,-4.03
XOP,5.35,7.34,0.06,18.41,16.68,53.62,48.44
