Ticker,Price,EMA20,MA30,MA50,MA100,MA200,AboveEMA20,Above30,Above50,Above100,Above200,Pct_Above_EMA20,Pct_Above_30,Pct_Above_50,Pct_Above_100,Pct_Above_200,Major_MAs_Above,Trend_Structure
AIQ,66.599998,65.544243,64.909001,64.1158,63.5842,57.736801,Yes,True,True,True,True,0.016108,0.026052,0.038745,0.04743,0.15351,4,Strong Uptrend
AIRR,104.190002,105.940306,105.966334,111.3016,118.6485,117.253495,No,False,False,False,False,-0.016522,-0.016763,-0.063895,-0.12186,-0.111412,0,Strong Downtrend
AMLP,52.560001,53.356317,54.239,54.349187,53.124145,51.111868,No,False,False,False,True,-0.014924,-0.030956,-0.03292,-0.010619,0.028333,1,Downtrend
ARKG,51.299999,51.32495,50.110667,47.9562,42.5305,35.910625,No,True,True,True,True,-0.000486,0.023734,0.069726,0.206193,0.428547,4,Strong Uptrend
AWAY,16.950001,17.206714,17.6444,18.61212,18.22074,18.0913,No,False,False,False,False,-0.014919,-0.039355,-0.089303,-0.069741,-0.063086,0,Strong Downtrend
BATT,14.68,14.708089,14.924567,15.12516,15.35069,15.457168,No,False,False,False,False,-0.00191,-0.016387,-0.029432,-0.043691,-0.050279,0,Strong Downtrend
BETZ,16.8146,17.319945,18.078287,18.573452,18.862286,18.852833,No,False,False,False,False,-0.029177,-0.069901,-0.094697,-0.10856,-0.108113,0,Strong Downtrend
BOTZ,35.48,35.514031,35.401833,35.9177,36.586342,36.859533,No,True,False,False,False,-0.000958,0.002208,-0.012186,-0.030239,-0.037427,1,Downtrend
CIBR,110.0,103.523849,100.8058,99.230562,93.620512,80.719034,Yes,True,True,True,True,0.062557,0.091207,0.108529,0.174956,0.362752,4,Strong Uptrend
COPX,85.75,86.034771,87.66,87.9804,84.26293,83.085144,No,False,False,True,True,-0.00331,-0.021789,-0.025351,0.017648,0.032074,2,Mixed
CORN,18.42,19.267519,19.666333,19.1578,18.3268,18.1657,No,False,False,True,True,-0.043987,-0.063374,-0.038512,0.005085,0.013999,2,Mixed
CPER,40.310001,39.894319,39.841333,39.9056,39.1618,37.61095,Yes,True,True,True,True,0.01042,0.011763,0.010134,0.029319,0.071762,4,Strong Uptrend
DBA,28.33,28.47132,28.704666,28.4114,27.8263,27.2008,No,False,False,True,True,-0.004964,-0.013052,-0.002865,0.018102,0.041513,2,Mixed
DIA,516.109985,515.581883,519.191094,524.972748,519.559518,500.550971,Yes,False,False,False,True,0.001024,-0.005934,-0.016882,-0.006639,0.031084,1,Downtrend
DRAM,57.189999,59.450995,59.092,57.282,59.5732,,No,False,False,False,,-0.038031,-0.032187,-0.001606,-0.040005,,0,Strong Downtrend
ETHE,19.85,20.721605,20.62181,19.021425,16.835996,18.066268,No,False,True,True,True,-0.042063,-0.037427,0.04356,0.179021,0.098733,3,Uptrend
GLD,384.579987,387.159459,393.072,397.027801,391.5552,415.6548,No,False,False,False,False,-0.006663,-0.021604,-0.031353,-0.017814,-0.074761,0,Strong Downtrend
IAI,178.490005,180.510627,184.479315,186.749028,185.120827,179.659125,No,False,False,False,False,-0.011194,-0.032466,-0.044225,-0.035819,-0.006507,0,Strong Downtrend
IBB,206.490005,206.20486,207.191228,205.278984,192.891867,181.878595,Yes,False,True,True,True,0.001383,-0.003384,0.005899,0.070496,0.135318,3,Uptrend
IBIT,46.549999,46.58029,45.992667,43.0672,40.0802,41.872175,No,True,True,True,True,-0.00065,0.012118,0.080869,0.161421,0.111717,4,Strong Uptrend
IEF,89.400002,89.806247,90.405139,91.20438,91.9557,92.732251,No,False,False,False,False,-0.004524,-0.011118,-0.019784,-0.027793,-0.035934,0,Strong Downtrend
IGV,112.669998,107.775134,106.566667,104.9168,98.872463,93.695233,Yes,True,True,True,True,0.045417,0.057272,0.073899,0.139549,0.202516,4,Strong Uptrend
ITA,206.649994,211.648193,215.179438,227.188365,230.890125,229.962963,No,False,False,False,False,-0.023616,-0.039639,-0.090402,-0.104986,-0.101377,0,Strong Downtrend
IWM,278.940002,282.543824,285.340482,290.902865,291.011838,275.911761,No,False,False,False,True,-0.012755,-0.022431,-0.041123,-0.041482,0.010975,1,Downtrend
KBE,63.130001,64.762422,65.855943,67.348597,66.830154,64.218994,No,False,False,False,False,-0.025206,-0.041392,-0.062638,-0.055367,-0.016957,0,Strong Downtrend
KBWD,10.635,11.189914,11.558526,11.84421,11.866818,12.107723,No,False,False,False,False,-0.04959,-0.0799,-0.102093,-0.103804,-0.121635,0,Strong Downtrend
KRE,69.010002,70.827269,71.833413,73.402063,72.939997,69.924905,No,False,False,False,False,-0.025658,-0.039305,-0.059836,-0.05388,-0.013084,0,Strong Downtrend
LITP,8.5488,9.513597,10.179327,10.620956,11.816228,13.022384,No,False,False,False,False,-0.101412,-0.16018,-0.195101,-0.27652,-0.34353,0,Strong Downtrend
OIH,388.649994,393.141809,403.671335,404.7566,401.574099,390.74555,No,False,False,False,False,-0.011425,-0.037212,-0.039793,-0.032184,-0.005363,0,Strong Downtrend
ONLN,57.293301,55.621235,55.905443,57.500466,56.761909,57.069997,Yes,True,False,True,True,0.030062,0.024825,-0.003603,0.009362,0.003913,3,Uptrend
PAVE,53.450001,53.653868,53.657334,55.187,56.038552,54.431276,No,False,False,False,False,-0.0038,-0.003864,-0.031475,-0.046192,-0.018028,0,Strong Downtrend
PDBC,19.66,19.414123,19.431333,18.8136,17.9709,16.9412,Yes,True,True,True,True,0.012665,0.011768,0.044989,0.093991,0.160484,4,Strong Uptrend
PEJ,63.349998,62.968908,63.091769,64.943081,64.80157,62.499422,Yes,True,False,False,True,0.006052,0.004093,-0.02453,-0.0224,0.013609,2,Mixed
PPH,110.489998,109.964905,110.745315,111.398276,108.903476,106.15087,Yes,False,False,True,True,0.004775,-0.002305,-0.008153,0.014568,0.040877,2,Mixed
QQQ,751.27002,740.323429,729.487673,724.002267,719.133281,670.876425,Yes,True,True,True,True,0.014786,0.02986,0.037663,0.044688,0.119834,4,Strong Uptrend
REZ,87.839996,88.961433,90.297001,92.159877,92.586408,89.12177,No,False,False,False,False,-0.012606,-0.02721,-0.046874,-0.051265,-0.014382,0,Strong Downtrend
RSP,213.039993,211.955771,213.08502,215.722703,212.850623,204.788803,Yes,False,False,True,True,0.005115,-0.000211,-0.012436,0.00089,0.040291,2,Mixed
SHY,81.199997,81.110855,81.1452,81.271633,81.179533,81.033055,Yes,True,False,True,True,0.001099,0.000675,-0.000881,0.000252,0.00206,3,Uptrend
SKYY,174.884995,166.870029,164.5985,162.214899,149.23155,133.781025,Yes,True,True,True,True,0.048031,0.062494,0.078107,0.171904,0.307248,4,Strong Uptrend
SLV,54.779999,56.166112,57.505,57.9434,58.1182,65.7736,No,False,False,False,False,-0.024679,-0.047387,-0.054595,-0.057438,-0.167143,0,Strong Downtrend
SLX,103.800003,104.637973,106.338667,107.053,105.6292,100.75205,No,False,False,False,True,-0.008008,-0.023873,-0.030387,-0.017317,0.030252,1,Downtrend
SMH,603.330017,602.273186,584.766335,578.238003,587.238001,506.236601,Yes,True,True,True,True,0.001755,0.031745,0.043394,0.027403,0.191795,4,Strong Uptrend
SOXX,559.400024,560.849945,542.610377,537.153488,552.096724,461.752556,No,True,True,True,True,-0.002585,0.030942,0.041416,0.013228,0.211471,4,Strong Uptrend
SPY,778.570007,769.652286,766.341172,766.283654,754.179814,719.65783,Yes,True,True,True,True,0.011587,0.015957,0.016034,0.03234,0.081861,4,Strong Uptrend
SRVR,29.18,29.091648,29.504493,30.145752,31.005708,31.206536,Yes,False,False,False,False,0.003037,-0.010998,-0.032036,-0.058883,-0.064939,0,Strong Downtrend
TIP,104.419998,104.800578,105.406333,106.09012,106.757387,106.983807,No,False,False,False,False,-0.003631,-0.009357,-0.015742,-0.021894,-0.023964,0,Strong Downtrend
TLT,77.980003,78.791777,79.883067,80.653745,82.216554,83.550305,No,False,False,False,False,-0.010303,-0.023823,-0.033151,-0.051529,-0.06667,0,Strong Downtrend
UNG,11.01,10.64896,10.569333,10.3518,10.7702,11.3225,Yes,True,True,True,False,0.033904,0.041693,0.063583,0.022265,-0.0276,3,Uptrend
USO,148.199997,146.705669,147.673001,139.1642,131.4683,117.1202,Yes,True,True,True,True,0.010186,0.003569,0.064929,0.127268,0.265367,4,Strong Uptrend
UUP,29.02,28.710691,28.477333,28.3162,28.2503,27.78495,Yes,True,True,True,True,0.010773,0.019056,0.024855,0.027246,0.04445,4,Strong Uptrend
VIXY,16.299999,16.821172,17.020333,17.7992,20.1505,24.34205,No,False,False,False,False,-0.030983,-0.042322,-0.084229,-0.191087,-0.330377,0,Strong Downtrend
VNQ,90.650002,91.093494,92.373647,94.415213,95.363598,92.831634,No,False,False,False,False,-0.004869,-0.018659,-0.039879,-0.049428,-0.023501,0,Strong Downtrend
VOO,715.590027,707.435301,704.38752,704.321003,693.152607,661.355644,Yes,True,True,True,True,0.011527,0.015904,0.016,0.03237,0.082005,4,Strong Uptrend
WEAT,24.41,25.304063,26.012667,25.5306,24.5258,23.30605,No,False,False,False,True,-0.035333,-0.061611,-0.043892,-0.004722,0.047368,1,Downtrend
XBI,153.770004,155.232526,157.458332,158.255599,151.610427,139.491696,No,False,False,True,True,-0.009421,-0.023424,-0.028344,0.014244,0.10236,2,Mixed
XLB,49.43,49.766141,50.376923,51.160216,50.941666,50.360715,No,False,False,False,False,-0.006754,-0.018797,-0.03382,-0.029674,-0.018481,0,Strong Downtrend
XLC,110.379997,111.606119,111.93251,111.573329,111.026886,113.026659,No,False,False,False,False,-0.010986,-0.01387,-0.010695,-0.005826,-0.023416,0,Strong Downtrend
XLE,65.080002,63.317091,63.522884,62.41051,59.300099,56.404005,Yes,True,True,True,True,0.027843,0.024513,0.042773,0.097469,0.153819,4,Strong Uptrend
XLF,54.73,54.741408,55.603212,56.391621,55.097793,53.328273,No,False,False,False,True,-0.000208,-0.015704,-0.029466,-0.006675,0.026285,1,Downtrend
XLI,169.25,170.121846,170.544216,175.381585,176.468806,171.871524,No,False,False,False,False,-0.005125,-0.007589,-0.034961,-0.040907,-0.015253,0,Strong Downtrend
XLK,198.779999,195.362177,191.612894,188.897062,185.757318,166.037241,Yes,True,True,True,True,0.017495,0.037404,0.052319,0.070106,0.197201,4,Strong Uptrend
XLP,83.43,82.326184,82.731066,83.636642,83.553167,82.814025,Yes,True,False,False,True,0.013408,0.008448,-0.002471,-0.001474,0.007438,2,Mixed
XLRE,41.610001,41.648758,42.245704,43.173773,43.651715,42.569282,No,False,False,False,False,-0.000931,-0.015048,-0.03622,-0.046773,-0.022535,0,Strong Downtrend
XLU,41.41,40.769177,41.089869,42.014272,43.274428,43.769283,Yes,True,False,False,False,0.015718,0.007791,-0.014383,-0.043084,-0.053903,1,Downtrend
XLV,170.809998,168.577112,168.659026,168.465962,161.801934,155.911922,Yes,True,True,True,True,0.013245,0.012753,0.013914,0.055673,0.095554,4,Strong Uptrend
XLY,112.849998,111.406049,111.952297,114.234324,114.971697,115.674545,Yes,True,False,False,False,0.012961,0.008019,-0.012118,-0.018454,-0.024418,1,Downtrend
XOP,191.520004,186.948313,188.388473,184.462872,173.925327,164.023298,Yes,True,True,True,True,0.024454,0.016623,0.038258,0.101162,0.167639,4,Strong Uptrend
