Ticker,Price,EMA20,MA30,Pct_Above_EMA20,Pct_Above_MA30,EMA20_vs_MA30_Pct,EMA20_Slope_5D_Pct,MA30_Slope_5D_Pct,Above_EMA20,Above_MA30,EMA20_Above_MA30,Price_Cross_EMA20_Today,Price_Cross_MA30_Today,EMA20_Cross_MA30_Today,Return_1W,Return_1M,Acceleration_Score,Momentum_Score,Early_Rotation_Score,Early_Rotation_Rank,Early_Rotation_State,Rotation_Readiness_Score,Rotation_State
CIBR,107.985001,103.331945,100.738633,4.503017919579455,7.19323638231224,2.5742973899596233,2.3728323607222324,2.022749477896002,True,True,True,False,False,False,3.14,14.69,85.07462686567165,94.45612844866577,95.44776119402985,1,EARLY ENTRY,93.02764586160109,LEADER
UNG,11.1192,10.65936,10.572973,4.313955059215568,5.166257399881746,0.8170549570116092,1.3229426405469535,0.9674295410654121,True,True,True,False,False,False,6.2,9.12,94.02985074626866,67.96472184531886,95.37313432835822,2,EARLY ENTRY,76.29308005427409,EMERGING
IGV,111.429604,107.657001,106.52532,3.504280227906409,4.60386694919106,1.0623586955664566,1.6742588426179594,0.9910125142206905,True,True,True,False,False,False,2.77,10.11,88.05970149253731,86.74694708276797,93.5820895522388,3,EARLY ENTRY,90.4540366350068,LEADER
CPER,40.279999,39.891462,39.840333,0.9739853605766458,1.1035700931515624,0.1283347706958038,0.005121658954232444,-0.11866575497297971,True,True,True,True,True,False,1.92,3.18,62.68656716417911,72.92288557213931,87.65671641791046,4,EARLY ENTRY,76.62126865671642,LEADER
SKYY,172.309998,166.624791,164.512666,3.4119814739932863,4.739654513896219,1.2838677114380914,1.6940110431320488,0.9988595251907428,True,True,True,False,False,False,2.48,10.02,52.23880597014925,92.2003618272275,86.41791044776119,5,BUILDING,82.16180461329715,LEADER
XOP,194.820007,187.262599,188.498473,4.035727390497246,3.3536261060321815,-0.6556413854875043,1.274109147140301,0.49219878338946366,True,True,False,False,False,False,5.35,0.06,98.50746268656717,84.53527815468114,85.49253731343285,6,EARLY ENTRY,92.59311397557668,LEADER
XLE,65.684998,63.37471,63.54305,3.645441533381355,3.3708611720715265,-0.26492275709145696,1.080941809776137,0.5171464940989079,True,True,False,False,False,False,4.56,1.76,95.52238805970148,85.27815468113977,85.11940298507463,7,EARLY ENTRY,92.03188602442334,LEADER
UUP,29.045,28.713072,28.478167,1.156017022490663,1.9904125149627916,0.8248599707979754,0.6414919509090344,0.6023103210872183,True,True,True,False,False,False,0.54,3.62,83.5820895522388,64.36906377204885,82.98507462686568,8,EARLY ENTRY,79.04070556309362,EMERGING
XLU,41.125,40.742034,41.080369,0.9399776162378304,0.108643133171471,-0.8235928942118331,0.3116844081125558,-0.7999705396911305,True,True,False,False,True,False,3.25,-2.57,97.01492537313432,35.733830845771145,81.05970149253731,9,EARLY ENTRY,52.684701492537314,WATCH
XLY,112.514999,111.374144,111.941131,1.024344573189273,0.5126516007775583,-0.5065046198255763,0.14830605672655484,-0.8354963523484638,True,True,False,False,True,False,2.25,0.72,91.04477611940298,48.17842605156039,80.16417910447761,10,EARLY ENTRY,56.493724559023065,WATCH
XLV,169.949997,168.495207,168.630359,0.8634014141422952,0.7825625277830373,-0.08014689691789867,-0.03593172709623893,-0.49241544691014383,True,True,False,True,True,False,2.27,2.98,70.1492537313433,74.02532790592491,79.92537313432837,11,EARLY ENTRY,79.3561736770692,LEADER
VOO,713.684998,707.25387,704.324019,0.90930969384444,1.3290728056229995,0.415980560219964,0.5784783078139677,0.25788029602518137,True,True,True,False,False,False,0.87,2.71,61.19402985074627,71.64970601537766,78.61940298507464,12,EARLY ENTRY,75.60057666214382,LEADER
ONLN,56.77,55.571397,55.888,2.156870377039488,1.5781563126252562,-0.5664954909819664,0.28012766889427,-1.0037558099492472,True,True,False,False,False,False,4.97,2.18,100.0,56.03912256897332,78.01492537313433,13,EARLY ENTRY,67.71760515603799,WATCH
SPY,776.359985,769.441808,766.267505,0.8991163370732691,1.3170961751797217,0.4142552019088974,0.577041248927479,0.25575433884368337,True,True,True,False,False,False,0.87,2.7,59.70149253731343,70.30303030303031,77.79850746268656,14,EARLY ENTRY,74.54681139755766,LEADER
XLP,83.205002,82.304755,82.723566,1.0937970716272671,0.5819816810121337,-0.5062777395258844,0.03682674000300423,-0.6933435439992586,True,True,False,False,False,False,3.32,0.8,92.53731343283582,59.82700135685211,75.32835820895522,15,EARLY ENTRY,69.6833446404342,EMERGING
QQQ,749.940002,740.196761,729.443339,1.3163041927982677,2.8099047457337933,1.474195653735344,1.2008881900227308,0.9775942729863818,True,True,True,False,False,False,0.05,5.93,43.28358208955223,75.99163274536409,74.70149253731343,16,BUILDING,72.1813093622795,LEADER
ARKG,51.470001,51.341141,50.116333,0.2509877994335996,2.7010515713510097,2.4439298062769232,0.37791229022796635,0.8437793025735774,True,True,True,True,True,False,-4.69,13.42,2.985074626865672,80.2159656264134,73.34328358208955,17,BUILDING,61.99270691994573,WEAKENING
IBIT,47.044998,46.627433,46.009167,0.8955350383539118,2.2513578652706423,1.3437887280158822,1.1023889448479762,1.0820212297179,True,True,True,True,False,False,-1.44,7.7,19.402985074626866,64.13048394391679,72.98507462686567,18,BUILDING,59.67961329715061,WEAKENING
AIQ,66.355003,65.52091,64.900834,1.2730180334796781,2.240601407371745,0.9554206961346567,0.9363767816344071,0.8340578454717251,True,True,True,False,False,False,0.19,5.19,34.32835820895522,78.76752600633198,72.27611940298506,19,BUILDING,70.74389416553595,LEADER
XLK,198.039993,195.2917,191.588227,1.40727588525269,3.367516940380688,1.9330378792012048,1.5303108542620736,1.494940704002734,True,True,True,False,False,False,-0.89,7.05,25.37313432835821,80.7157394843962,71.4179104477612,20,BUILDING,68.93402306648575,WEAKENING
PDBC,19.719999,19.419837,19.433333,1.5456463409038834,1.4751252397105619,-0.0694476855822912,0.3378707236436185,0.9698614310727383,True,True,False,False,False,False,1.44,-1.65,50.74626865671642,76.92107643600181,70.49253731343283,21,BUILDING,74.83836499321575,LEADER
SMH,604.73999,602.407469,584.813334,0.38719988048487863,3.407353225636256,3.0085044196341615,1.822542944832195,1.8083573964265742,True,True,True,False,False,False,-4.1,7.94,8.955223880597014,72.90140208050656,66.49253731343285,22,BUILDING,60.49219810040705,WEAKENING
PEJ,63.099998,62.945098,63.083435,0.24608747133891828,0.026255704052902118,-0.21929211686079197,-0.009308833711474396,-1.338833263543382,True,True,False,False,False,False,0.94,1.2,86.56716417910447,53.15355042966983,64.26865671641791,23,BUILDING,64.88924694708277,EMERGING
SHY,81.18,81.10895,81.144533,0.08759822436366083,0.04370842826837418,-0.04385138306237657,0.037083638658397255,-0.08143880600910425,True,True,False,False,False,False,0.16,0.0,71.64179104477611,47.537313432835816,63.61194029850746,24,BUILDING,62.88432835820895,EMERGING
BOTZ,35.419998,35.508316,35.399833,-0.24872483392341938,0.05696354556248284,0.3064505982274035,0.17011390257293257,-0.058347567086847185,False,True,True,False,True,False,-1.69,1.9,40.298507462686565,43.47806422433288,59.17164179104478,25,EARLY WATCH,35.404681139755766,WATCH
PPH,110.080002,109.925858,110.731648,0.14022542357594592,-0.588491196301899,-0.7276962047923274,-0.5301671301844668,-1.027270339670272,True,False,False,True,False,False,1.87,0.77,76.11940298507463,60.20691994572592,59.007462686567166,26,NO SIGNAL,66.17893487109905,EMERGING
RSP,212.389999,211.893867,213.063353,0.23414174606573024,-0.31603463970644174,-0.5488912023270398,-0.0578035418200229,-0.7217225215532586,True,False,False,False,False,False,1.27,0.01,79.1044776119403,61.07756671189507,56.9179104477612,27,NO SIGNAL,62.46624830393487,WATCH
SOXX,560.840027,560.987088,542.658377,-0.02621468535475291,3.3504780854050953,3.3775781922555703,1.7086304620232973,1.9186193335995805,False,True,True,False,False,False,-4.76,8.46,5.970149253731343,68.05630936227952,55.0223880597015,28,EARLY WATCH,53.66638398914519,WEAKENING
USO,148.059998,146.692336,147.668334,0.9323336428427975,0.2652322196578849,-0.6609392640672507,-0.34551207633988223,1.7943639105397757,True,True,False,False,False,False,0.47,-6.52,22.388059701492537,69.4776119402985,51.44776119402985,29,NO SIGNAL,62.981343283582085,WEAKENING
DBA,28.445,28.482272,28.7085,-0.13086034709589578,-0.9178466307887878,-0.7880174861103928,0.05394332143320302,0.03194150888454761,False,False,False,False,False,False,0.83,-2.98,46.26865671641791,54.9864314789688,45.1044776119403,30,EARLY WATCH,56.12449118046133,WATCH
XLC,111.339996,111.697548,111.96451,-0.3201072954618467,-0.5577785317865458,-0.2384344824980733,-0.06642373655799672,-0.034148266546685235,False,False,False,False,False,False,0.92,0.19,58.2089552238806,43.675938489371326,42.910447761194035,31,NO SIGNAL,42.11685888738128,WATCH
XLB,49.465,49.769475,50.37809,-0.6117705682047059,-1.8124744308487983,-1.2080946300266682,-0.5063574149603678,-1.269238138062434,False,False,False,False,False,False,1.24,-2.1,80.59701492537313,43.47693351424695,40.52238805970149,32,NO SIGNAL,43.743724559023065,WATCH
SRVR,28.879999,29.063076,29.494493,-0.6299298807875608,-2.083419436977596,-1.4627035630007224,-0.88927625660018,-1.3813205353433,False,False,False,False,False,False,2.12,-3.83,89.55223880597015,33.95409317051108,40.07462686567165,33,NO SIGNAL,42.14501356852103,LAGGING
TIP,104.339996,104.792958,105.403666,-0.43224469338865035,-1.0091394733841574,-0.5793992023009897,-0.32144973246257535,-0.4943643771339046,False,False,False,False,False,False,0.22,-1.87,67.16417910447761,37.67412935323383,38.73134328358209,34,NO SIGNAL,37.1026119402985,WATCH
PAVE,53.349998,53.644344,53.654,-0.5486990389890867,-0.566597085026288,-0.017996794274433014,0.03387897731137457,-0.7130602444704426,False,False,False,False,False,False,-0.98,-0.02,49.25373134328358,40.20578923563998,37.17910447761194,35,EARLY WATCH,32.868724559023065,WATCH
BATT,14.655,14.705708,14.923733,-0.3448184881679972,-1.8007089781089003,-1.460928039921383,-0.42669221615271313,-1.5519955142159758,False,False,False,False,False,False,0.55,-3.14,82.08955223880598,44.49909543193125,37.01492537313433,36,NO SIGNAL,44.651458616010856,WATCH
IEF,89.214996,89.788627,90.398972,-0.6388682165726967,-1.3097228583528575,-0.6751680760263445,-0.436409889398226,-0.6157135445798878,False,False,False,False,False,False,0.19,-1.82,65.67164179104478,34.82813206693804,36.97761194029851,37,NO SIGNAL,35.37415196743555,LAGGING
XLF,54.455002,54.715217,55.594045,-0.4755806780406324,-2.0488579307370025,-1.5807952092710575,-0.7328144355232769,-1.1147570550883557,False,False,False,False,False,False,1.8,-3.91,56.71641791044776,44.99547715965627,33.88059701492538,38,NO SIGNAL,44.76289009497965,WATCH
DIA,513.26001,515.310456,519.096095,-0.3979049864262896,-1.1242783477305895,-0.7292751836247113,-0.35160665947548964,-0.6495738960037634,False,False,False,False,False,False,0.42,-1.21,41.7910447761194,49.55506558118499,33.88059701492537,39,NO SIGNAL,42.33709294436906,WATCH
OIH,389.470001,393.219905,403.698668,-0.9536404318087555,-3.5245761573828083,-2.595689267917034,-0.7813023926487972,-0.866834846705844,False,False,False,False,False,False,1.77,-7.32,64.17910447761194,44.07055630936228,33.88059701492537,39,NO SIGNAL,39.08548168249661,WATCH
ETHE,20.0,20.735891,20.62681,-3.548875715058486,-3.0388121090949016,0.5288311668163903,-0.3078041572671997,0.7512132800768789,False,False,True,False,False,False,-6.67,1.06,4.477611940298507,53.81727725011307,33.552238805970156,41,NO SIGNAL,43.06105834464043,WATCH
AMLP,53.095001,53.40727,54.256833,-0.5846938066671359,-2.1413560942637355,-1.5658175256930362,-0.5580596059130971,-0.6297230879930948,False,False,False,False,False,False,0.86,-4.76,53.73134328358209,52.25802804161013,33.43283582089553,42,NO SIGNAL,47.13551560379919,WATCH
XLRE,41.189999,41.608758,42.231704,-1.0064203310274245,-2.4666421227047874,-1.475067167547861,-1.105676765391228,-1.4972375556589257,False,False,False,False,False,False,0.93,-3.52,68.65671641791045,34.42220714608774,32.46268656716418,43,NO SIGNAL,36.08700814111262,LAGGING
BETZ,16.85,17.323316,18.079467,-2.7322482600905973,-6.800349811197415,-4.18237440296223,-2.3416272565786933,-2.7190661185484966,False,False,False,False,False,False,3.74,-12.17,77.61194029850746,18.004296698326552,31.044776119402986,44,NO SIGNAL,31.385515603799185,LAGGING
XLI,168.589996,170.058988,170.522216,-0.8638132081557393,-1.1331192177328808,-0.27165258044733465,-0.3344132632184138,-0.9271977110180796,False,False,False,False,False,False,-0.8,-0.88,37.3134328358209,37.65264586160109,29.32835820895522,45,NO SIGNAL,28.13772048846676,WATCH
GLD,383.950012,387.099461,393.051001,-0.8136020111895736,-2.3154727953485055,-1.5141902666213958,-1.1489213083822225,-1.8460374674484248,False,False,False,False,False,False,1.0,-3.13,55.223880597014926,38.86024423337856,29.17910447761194,46,NO SIGNAL,34.05427408412483,WATCH
DRAM,57.360001,59.467186,59.097667,-3.5434415881054115,-2.9403292688356064,0.6252683375808976,-0.641244335911173,0.7999499630445328,False,False,True,False,False,False,-7.15,-2.05,1.4925373134328357,,28.029850746268657,47,NO SIGNAL,,WATCH
CORN,19.040199,19.326585,19.687007,-1.4818241298191093,-3.2854562402502285,-1.8307607652092606,-0.931988223945146,-0.4063572966570672,False,False,False,False,False,False,1.01,-4.85,23.88059701492537,52.57349615558572,27.537313432835823,48,NO SIGNAL,43.32225237449119,WATCH
AWAY,16.889999,17.201,17.6424,-1.8080402302191767,-4.264731555797397,-2.5019271754409766,-1.5602931043560475,-3.047930945665722,False,False,False,False,False,False,0.79,-4.48,73.13432835820896,31.508367254635917,27.16417910447761,49,NO SIGNAL,36.11906377204885,LAGGING
VNQ,89.855003,91.01778,92.347147,-1.2775273138940557,-2.698669185741076,-1.4395322900446539,-1.1320719055237571,-1.4896988483859341,False,False,False,False,False,False,0.4,-3.7,47.76119402985074,31.138625056535503,25.223880597014926,50,NO SIGNAL,28.3407394843962,LAGGING
TLT,77.525902,78.74853,79.867931,-1.5525724734163249,-2.932377201557901,-1.4015650411677738,-1.0874988781856887,-1.0054399335163833,False,False,False,False,False,False,0.06,-3.64,44.776119402985074,23.76639529624605,25.149253731343286,51,NO SIGNAL,24.127713704206244,LAGGING
AIRR,103.940002,105.916496,105.958,-1.8660870352055325,-1.9045263217501218,-0.039170237263819185,-0.43806351304767066,-1.164113948846146,False,False,False,False,False,False,-2.6,-1.16,38.80597014925373,23.432835820895523,24.402985074626862,52,NO SIGNAL,22.186567164179102,LAGGING
IBB,204.710007,206.035336,207.131894,-0.6432532524420997,-1.169248710679005,-0.5294008463998301,-0.7147571694661181,-0.8436855183773462,False,False,False,False,False,False,-0.28,1.03,14.925373134328357,67.63794663048394,24.253731343283583,53,NO SIGNAL,47.41468792401628,WEAKENING
SLX,103.379997,104.597972,106.324667,-1.1644346221167612,-2.7695078508922166,-1.6239834543756548,-0.7002401676759251,-0.7517352678826028,False,False,False,False,False,False,-0.14,-4.83,32.83582089552239,49.50248756218905,24.17910447761194,54,NO SIGNAL,39.62686567164179,WATCH
IAI,177.494995,180.415864,184.446148,-1.6189646161049454,-3.768662601725903,-2.1850735532845,-1.2172258308498218,-1.5759185154318178,False,False,False,False,False,False,0.91,-6.21,35.82089552238806,32.45024875621891,21.865671641791046,55,NO SIGNAL,25.34888059701493,LAGGING
IWM,278.25,282.478109,285.317481,-1.4967917390016239,-2.477058529757592,-0.9951622978193742,-0.7078026013330962,-1.0835561428683693,False,False,False,False,False,False,-1.16,-3.03,29.850746268656717,41.40773405698779,21.64179104477612,56,NO SIGNAL,35.08870420624152,WATCH
VIXY,16.295,16.820696,17.020167,-3.1252927940675024,-4.260633870396213,-1.171968524163125,-1.8820999465040233,-1.5454437072508487,False,False,False,False,False,False,-2.54,-10.27,74.6268656716418,6.125056535504296,20.373134328358212,57,NO SIGNAL,25.14433514246947,LAGGING
WEAT,24.834999,25.344539,26.026833,-2.010452823781883,-4.579250959961212,-2.621502201209036,-0.8999248162988582,-0.7190448429550744,False,False,False,False,False,False,0.34,-7.02,16.417910447761194,51.44052464947988,20.223880597014926,58,NO SIGNAL,40.5736092265943,WATCH
SLV,54.955002,56.182779,57.510833,-2.18532621891131,-4.444086212418441,-2.309224072619509,-1.8880465264454638,-2.1991140058499448,False,False,False,False,False,False,0.39,-4.43,31.343283582089555,33.34464043419267,17.537313432835823,59,NO SIGNAL,24.408073270013567,LAGGING
REZ,87.010002,88.882385,90.269334,-2.1065850111920414,-3.6106746949080226,-1.5364564448874796,-1.3959235719100405,-1.5665160642515552,False,False,False,False,False,False,-0.79,-4.87,28.35820895522388,25.846901854364543,15.82089552238806,60,NO SIGNAL,20.13856852103121,LAGGING
COPX,85.019997,85.965247,87.635667,-1.0995722492369575,-2.9847094106101757,-1.9060960647449554,-1.0503116943634816,-2.0126198645111004,False,False,False,False,False,False,-1.04,-4.05,20.8955223880597,51.43147896879241,15.298507462686565,61,NO SIGNAL,41.9128222523745,WATCH
XBI,152.949997,155.15443,157.430998,-1.4207992643200718,-2.8463269984479123,-1.4460735362930244,-1.397477199858299,-1.584917256213647,False,False,False,False,False,False,-0.96,-2.47,17.91044776119403,53.99592944369064,15.07462686567164,62,NO SIGNAL,42.171302578019,WATCH
ITA,205.464996,211.535336,215.139938,-2.8696576727020195,-4.497046011047933,-1.675468550148973,-1.7557672735365681,-2.199218095388278,False,False,False,False,False,False,-1.12,-5.78,26.86567164179105,13.242876526458616,12.46268656716418,63,NO SIGNAL,14.01899592944369,LAGGING
KRE,69.025002,70.828698,71.833913,-2.5465609998930105,-3.910285382894285,-1.399359937415623,-1.1763812595162793,-1.0470710371421332,False,False,False,False,False,False,-2.48,-5.95,11.940298507462686,24.247512437810943,12.014925373134329,64,NO SIGNAL,14.49347014925373,LAGGING
KBE,62.974998,64.74766,65.850776,-2.737800871877061,-4.367113304784742,-1.6751753996034902,-1.2926555956471852,-1.1846581873548478,False,False,False,False,False,False,-2.15,-6.81,13.432835820895525,22.178878335594757,11.268656716417912,65,NO SIGNAL,14.010345997286295,LAGGING
KBWD,10.62,11.188485,11.558026,-5.080982814027102,-8.115797628418564,-3.197267422655048,-2.6943994740089794,-2.30356979991887,False,False,False,False,False,False,-2.39,-10.32,10.44776119402985,8.605834464043419,5.820895522388059,66,NO SIGNAL,7.006953867028493,LAGGING
LITP,8.61,9.519426,10.181367,-9.553370129669581,-15.433752658164668,-6.501494347468273,-4.605057659798928,-5.039328305943469,False,False,False,False,False,False,-3.88,-21.1,7.462686567164178,3.4441429217548616,3.3582089552238803,67,NO SIGNAL,3.7886702849389415,LAGGING
