Ticker,Price,Return_1W,Return_2W,Return_1M,Return_3M,Return_6M,Return_9M,Return_12M,Momentum_Score,Momentum_Rank,Acceleration_Raw,Acceleration_Score,Acceleration_Rank,Trend_Score,Trend_Structure,Rotation_Readiness_Score,Rotation_Readiness_Rank,Rotation_State,EMA20,MA30,MA50,MA100,MA200,Pct_Above_EMA20,Pct_Above_30,Pct_Above_50,Pct_Above_100,Pct_Above_200,AboveEMA20,Above30,Above50,Above100,Above200,Major_MAs_Above
CIBR,108.129997,6.04,5.42,14.32,17.97,65.86,51.56,41.74,94.97738579828132,1,1.3881666666666668,94.02985074626866,5,100.0,Strong Uptrend,95.9487788331072,1,LEADER,102.05908,99.610191,98.136808,92.773996,80.196813,0.059484,0.085531,0.101829,0.165521,0.348308,Yes,True,True,True,True,4
SMH,632.5,4.22,4.12,11.55,6.66,58.16,67.51,88.45,89.99095431931254,3,0.8238333333333332,88.05970149253731,9,100.0,Strong Uptrend,91.91383989145183,2,LEADER,599.160482,579.731667,572.979802,585.690101,502.36344,0.055644,0.091022,0.103878,0.079923,0.259049,Yes,True,True,True,True,4
IGV,111.160004,5.65,4.13,6.3,20.2,38.11,7.29,-3.18,84.5703301673451,6,1.4354999999999998,95.52238805970148,4,100.0,Strong Uptrend,91.71336499321575,3,LEADER,106.717201,105.982,103.824,98.303847,93.648881,0.041632,0.048857,0.070658,0.13078,0.186987,Yes,True,True,True,True,4
XLK,202.0,3.86,2.92,7.99,11.49,47.33,40.18,42.62,88.55382180009046,5,0.5183333333333335,83.5820895522388,12,100.0,Strong Uptrend,89.92384667571235,4,LEADER,194.006873,190.099401,187.193894,185.066532,165.194081,0.0412,0.062602,0.079095,0.091499,0.222804,Yes,True,True,True,True,4
XOP,188.460007,5.5,3.77,-0.79,16.8,5.43,49.73,44.38,76.32293080054274,12,2.0919999999999996,100.0,1,100.0,Strong Uptrend,89.34531886024423,5,LEADER,185.463387,187.628977,183.222702,173.342553,163.003528,0.016157,0.004429,0.028584,0.087211,0.156171,Yes,True,True,True,True,4
XLE,63.75,3.59,3.19,0.11,15.34,7.37,38.65,47.49,78.48258706467662,11,1.3786666666666667,92.53731343283582,6,100.0,Strong Uptrend,88.07835820895522,6,LEADER,62.862163,63.256095,62.019807,59.121,56.081426,0.014124,0.007808,0.027897,0.078297,0.13674,Yes,True,True,True,True,4
SKYY,171.009995,5.08,2.16,5.85,23.16,53.61,33.01,26.62,90.48281320669382,2,0.18349999999999994,71.64179104477611,20,100.0,Strong Uptrend,87.20980325644506,7,LEADER,165.047368,163.574,160.228599,147.9324,133.1789,0.036127,0.04546,0.067288,0.156001,0.284062,Yes,True,True,True,True,4
QQQ,759.659973,2.94,1.63,5.77,6.89,29.34,23.34,26.53,81.06739032112166,8,0.48516666666666663,80.59701492537313,14,100.0,Strong Uptrend,85.65943012211669,8,LEADER,736.23928,725.633974,719.243995,717.867853,668.781196,0.031811,0.046891,0.056192,0.058217,0.135887,Yes,True,True,True,True,4
SOXX,589.450012,3.88,2.91,13.46,4.95,69.69,85.65,111.22,89.69923111714158,4,0.15900000000000003,67.16417910447761,23,100.0,Strong Uptrend,85.513907734057,9,LEADER,558.441028,537.556178,532.244194,550.368621,457.6957,0.055528,0.096537,0.10748,0.071009,0.287864,Yes,True,True,True,True,4
PDBC,19.459999,1.94,0.52,2.37,17.09,11.07,43.83,51.43,78.71212121212123,10,0.17666666666666675,70.1492537313433,21,100.0,Strong Uptrend,81.46523066485754,10,LEADER,19.355497,19.299667,18.6818,17.943,16.844579,0.005399,0.008308,0.041655,0.084545,0.155268,Yes,True,True,True,True,4
DBA,28.85,2.12,1.05,0.0,4.45,6.81,11.74,12.08,65.51108095884214,20,0.5973333333333334,85.07462686567165,11,100.0,Strong Uptrend,80.00237449118046,11,EMERGING,28.502804,28.722333,28.3644,27.8175,27.154839,0.012181,0.004445,0.01712,0.037117,0.062426,Yes,True,True,True,True,4
AIQ,67.050003,3.07,0.49,4.24,7.16,40.13,28.82,33.66,81.45409317051109,7,-0.20150000000000023,55.223880597014926,31,100.0,Strong Uptrend,78.22150610583446,12,LEADER,65.283496,64.636334,63.5766,63.4374,57.500238,0.027059,0.037342,0.054633,0.056948,0.166082,Yes,True,True,True,True,4
VOO,716.200012,1.96,0.74,1.42,4.78,18.83,14.22,17.74,73.40569877883311,15,0.13666666666666666,65.67164179104478,24,100.0,Strong Uptrend,77.73405698778834,13,LEADER,705.212561,703.398537,702.060101,692.089571,659.947893,0.01558,0.018199,0.020141,0.034837,0.085237,Yes,True,True,True,True,4
SPY,779.090027,1.95,0.74,1.41,4.78,18.78,14.17,17.68,72.43215739484395,16,0.1348333333333332,64.17910447761194,25,100.0,Strong Uptrend,76.84820217096336,14,LEADER,767.211274,765.263342,763.819869,753.030318,718.129668,0.015483,0.018068,0.019992,0.034606,0.084888,Yes,True,True,True,True,4
UUP,28.9,0.52,1.47,2.92,1.9,4.14,6.76,8.72,57.490954319312536,25,0.49983333333333335,82.08955223880598,13,100.0,Strong Uptrend,75.49779511533244,15,EMERGING,28.60492,28.375333,28.2782,28.2108,27.755895,0.010316,0.01849,0.021989,0.02443,0.04122,Yes,True,True,True,True,4
IBIT,48.490002,2.45,-0.7,7.21,37.64,24.02,-9.3,-30.54,74.12596110357306,14,-0.5074999999999998,43.28358208955223,39,100.0,Strong Uptrend,71.34175712347354,16,LEADER,46.555164,45.807667,42.4436,40.0252,41.911875,0.04156,0.058556,0.142457,0.211487,0.156951,Yes,True,True,True,True,4
USO,144.910004,1.09,0.58,2.08,29.14,4.95,106.37,102.08,76.19289914066034,13,-0.07466666666666644,58.2089552238806,29,70.0,Uptrend,69.24949118046133,17,WATCH,146.706071,145.800334,137.916,131.4766,115.9465,-0.012243,-0.006107,0.050712,0.102173,0.249801,No,False,True,True,True,3
PAVE,54.650002,3.29,2.02,-0.92,-2.48,6.33,10.73,14.94,58.79918588873813,23,1.2763333333333333,89.55223880597015,8,60.0,Mixed,68.3253052917232,18,EMERGING,53.765373,53.921,55.351,56.10533,54.354696,0.016453,0.01352,-0.012665,-0.025939,0.005433,Yes,True,False,False,True,2
BOTZ,36.169998,2.64,0.44,0.61,0.5,8.38,-3.78,-1.1,58.71664405246496,24,0.6448333333333334,86.56716417910447,10,50.0,Mixed,64.89263907734058,19,WATCH,35.581572,35.4565,35.8493,36.737737,36.866445,0.016537,0.020123,0.008946,-0.015454,-0.018891,Yes,True,True,False,False,2
ARKG,51.75,-4.08,-2.12,9.78,23.6,90.54,72.62,72.27,80.73835368611488,9,-4.676333333333334,2.9850746268656714,66,100.0,Strong Uptrend,62.2277815468114,20,WEAKENING,51.689643,50.065667,47.2332,41.8776,35.603075,0.001168,0.033642,0.095628,0.235744,0.453526,Yes,True,True,True,True,4
CPER,40.029999,0.25,-3.38,0.2,7.98,17.46,8.87,27.81,65.96901854364542,18,-1.475,22.388059701492537,53,100.0,Strong Uptrend,61.4024762550882,21,WEAKENING,39.900272,39.882,39.8344,39.1316,37.516,0.003251,0.003711,0.00491,0.022958,0.067011,Yes,True,True,True,True,4
ETHE,21.6,-0.05,-2.31,9.31,54.28,26.75,-17.66,-41.19,68.15015829941204,17,-1.923333333333333,13.432835820895523,59,100.0,Strong Uptrend,59.69742198100408,22,WEAKENING,20.956256,20.607118,18.738631,16.768978,18.11903,0.030718,0.048182,0.152699,0.288093,0.192117,Yes,True,True,True,True,4
AMLP,53.450001,2.28,-0.41,-4.07,2.18,5.29,19.31,24.05,55.462460425147,28,0.16533333333333325,68.65671641791045,22,50.0,Mixed,58.05512211668929,23,WATCH,53.619007,54.492333,54.420982,53.139728,50.985729,-0.003152,-0.019128,-0.017842,0.005839,0.048333,No,False,False,True,True,2
UNG,10.74,3.77,-1.1,1.7,-7.41,-7.01,-7.65,-17.7,39.4742198100407,46,1.2981666666666665,91.04477611940298,7,50.0,Mixed,57.57683175033921,24,WATCH,10.543688,10.51,10.2896,10.782,11.3386,0.018619,0.021884,0.043772,-0.003895,-0.052793,Yes,True,True,False,False,2
AIRR,108.089996,4.02,1.89,-0.58,-11.81,-4.71,3.46,11.46,42.55766621438263,42,2.003333333333333,98.50746268656717,2,30.0,Downtrend,56.20318860244233,25,WATCH,106.528547,106.761,111.8774,119.3589,117.191008,0.014658,0.012448,-0.033853,-0.094412,-0.07766,Yes,True,False,False,False,1
WEAT,25.49,1.76,-1.92,-3.78,12.29,11.55,26.25,22.84,65.54952510176392,19,-0.7308333333333332,40.298507462686565,41,50.0,Mixed,54.086838534599735,26,WATCH,25.524862,26.205,25.524,24.5244,23.2363,-0.001366,-0.027285,-0.001332,0.039373,0.09699,No,False,False,True,True,2
RSP,212.330002,1.35,-0.22,-2.68,0.44,10.58,10.39,12.8,57.37562189054727,26,-0.14400000000000002,56.71641791044776,30,45.0,Downtrend,54.0839552238806,27,WATCH,211.969042,213.995967,215.939909,212.529585,204.462525,0.001703,-0.007785,-0.016717,-0.000939,0.038479,Yes,False,False,False,True,1
XLI,171.580002,1.45,0.77,-1.84,-4.64,4.98,8.19,12.39,48.33672546359113,33,0.4468333333333332,79.1044776119403,15,30.0,Downtrend,52.9828697421981,28,WATCH,170.674477,171.564522,175.993769,176.554012,171.657519,0.005306,9e-05,-0.025079,-0.028173,-0.000452,Yes,True,False,False,False,1
OIH,391.459991,2.95,-0.91,-8.44,3.61,-4.0,25.6,51.58,48.47354138398915,32,0.3086666666666668,74.6268656716418,18,30.0,Downtrend,51.70115332428766,29,WATCH,395.714551,405.966002,403.9254,403.365999,389.1758,-0.010752,-0.035732,-0.030861,-0.029517,0.005869,No,False,False,False,True,1
PEJ,62.939999,0.41,0.91,-2.77,-3.81,7.91,2.21,5.6,47.9929895974672,34,0.011833333333333251,61.19402985074627,27,45.0,Downtrend,51.20505427408412,30,WATCH,62.916226,63.567945,65.207406,64.685537,62.473722,0.000378,-0.009878,-0.034772,-0.026985,0.007464,Yes,False,False,False,True,1
SHY,81.129997,0.26,0.06,-0.39,0.03,0.3,0.51,1.56,46.93916779737676,37,0.06300000000000001,62.68656716417911,26,45.0,Downtrend,51.17859565807328,31,WATCH,81.083847,81.183469,81.275054,81.170747,81.024033,0.000569,-0.000659,-0.001785,-0.000502,0.001308,Yes,False,False,False,True,1
SLX,105.040001,2.47,-1.58,-5.36,7.92,13.13,20.09,43.49,63.3118498417006,21,-0.49166666666666653,44.776119402985074,38,30.0,Downtrend,49.42316824966079,32,WATCH,105.28971,106.973667,107.1786,105.7567,100.469277,-0.002372,-0.018076,-0.019954,-0.006777,0.045494,No,False,False,False,True,1
BATT,14.84,3.27,-1.33,-4.48,2.98,-0.07,2.27,13.21,47.33943916779737,35,0.37716666666666676,77.61194029850746,16,15.0,Strong Downtrend,48.336329715061055,33,WATCH,14.768729,15.0759,15.09856,15.41949,15.443796,0.004826,-0.015647,-0.017125,-0.037582,-0.039096,Yes,False,False,False,False,0
XLU,41.16,3.65,1.55,-3.75,-8.59,-9.82,-1.59,-4.77,34.015151515151516,50,1.7654999999999998,97.01492537313433,3,15.0,Strong Downtrend,48.16129579375848,34,LAGGING,40.611688,41.270572,42.223751,43.347182,43.776293,0.013501,-0.002679,-0.025193,-0.050457,-0.059765,Yes,False,False,False,False,0
XLY,111.720001,2.35,-0.54,-2.56,-2.89,4.1,-6.55,-5.29,43.47354138398915,39,0.3535000000000001,76.11940298507463,17,15.0,Strong Downtrend,46.14891451831751,35,WATCH,111.189855,112.428919,114.230735,115.112997,115.813872,0.004768,-0.006305,-0.021979,-0.029475,-0.035349,Yes,False,False,False,False,0
CORN,19.290001,-1.08,-3.45,-3.89,11.31,6.87,8.01,9.54,51.3116236996834,31,-1.7985000000000002,16.417910447761194,57,70.0,Uptrend,45.51560379918589,36,WATCH,19.435176,19.766,19.1026,18.3166,18.15115,-0.00747,-0.024082,0.00981,0.053143,0.062743,No,False,True,True,True,3
COPX,86.279999,0.94,-4.11,-4.83,18.13,12.81,12.95,42.98,61.28674807779285,22,-1.7161666666666666,17.91044776119403,56,50.0,Mixed,45.45217096336499,37,WEAKENING,86.77361,88.885334,87.5926,84.281618,82.859601,-0.005688,-0.029311,-0.014985,0.023711,0.041279,No,False,False,True,True,2
XLC,111.650002,0.16,-1.66,-0.01,2.34,0.44,-4.32,-2.88,46.10018091361375,38,-0.4211666666666667,47.76119402985074,36,40.0,Mixed,45.07343962008141,38,WATCH,111.746251,112.011921,111.392927,111.170927,113.086841,-0.000861,-0.003231,0.002308,0.004309,-0.012706,No,False,True,True,False,2
XLV,167.089996,-2.13,-1.65,-2.17,3.35,14.94,9.11,17.31,57.0805065581185,27,-1.713833333333333,19.402985074626866,55,50.0,Mixed,44.007123473541384,39,WEAKENING,168.313998,169.013889,168.212863,161.062821,155.658881,-0.007272,-0.011383,-0.006675,0.037421,0.073437,No,False,False,True,True,2
DIA,514.559998,0.33,-0.66,-3.43,-1.23,11.24,6.21,11.69,52.04545454545455,30,-0.5916666666666666,41.7910447761194,40,30.0,Downtrend,43.45776797829036,40,WATCH,516.451623,521.265089,525.375573,519.009373,499.999342,-0.003663,-0.012863,-0.020586,-0.008573,0.029121,No,False,False,False,True,1
IWM,281.339996,0.84,-2.04,-4.71,-3.89,11.8,12.08,15.61,47.23767526006333,36,-0.8220000000000001,35.82089552238806,44,30.0,Downtrend,39.50322252374491,41,WATCH,284.095786,287.387842,291.663702,291.008278,275.480739,-0.0097,-0.021044,-0.035396,-0.033223,0.021269,No,False,False,False,True,1
IBB,203.100006,-3.76,-3.66,-4.16,3.45,20.56,21.48,34.77,53.682722749886935,29,-2.9938333333333333,8.955223880597014,62,50.0,Mixed,39.34379240162823,42,WATCH,207.135808,208.394069,204.452372,191.80969,181.370493,-0.019484,-0.025404,-0.006615,0.058862,0.119807,No,False,False,True,True,2
KRE,70.07,0.34,-1.57,-6.38,-3.91,6.19,7.11,13.06,37.80416101311623,48,-0.7506666666666666,38.80597014925373,42,30.0,Downtrend,36.15366350067842,43,WATCH,71.408824,72.316935,73.80374,72.868207,69.875377,-0.018749,-0.031071,-0.05059,-0.038401,0.002785,No,False,False,False,True,1
ONLN,55.34,2.52,-2.07,-3.86,-1.79,4.19,-8.99,-10.64,39.80438715513343,44,-0.06433333333333335,59.70149253731343,28,0.0,Strong Downtrend,35.82242198100407,44,WATCH,55.377356,56.188,57.5432,56.767404,57.116616,-0.000675,-0.015092,-0.038288,-0.025145,-0.031105,No,False,False,False,False,0
XLF,54.009998,0.0,-1.44,-6.71,-1.4,9.04,-2.6,2.13,40.143600180913616,43,-0.9735,32.83582089552239,46,30.0,Downtrend,35.41536635006784,45,WATCH,54.906732,55.974038,56.55094,55.001196,53.32639,-0.016332,-0.035088,-0.044932,-0.018021,0.012819,No,False,False,False,True,1
XLB,49.73,1.28,-1.58,-4.73,-0.4,0.13,8.13,12.68,42.58932609678878,41,-0.2451666666666665,53.73134328358209,32,0.0,Strong Downtrend,35.28459972862957,46,WATCH,49.94984,50.779085,51.306749,50.974151,50.292434,-0.004401,-0.02066,-0.030732,-0.024407,-0.011183,No,False,False,False,False,0
XLP,81.800003,-0.06,-1.12,-2.65,-2.43,2.03,7.79,7.71,43.0958842152872,40,-0.45766666666666667,46.26865671641791,37,0.0,Strong Downtrend,33.27374491180461,47,WATCH,82.1229,82.98557,83.829481,83.588679,82.722068,-0.003932,-0.014286,-0.02421,-0.021399,-0.011147,No,False,False,False,False,0
TIP,104.18,0.16,-1.31,-2.61,-2.87,-2.84,-2.19,-2.08,38.2722749886929,47,-0.26750000000000007,52.23880597014925,33,0.0,Strong Downtrend,32.894165535956574,48,WATCH,104.941169,105.72,106.242839,106.853002,107.012757,-0.007253,-0.014567,-0.019416,-0.025016,-0.026471,No,False,False,False,False,0
PPH,108.169998,-2.32,-3.0,-4.98,-1.63,6.47,6.78,17.36,39.5239710538218,45,-1.8835,14.925373134328357,58,30.0,Downtrend,29.76339891451832,49,WATCH,110.038693,111.328855,111.564607,108.622183,106.007367,-0.016982,-0.028374,-0.030427,-0.004163,0.020401,No,False,False,False,True,1
IEF,89.129997,-0.01,-1.89,-3.05,-3.68,-4.5,-4.71,-3.84,33.03369516056083,51,-0.41666666666666663,49.25373134328358,35,0.0,Strong Downtrend,29.641282225237447,50,LAGGING,89.973222,90.743077,91.385739,92.0408,92.794131,-0.009372,-0.017776,-0.024684,-0.031625,-0.039487,No,False,False,False,False,0
SRVR,29.02,1.75,-3.84,-5.1,-3.74,-7.75,1.8,-4.75,28.72229760289462,54,-0.3693333333333332,50.74626865671642,34,0.0,Strong Downtrend,28.148914518317504,51,LAGGING,29.216164,29.761505,30.237685,31.141318,31.187518,-0.006714,-0.024915,-0.04027,-0.068119,-0.0695,No,False,False,False,False,0
VIXY,16.1,-3.48,-2.31,-5.29,-24.16,-52.45,-37.04,-50.06,10.525780189959296,63,0.2650000000000002,73.13432835820896,19,0.0,Strong Downtrend,26.676899592944373,52,LAGGING,16.991995,17.160333,18.1162,20.4597,24.5035,-0.052495,-0.06179,-0.111293,-0.213087,-0.342951,No,False,False,False,False,0
KBE,63.91,0.13,-2.02,-7.31,-4.36,6.02,4.14,10.36,32.41180461329715,52,-0.9595,34.32835820895522,45,0.0,Strong Downtrend,24.883819538670284,53,LAGGING,65.31049,66.350373,67.722219,66.779346,64.191237,-0.021444,-0.03678,-0.056292,-0.042968,-0.004381,No,False,False,False,False,0
XBI,150.899994,-3.77,-6.78,-7.88,-7.41,17.23,25.72,46.28,34.92763455450023,49,-3.6708333333333334,4.477611940298507,65,30.0,Downtrend,24.560719131614658,54,LAGGING,156.638549,159.205999,158.172799,151.005771,139.066176,-0.036636,-0.052171,-0.04598,-0.0007,0.085095,No,False,False,False,True,1
GLD,382.269989,-0.16,-4.45,-6.02,2.09,-11.47,-6.48,6.89,26.77860696517413,57,-1.1139999999999999,31.343283582089555,47,0.0,Strong Downtrend,21.453358208955223,55,LAGGING,389.671975,397.502335,396.598401,392.7937,415.9885,-0.018995,-0.03832,-0.036128,-0.026792,-0.081056,No,False,False,False,False,0
VNQ,89.93,-0.66,-3.11,-5.53,-6.29,1.13,4.25,2.09,26.284486657620988,58,-1.1848333333333334,28.35820895522388,49,0.0,Strong Downtrend,20.33548168249661,56,LAGGING,91.606366,93.182948,95.011632,95.470037,92.772433,-0.0183,-0.034909,-0.053484,-0.058029,-0.030639,No,False,False,False,False,0
IAI,177.789993,-0.06,-3.08,-9.26,-4.31,6.78,-4.58,2.3,28.123021257349613,55,-1.4051666666666667,25.37313432835821,51,0.0,Strong Downtrend,20.26729986431479,57,LAGGING,181.749877,186.307391,187.307741,185.148875,179.681559,-0.021788,-0.045717,-0.050813,-0.039746,-0.010527,No,False,False,False,False,0
XLRE,41.099998,-0.58,-3.29,-5.65,-6.12,0.21,4.11,1.12,24.710538218000906,59,-1.1840000000000002,29.850746268656714,48,0.0,Strong Downtrend,20.074966078697422,58,LAGGING,41.860226,42.610779,43.435657,43.708114,42.540635,-0.018161,-0.035455,-0.053773,-0.059671,-0.033865,No,False,False,False,False,0
REZ,87.660004,-1.75,-2.43,-5.45,-7.76,4.24,7.94,6.29,28.021257349615553,56,-1.417,23.88059701492537,52,0.0,Strong Downtrend,19.773744911804613,59,LAGGING,89.648448,91.142463,92.792227,92.658,89.039703,-0.02218,-0.038209,-0.055309,-0.05394,-0.015495,No,False,False,False,False,0
ITA,208.259995,-0.5,-2.68,-7.58,-12.99,-6.56,-7.81,-0.37,15.494120307553143,62,-0.7638333333333335,37.3134328358209,43,0.0,Strong Downtrend,18.16638398914518,60,LAGGING,213.925524,218.145897,229.256506,231.346122,230.086876,-0.026484,-0.045318,-0.091585,-0.09979,-0.094864,No,False,False,False,False,0
SLV,55.450001,-0.05,-8.69,-7.31,4.96,-15.91,-19.73,27.41,29.393939393939394,53,-2.1053333333333333,10.44776119402985,61,0.0,Strong Downtrend,16.361601085481684,61,LAGGING,56.907314,58.326,57.8418,58.6426,65.87695,-0.025609,-0.049309,-0.041351,-0.054442,-0.158279,No,False,False,False,False,0
TLT,77.279999,-0.82,-5.09,-5.62,-7.3,-8.71,-8.56,-9.53,16.30031659882406,61,-1.3875,26.865671641791046,50,0.0,Strong Downtrend,15.39484396200814,62,LAGGING,79.176224,80.381316,80.932601,82.359321,83.654958,-0.023949,-0.038583,-0.045131,-0.061673,-0.076205,No,False,False,False,False,0
AWAY,16.754999,-0.57,-3.46,-11.72,-7.43,3.91,-19.18,-24.7,16.58412483039349,60,-1.6284999999999998,20.8955223880597,54,0.0,Strong Downtrend,13.73151289009498,63,LAGGING,17.350598,17.973233,18.75554,18.21689,18.15665,-0.034327,-0.06778,-0.106664,-0.080249,-0.077198,No,False,False,False,False,0
BETZ,16.645,1.21,-8.67,-14.06,-13.8,-8.9,-20.96,-26.28,10.085933966530982,64,-1.980833333333334,11.940298507462686,60,0.0,Strong Downtrend,8.120759837177747,64,LAGGING,17.53641,18.376333,18.74214,18.91298,18.917408,-0.050832,-0.094215,-0.111894,-0.119917,-0.120123,No,False,False,False,False,0
KBWD,10.82,-3.74,-7.68,-12.5,-8.4,-8.81,-14.2,-9.32,8.533469018543645,65,-3.233333333333333,7.462686567164178,63,0.0,Strong Downtrend,6.078867028493894,65,LAGGING,11.372664,11.727636,11.917586,11.905781,12.135239,-0.048596,-0.077393,-0.092098,-0.091198,-0.108382,No,False,False,False,False,0
LITP,9.09,-2.47,-12.49,-20.62,-21.23,-32.32,-30.77,-1.0,4.502487562189055,66,-3.4633333333333334,5.970149253731343,64,0.0,Strong Downtrend,3.8171641791044775,66,LAGGING,9.81253,10.507,10.70116,12.03184,13.069805,-0.073633,-0.134862,-0.150559,-0.244505,-0.304504,No,False,False,False,False,0
DRAM,59.52,-2.89,-6.44,-0.28,-4.06,102.17,,,,,-5.829,1.4925373134328357,67,78.57142857142857,Uptrend,,,WATCH,59.976196,58.936334,56.6986,59.374,,-0.007606,0.009903,0.049761,0.002459,,No,True,True,True,,3
