Ticker,Asset_Class,Sector,Industry_Theme,Instrument_Form,Instrument_Type,Peer_Group,Hierarchy_Level,Decision_Support_State,Detection_State,Signal_Window,ML_Quality,ML_Daily_PctRank,Confirmation_State,Structure_State,Structure_History_Status,Rotation_State,Momentum_Score,Acceleration_Score,Trend_Score,Rotation_Readiness_Score,Early_Rotation_State,Early_Rotation_Score,Pct_Above_EMA20,EMA20_Slope_5D_Pct,MA30_Slope_5D_Pct,Price,EMA20,MA30,MA50,MA100,MA200,Pct_Above_EMA20_MA,Days_Since_Price_EMA20_Cross,EMA20_Slope_5D_Pct_MA,MA30_Slope_5D_Pct_MA,PeerPct_Momentum,PeerPct_Acceleration,PeerPct_Trend,PeerPct_Rotation_Readiness,PeerPct_Early_Rotation,PeerPct_Pct_Above_EMA20,PeerPct_EMA20_Slope_5D_Pct,PeerPct_ML_Daily_PctRank,PeerPct__Rotation_State,PeerPct__Early_State,PeerPct__Decision_State,Peer_Group_Size,Peer_Comparison_Available,Peer_Relative_Read,Asset_Class_Size,AssetClass_Pct_Leader_or_Emerging,AssetClass_Pct_Early_or_Building,AssetClass_Pct_New_Detection,AssetClass_Pct_Structural_Caution,Asset_Class_Read,Sector_Size,Sector_Pct_Leader_or_Emerging,Sector_Pct_Early_or_Building,Sector_Pct_New_Detection,Sector_Pct_Structural_Caution,Sector_Read,PeerGroup_Size_Summary,Peer_Group_Read,PeerGroup_Pct_Leader_or_Emerging,PeerGroup_Pct_Early_or_Building,PeerGroup_Pct_New_Detection,PeerGroup_Pct_Structural_Caution,Asset_Current_Positive,Asset_Peer_Positive,Peer_Group_Positive,Sector_Positive,Asset_Class_Positive,Peer_Group_Negative,Sector_Negative,Asset_Class_Negative,Support_Level_Count,Caution_Level_Count,Vertical_Hierarchy_Read,Hierarchy_Path,Vertical_Context
CORN,Commodities,Agriculture,Corn,ETF,Commodity ETF,Agriculture Commodities,Commodity,● ESTABLISHED LEADER,● NEAR EMA20,OUTSIDE BULLISH EARLY WINDOW,— NO CURRENT ML SIGNAL,,▲ CONFIRMED LEADER,▲ FULL BULL STRUCTURE,FULL LONG-TERM HISTORY AVAILABLE,LEADER,72.24898236092267,83.5820895522388,100.0,82.58666892808685,EARLY ENTRY,87.01492537313432,0.02,1.435,1.776,19.92,19.53,18.946,18.46,18.154,18.0,0.02,21,1.435,1.776,1.0,1.0,0.8333333333333334,1.0,1.0,1.0,1.0,,0.8333333333333334,0.8333333333333334,0.8333333333333334,3,YES,▲ STRONG WITHIN PEERS,9,0.4444444444444444,0.3333333333333333,0.0,0.3333333333333333,▼ MIXED / CAUTION,3,0.6666666666666666,0.6666666666666666,0.0,0.0,▲ BROAD STRENGTH,3,▲ BROAD GROUP STRENGTH,0.6666666666666666,0.6666666666666666,0.0,0.0,True,True,True,True,False,False,False,True,4,1,★ STRONG HIERARCHICAL CONFIRMATION,Commodities → Agriculture → Agriculture Commodities → CORN,Asset Class: ▼ MIXED / CAUTION | Sector: ▲ BROAD STRENGTH | Peer Group: ▲ BROAD GROUP STRENGTH | Asset vs Peers: ▲ STRONG WITHIN PEERS
DBA,Commodities,Agriculture,Broad Agriculture,ETF,Commodity ETF,Agriculture Commodities,Commodity Basket,● ESTABLISHED LEADER,● NEAR EMA20,OUTSIDE BULLISH EARLY WINDOW,— NO CURRENT ML SIGNAL,,▲ CONFIRMED LEADER,▲ FULL BULL STRUCTURE,FULL LONG-TERM HISTORY AVAILABLE,LEADER,70.63319764812302,82.08955223880598,100.0,81.41180461329715,EARLY ENTRY,85.1492537313433,0.006,0.677,0.777,28.93,28.754,28.367,28.12,27.724,26.892,0.006,19,0.677,0.777,0.6666666666666666,0.6666666666666666,0.8333333333333334,0.6666666666666666,0.6666666666666666,0.6666666666666666,0.6666666666666666,,0.8333333333333334,0.8333333333333334,0.8333333333333334,3,YES,▲ ABOVE-AVERAGE WITHIN PEERS,9,0.4444444444444444,0.3333333333333333,0.0,0.3333333333333333,▼ MIXED / CAUTION,3,0.6666666666666666,0.6666666666666666,0.0,0.0,▲ BROAD STRENGTH,3,▲ BROAD GROUP STRENGTH,0.6666666666666666,0.6666666666666666,0.0,0.0,True,True,True,True,False,False,False,True,4,1,★ STRONG HIERARCHICAL CONFIRMATION,Commodities → Agriculture → Agriculture Commodities → DBA,Asset Class: ▼ MIXED / CAUTION | Sector: ▲ BROAD STRENGTH | Peer Group: ▲ BROAD GROUP STRENGTH | Asset vs Peers: ▲ ABOVE-AVERAGE WITHIN PEERS
WEAT,Commodities,Agriculture,Wheat,ETF,Commodity ETF,Agriculture Commodities,Commodity,● PULLBACK / REVIEW,▼ RECENT EMA20 BREAK,OUTSIDE BULLISH EARLY WINDOW,— NO CURRENT ML SIGNAL,,● DEVELOPING,▲ POSITIVE STRUCTURE,FULL LONG-TERM HISTORY AVAILABLE,WEAKENING,69.6935775667119,31.343283582089555,85.0,62.015094979647216,EARLY WATCH,56.88805970149254,-0.003,0.49,1.214,26.25,26.325,25.588,25.07,24.24,22.815,-0.003,0,0.49,1.214,0.3333333333333333,0.3333333333333333,0.3333333333333333,0.3333333333333333,0.3333333333333333,0.3333333333333333,0.3333333333333333,,0.3333333333333333,0.3333333333333333,0.3333333333333333,3,YES,▼ BELOW-AVERAGE WITHIN PEERS,9,0.4444444444444444,0.3333333333333333,0.0,0.3333333333333333,▼ MIXED / CAUTION,3,0.6666666666666666,0.6666666666666666,0.0,0.0,▲ BROAD STRENGTH,3,▲ BROAD GROUP STRENGTH,0.6666666666666666,0.6666666666666666,0.0,0.0,False,False,True,True,False,False,False,True,2,1,● BROADER SUPPORT / ASSET NOT ACTIVE,Commodities → Agriculture → Agriculture Commodities → WEAT,Asset Class: ▼ MIXED / CAUTION | Sector: ▲ BROAD STRENGTH | Peer Group: ▲ BROAD GROUP STRENGTH | Asset vs Peers: ▼ BELOW-AVERAGE WITHIN PEERS
PDBC,Commodities,Broad Commodities,Diversified Commodities,ETF,Commodity ETF,Broad Commodities,Commodity Basket,● ESTABLISHED LEADER,▲ ESTABLISHED ABOVE EMA20,OUTSIDE BULLISH EARLY WINDOW,— NO CURRENT ML SIGNAL,,▲ CONFIRMED LEADER,▲ FULL BULL STRUCTURE,FULL LONG-TERM HISTORY AVAILABLE,LEADER,86.59995477159656,97.01492537313432,100.0,93.07445725915876,EARLY ENTRY,96.26865671641792,0.051,2.683,1.915,19.79,18.837,18.324,17.824,17.717,16.302,0.051,25,2.683,1.915,,,,,,,,,,,,1,NO — SINGLE MEMBER,NO PEER COMPARISON YET,9,0.4444444444444444,0.3333333333333333,0.0,0.3333333333333333,▼ MIXED / CAUTION,1,1.0,1.0,0.0,0.0,▲ BROAD STRENGTH,1,SINGLE-ASSET GROUP,1.0,1.0,0.0,0.0,True,False,False,True,False,False,False,True,2,1,⚠ ISOLATED STRENGTH / BROADER CAUTION,Commodities → Broad Commodities → Broad Commodities → PDBC,Asset Class: ▼ MIXED / CAUTION | Sector: ▲ BROAD STRENGTH | Peer Group: SINGLE-ASSET GROUP | Asset vs Peers: NO PEER COMPARISON YET
UNG,Commodities,Energy,Natural Gas,ETF,Commodity ETF,Energy Commodities,Commodity,▼ STRUCTURAL CAUTION,▼ RECENT EMA20 BREAK,OUTSIDE BULLISH EARLY WINDOW,— NO CURRENT ML SIGNAL,,▼ DETERIORATING,▼ STRUCTURAL CAUTION,FULL LONG-TERM HISTORY AVAILABLE,LAGGING,25.545002261420173,76.11940298507463,15.0,38.081071913161466,NO SIGNAL,56.64925373134328,-0.013,-0.159,0.352,10.17,10.299,10.156,10.348,10.795,11.645,-0.013,2,-0.159,0.352,0.5,0.5,0.5,0.5,0.5,0.5,0.5,,0.5,0.5,0.5,2,YES,● MIDDLE OF PEER GROUP,9,0.4444444444444444,0.3333333333333333,0.0,0.3333333333333333,▼ MIXED / CAUTION,6,0.8333333333333334,0.6666666666666666,0.0,0.16666666666666666,▲ BROAD STRENGTH,2,▼ GROUP UNDER STRUCTURAL PRESSURE,0.5,0.0,0.0,0.5,False,False,False,True,False,True,False,True,1,2,▼ MULTI-LEVEL CAUTION,Commodities → Energy → Energy Commodities → UNG,Asset Class: ▼ MIXED / CAUTION | Sector: ▲ BROAD STRENGTH | Peer Group: ▼ GROUP UNDER STRUCTURAL PRESSURE | Asset vs Peers: ● MIDDLE OF PEER GROUP
USO,Commodities,Energy,Crude Oil,ETF,Commodity ETF,Energy Commodities,Commodity,● ESTABLISHED LEADER,▲ ESTABLISHED ABOVE EMA20,OUTSIDE BULLISH EARLY WINDOW,— NO CURRENT ML SIGNAL,,▲ CONFIRMED LEADER,▲ FULL BULL STRUCTURE,FULL LONG-TERM HISTORY AVAILABLE,LEADER,95.71347806422432,100.0,100.0,98.07106512890095,EXTENDED,99.1044776119403,0.112,5.735,2.919,154.9,139.359,132.23,127.619,129.549,109.123,0.112,10,5.735,2.919,1.0,1.0,1.0,1.0,1.0,1.0,1.0,,1.0,1.0,1.0,2,YES,▲ STRONG WITHIN PEERS,9,0.4444444444444444,0.3333333333333333,0.0,0.3333333333333333,▼ MIXED / CAUTION,6,0.8333333333333334,0.6666666666666666,0.0,0.16666666666666666,▲ BROAD STRENGTH,2,▼ GROUP UNDER STRUCTURAL PRESSURE,0.5,0.0,0.0,0.5,True,True,False,True,False,True,False,True,3,2,▲ ASSET LEADS MIXED PEERS,Commodities → Energy → Energy Commodities → USO,Asset Class: ▼ MIXED / CAUTION | Sector: ▲ BROAD STRENGTH | Peer Group: ▼ GROUP UNDER STRUCTURAL PRESSURE | Asset vs Peers: ▲ STRONG WITHIN PEERS
CPER,Commodities,Metals,Copper,ETF,Commodity ETF,Industrial Metals,Commodity,● PULLBACK / REVIEW,▼ RECENT EMA20 BREAK,OUTSIDE BULLISH EARLY WINDOW,— NO CURRENT ML SIGNAL,,● DEVELOPING,● LONG-TERM TREND INTACT,FULL LONG-TERM HISTORY AVAILABLE,WATCH,52.859565807327,49.25373134328358,50.0,51.062924016282224,EARLY WATCH,43.31343283582089,-0.015,0.169,0.558,39.18,39.79,39.934,39.26,38.706,36.901,-0.015,1,0.169,0.558,,,,,,,,,,,,1,NO — SINGLE MEMBER,NO PEER COMPARISON YET,9,0.4444444444444444,0.3333333333333333,0.0,0.3333333333333333,▼ MIXED / CAUTION,1,0.0,0.0,0.0,0.0,● MIXED,1,SINGLE-ASSET GROUP,0.0,0.0,0.0,0.0,False,False,False,False,False,False,False,True,0,1,● MIXED HIERARCHY,Commodities → Metals → Industrial Metals → CPER,Asset Class: ▼ MIXED / CAUTION | Sector: ● MIXED | Peer Group: SINGLE-ASSET GROUP | Asset vs Peers: NO PEER COMPARISON YET
GLD,Commodities,Precious Metals,Gold,ETF,Commodity ETF,Precious Metals,Commodity,▼ STRUCTURAL CAUTION,▼ RECENT EMA20 BREAK,OUTSIDE BULLISH EARLY WINDOW,— NO CURRENT ML SIGNAL,,— NOT CONFIRMED,▼ STRUCTURAL CAUTION,FULL LONG-TERM HISTORY AVAILABLE,WATCH,39.291044776119406,35.82089552238806,20.0,33.42723880597015,NO SIGNAL,39.07462686567164,-0.013,-0.522,1.178,398.77,403.878,403.042,391.217,399.31,415.934,-0.013,3,-0.522,1.178,1.0,1.0,0.75,1.0,0.5,1.0,0.5,,1.0,0.75,0.75,2,YES,▲ STRONG WITHIN PEERS,9,0.4444444444444444,0.3333333333333333,0.0,0.3333333333333333,▼ MIXED / CAUTION,2,0.0,0.0,0.0,1.0,▼ BROAD STRUCTURAL PRESSURE,2,▼ GROUP UNDER STRUCTURAL PRESSURE,0.0,0.0,0.0,1.0,False,True,False,False,False,True,True,True,1,3,▼ MULTI-LEVEL CAUTION,Commodities → Precious Metals → Precious Metals → GLD,Asset Class: ▼ MIXED / CAUTION | Sector: ▼ BROAD STRUCTURAL PRESSURE | Peer Group: ▼ GROUP UNDER STRUCTURAL PRESSURE | Asset vs Peers: ▲ STRONG WITHIN PEERS
SLV,Commodities,Precious Metals,Silver,ETF,Commodity ETF,Precious Metals,Commodity,▼ STRUCTURAL CAUTION,▼ RECENT EMA20 BREAK,OUTSIDE BULLISH EARLY WINDOW,● MODERATE,0.6923076923076923,▼ DETERIORATING,▼ STRUCTURAL CAUTION,FULL LONG-TERM HISTORY AVAILABLE,LAGGING,26.54228855721393,29.85074626865672,20.0,25.899253731343283,NO SIGNAL,39.22388059701493,-0.018,-0.225,1.907,58.12,59.204,58.841,56.46,60.872,65.578,-0.018,1,-0.225,1.907,0.5,0.5,0.75,0.5,1.0,0.5,1.0,,0.5,0.75,0.75,2,YES,▲ ABOVE-AVERAGE WITHIN PEERS,9,0.4444444444444444,0.3333333333333333,0.0,0.3333333333333333,▼ MIXED / CAUTION,2,0.0,0.0,0.0,1.0,▼ BROAD STRUCTURAL PRESSURE,2,▼ GROUP UNDER STRUCTURAL PRESSURE,0.0,0.0,0.0,1.0,False,True,False,False,False,True,True,True,1,3,▼ MULTI-LEVEL CAUTION,Commodities → Precious Metals → Precious Metals → SLV,Asset Class: ▼ MIXED / CAUTION | Sector: ▼ BROAD STRUCTURAL PRESSURE | Peer Group: ▼ GROUP UNDER STRUCTURAL PRESSURE | Asset vs Peers: ▲ ABOVE-AVERAGE WITHIN PEERS
UUP,Currencies,U.S. Dollar,Long U.S. Dollar,ETF,Currency ETF,Currencies,Currency,● PULLBACK / REVIEW,▼ RECENT EMA20 BREAK,OUTSIDE BULLISH EARLY WINDOW,— NO CURRENT ML SIGNAL,,— NOT CONFIRMED,● LONG-TERM TREND INTACT,FULL LONG-TERM HISTORY AVAILABLE,WATCH,52.8392130257802,86.56716417910447,50.0,62.24779511533243,NO SIGNAL,48.582089552238806,-0.0,-0.1,-0.257,28.07,28.074,28.078,28.21,28.014,27.633,-0.0,5,-0.1,-0.257,,,,,,,,,,,,1,NO — SINGLE MEMBER,NO PEER COMPARISON YET,1,0.0,0.0,0.0,0.0,● MIXED,1,0.0,0.0,0.0,0.0,● MIXED,1,SINGLE-ASSET GROUP,0.0,0.0,0.0,0.0,False,False,False,False,False,False,False,False,0,0,● MIXED HIERARCHY,Currencies → U.S. Dollar → Currencies → UUP,Asset Class: ● MIXED | Sector: ● MIXED | Peer Group: SINGLE-ASSET GROUP | Asset vs Peers: NO PEER COMPARISON YET
ETHE,Digital Assets,Crypto,Ethereum,Trust/ETF,Digital Asset Fund,Crypto Assets,Digital Asset,● ESTABLISHED LEADER,▲ ESTABLISHED ABOVE EMA20,OUTSIDE BULLISH EARLY WINDOW,— NO CURRENT ML SIGNAL,,▲ CONFIRMED LEADER,▲ FULL BULL STRUCTURE,FULL LONG-TERM HISTORY AVAILABLE,LEADER,80.48620533695161,91.04477611940298,100.0,88.53222523744913,EARLY ENTRY,95.97014925373134,0.079,3.729,4.532,20.42,18.926,17.688,16.571,16.335,18.415,0.079,48,3.729,4.532,1.0,1.0,0.75,1.0,1.0,1.0,1.0,,1.0,1.0,1.0,2,YES,▲ STRONG WITHIN PEERS,2,0.5,1.0,0.0,0.0,▲ BROAD STRENGTH,2,0.5,1.0,0.0,0.0,▲ BROAD STRENGTH,2,▲ BROAD GROUP STRENGTH,0.5,1.0,0.0,0.0,True,True,True,True,True,False,False,False,5,0,★★ BROAD MULTI-LEVEL CONFIRMATION,Digital Assets → Crypto → Crypto Assets → ETHE,Asset Class: ▲ BROAD STRENGTH | Sector: ▲ BROAD STRENGTH | Peer Group: ▲ BROAD GROUP STRENGTH | Asset vs Peers: ▲ STRONG WITHIN PEERS
IBIT,Digital Assets,Crypto,Bitcoin,ETF,Digital Asset Fund,Crypto Assets,Digital Asset,— MONITOR,▲ ESTABLISHED ABOVE EMA20,OUTSIDE BULLISH EARLY WINDOW,— NO CURRENT ML SIGNAL,,▲ EARLY CONFIRMATION,▲ FULL BULL STRUCTURE,FULL LONG-TERM HISTORY AVAILABLE,WEAKENING,58.9676616915423,32.83582089552239,100.0,61.38619402985075,BUILDING,71.044776119403,0.024,2.278,3.345,43.77,42.735,40.58,38.874,39.654,42.263,0.024,18,2.278,3.345,0.5,0.5,0.75,0.5,0.5,0.5,0.5,,0.5,0.5,0.5,2,YES,● MIDDLE OF PEER GROUP,2,0.5,1.0,0.0,0.0,▲ BROAD STRENGTH,2,0.5,1.0,0.0,0.0,▲ BROAD STRENGTH,2,▲ BROAD GROUP STRENGTH,0.5,1.0,0.0,0.0,True,False,True,True,True,False,False,False,4,0,▲ MULTI-LEVEL SUPPORT,Digital Assets → Crypto → Crypto Assets → IBIT,Asset Class: ▲ BROAD STRENGTH | Sector: ▲ BROAD STRENGTH | Peer Group: ▲ BROAD GROUP STRENGTH | Asset vs Peers: ● MIDDLE OF PEER GROUP
QQQ,Equities,Broad Market,Nasdaq-100 Growth / Tech Heavy,ETF,Market Index ETF,Large Cap Growth,Market/Style,▲ NEW DETECTION,▲ DAY 0 DETECTION,DAY 0 — DETECTION,— LOW,0.4615384615384615,▲ EARLY CONFIRMATION,▲ POSITIVE STRUCTURE,FULL LONG-TERM HISTORY AVAILABLE,WATCH,62.8561736770692,65.67164179104478,85.0,69.23677069199456,BUILDING,69.55970149253731,0.001,0.074,0.893,714.88,714.278,715.845,710.406,708.77,659.257,0.001,0,0.074,0.893,,,,,,,,,,,,1,NO — SINGLE MEMBER,NO PEER COMPARISON YET,50,0.18,0.26,0.16,0.22,● MIXED,6,0.0,0.16666666666666666,0.16666666666666666,0.0,● MIXED,1,SINGLE-ASSET GROUP,0.0,1.0,1.0,0.0,True,False,False,False,False,False,False,False,1,0,● MIXED HIERARCHY,Equities → Broad Market → Large Cap Growth → QQQ,Asset Class: ● MIXED | Sector: ● MIXED | Peer Group: SINGLE-ASSET GROUP | Asset vs Peers: NO PEER COMPARISON YET
DIA,Equities,Broad Market,Dow Jones Industrial Average,ETF,Market Index ETF,Large Cap U.S.,Market,● PULLBACK / REVIEW,▼ RECENT EMA20 BREAK,OUTSIDE BULLISH EARLY WINDOW,— NO CURRENT ML SIGNAL,,— NOT CONFIRMED,● LONG-TERM TREND INTACT,FULL LONG-TERM HISTORY AVAILABLE,WATCH,55.37539574853008,44.776119402985074,50.0,50.85176390773405,NO SIGNAL,33.07462686567164,-0.008,-0.474,0.195,525.79,529.976,533.072,528.858,516.098,497.496,-0.008,3,-0.474,0.195,0.5,0.5,0.375,0.5,0.5,0.5,0.5,,0.625,0.625,0.625,4,YES,● MIDDLE OF PEER GROUP,50,0.18,0.26,0.16,0.22,● MIXED,6,0.0,0.16666666666666666,0.16666666666666666,0.0,● MIXED,4,● MIXED GROUP,0.0,0.0,0.0,0.0,False,False,False,False,False,False,False,False,0,0,● MIXED HIERARCHY,Equities → Broad Market → Large Cap U.S. → DIA,Asset Class: ● MIXED | Sector: ● MIXED | Peer Group: ● MIXED GROUP | Asset vs Peers: ● MIDDLE OF PEER GROUP
RSP,Equities,Broad Market,S&P 500 Equal Weight,ETF,Market Index ETF,Large Cap U.S.,Market/Style,● PULLBACK / REVIEW,▼ RECENT EMA20 BREAK,OUTSIDE BULLISH EARLY WINDOW,— NO CURRENT ML SIGNAL,,— NOT CONFIRMED,● LONG-TERM TREND INTACT,FULL LONG-TERM HISTORY AVAILABLE,WATCH,49.86092265943012,34.32835820895522,50.0,45.23592265943012,NO SIGNAL,26.58208955223881,-0.015,-0.773,0.013,214.87,218.071,219.494,217.318,211.624,203.283,-0.015,4,-0.773,0.013,0.25,0.25,0.375,0.25,0.25,0.25,0.25,,0.625,0.625,0.625,4,YES,▼ BELOW-AVERAGE WITHIN PEERS,50,0.18,0.26,0.16,0.22,● MIXED,6,0.0,0.16666666666666666,0.16666666666666666,0.0,● MIXED,4,● MIXED GROUP,0.0,0.0,0.0,0.0,False,False,False,False,False,False,False,False,0,0,● MIXED HIERARCHY,Equities → Broad Market → Large Cap U.S. → RSP,Asset Class: ● MIXED | Sector: ● MIXED | Peer Group: ● MIXED GROUP | Asset vs Peers: ▼ BELOW-AVERAGE WITHIN PEERS
SPY,Equities,Broad Market,S&P 500,ETF,Market Index ETF,Large Cap U.S.,Market,● PULLBACK / REVIEW,▼ RECENT EMA20 BREAK,OUTSIDE BULLISH EARLY WINDOW,— LOW,0.0769230769230769,— NOT CONFIRMED,▲ POSITIVE STRUCTURE,FULL LONG-TERM HISTORY AVAILABLE,WATCH,64.80664857530529,61.19402985074627,70.0,65.02120081411127,NO SIGNAL,45.94776119402985,-0.001,-0.106,0.571,764.29,765.01,767.306,758.616,746.839,712.058,-0.001,3,-0.106,0.571,0.75,0.75,0.875,0.75,0.75,0.875,0.75,0.5,0.625,0.625,0.625,4,YES,▲ ABOVE-AVERAGE WITHIN PEERS,50,0.18,0.26,0.16,0.22,● MIXED,6,0.0,0.16666666666666666,0.16666666666666666,0.0,● MIXED,4,● MIXED GROUP,0.0,0.0,0.0,0.0,False,True,False,False,False,False,False,False,1,0,● MIXED HIERARCHY,Equities → Broad Market → Large Cap U.S. → SPY,Asset Class: ● MIXED | Sector: ● MIXED | Peer Group: ● MIXED GROUP | Asset vs Peers: ▲ ABOVE-AVERAGE WITHIN PEERS
VOO,Equities,Broad Market,S&P 500,ETF,Market Index ETF,Large Cap U.S.,Market,● PULLBACK / REVIEW,▼ RECENT EMA20 BREAK,OUTSIDE BULLISH EARLY WINDOW,— LOW,0.1538461538461538,— NOT CONFIRMED,▲ POSITIVE STRUCTURE,FULL LONG-TERM HISTORY AVAILABLE,WATCH,65.63545906829489,62.68656716417911,70.0,65.84192672998643,NO SIGNAL,46.47014925373135,-0.001,-0.104,0.572,702.56,703.212,705.311,697.319,686.428,654.404,-0.001,3,-0.104,0.572,1.0,1.0,0.875,1.0,1.0,0.875,1.0,1.0,0.625,0.625,0.625,4,YES,▲ STRONG WITHIN PEERS,50,0.18,0.26,0.16,0.22,● MIXED,6,0.0,0.16666666666666666,0.16666666666666666,0.0,● MIXED,4,● MIXED GROUP,0.0,0.0,0.0,0.0,False,True,False,False,False,False,False,False,1,0,● MIXED HIERARCHY,Equities → Broad Market → Large Cap U.S. → VOO,Asset Class: ● MIXED | Sector: ● MIXED | Peer Group: ● MIXED GROUP | Asset vs Peers: ▲ STRONG WITHIN PEERS
IWM,Equities,Broad Market,Russell 2000 Small Cap,ETF,Market Index ETF,Small Cap U.S.,Market,● PULLBACK / REVIEW,● NEAR EMA20,OUTSIDE BULLISH EARLY WINDOW,— NO CURRENT ML SIGNAL,,— NOT CONFIRMED,● LONG-TERM TREND INTACT,FULL LONG-TERM HISTORY AVAILABLE,WATCH,44.84056987788331,25.37313432835821,30.0,35.29019674355496,NO SIGNAL,20.78358208955224,-0.02,-0.787,-0.008,288.89,294.768,297.597,296.281,290.945,273.165,-0.02,9,-0.787,-0.008,,,,,,,,,,,,1,NO — SINGLE MEMBER,NO PEER COMPARISON YET,50,0.18,0.26,0.16,0.22,● MIXED,6,0.0,0.16666666666666666,0.16666666666666666,0.0,● MIXED,1,SINGLE-ASSET GROUP,0.0,0.0,0.0,0.0,False,False,False,False,False,False,False,False,0,0,● MIXED HIERARCHY,Equities → Broad Market → Small Cap U.S. → IWM,Asset Class: ● MIXED | Sector: ● MIXED | Peer Group: SINGLE-ASSET GROUP | Asset vs Peers: NO PEER COMPARISON YET
XLC,Equities,Communication Services,Broad Communication Services,ETF,Sector ETF,Communication Services,Sector,▲ NEW DETECTION,▲ DAY 0 DETECTION,DAY 0 — DETECTION,— LOW,0.3076923076923077,▲ EMERGING CONFIRMATION,▼ STRUCTURAL CAUTION,FULL LONG-TERM HISTORY AVAILABLE,EMERGING,52.93758480325645,89.55223880597015,70.0,68.18758480325644,EARLY ENTRY,87.91044776119404,0.008,0.01,0.564,112.6,111.705,111.587,110.898,112.136,113.635,0.008,0,0.01,0.564,,,,,,,,,,,,1,NO — SINGLE MEMBER,NO PEER COMPARISON YET,50,0.18,0.26,0.16,0.22,● MIXED,1,1.0,1.0,1.0,0.0,▲ BROAD STRENGTH,1,SINGLE-ASSET GROUP,1.0,1.0,1.0,0.0,True,False,False,True,False,False,False,False,2,0,▲ ASSET + SECTOR SUPPORT / NO PEER SET,Equities → Communication Services → Communication Services → XLC,Asset Class: ● MIXED | Sector: ▲ BROAD STRENGTH | Peer Group: SINGLE-ASSET GROUP | Asset vs Peers: NO PEER COMPARISON YET
XLY,Equities,Consumer Discretionary,Broad Consumer Discretionary,ETF,Sector ETF,Consumer Discretionary,Sector,▼ STRUCTURAL CAUTION,● NEAR EMA20,OUTSIDE BULLISH EARLY WINDOW,— NO CURRENT ML SIGNAL,,▼ DETERIORATING,▼ STRUCTURAL CAUTION,FULL LONG-TERM HISTORY AVAILABLE,LAGGING,27.894617819990955,40.298507462686565,0.0,24.642130257801902,NO SIGNAL,24.56716417910448,-0.02,-1.182,0.273,112.96,115.265,116.811,115.939,116.644,116.703,-0.02,8,-1.182,0.273,,,,,,,,,,,,1,NO — SINGLE MEMBER,NO PEER COMPARISON YET,50,0.18,0.26,0.16,0.22,● MIXED,5,0.2,0.2,0.2,0.6,▼ BROAD STRUCTURAL PRESSURE,1,SINGLE-ASSET GROUP,0.0,0.0,0.0,1.0,False,False,False,False,False,False,True,False,0,1,● MIXED HIERARCHY,Equities → Consumer Discretionary → Consumer Discretionary → XLY,Asset Class: ● MIXED | Sector: ▼ BROAD STRUCTURAL PRESSURE | Peer Group: SINGLE-ASSET GROUP | Asset vs Peers: NO PEER COMPARISON YET
ONLN,Equities,Consumer Discretionary,Online Retail,ETF,Thematic ETF,E-Commerce,Theme,▼ STRUCTURAL CAUTION,▼ BELOW EMA20,OUTSIDE BULLISH EARLY WINDOW,— NO CURRENT ML SIGNAL,,— NOT CONFIRMED,▼ STRUCTURAL CAUTION,FULL LONG-TERM HISTORY AVAILABLE,WATCH,35.00113071008593,26.86567164179105,0.0,23.81021031207598,NO SIGNAL,17.01492537313433,-0.026,-1.563,-0.003,56.22,57.729,58.995,58.136,57.511,57.491,-0.026,8,-1.563,-0.003,,,,,,,,,,,,1,NO — SINGLE MEMBER,NO PEER COMPARISON YET,50,0.18,0.26,0.16,0.22,● MIXED,5,0.2,0.2,0.2,0.6,▼ BROAD STRUCTURAL PRESSURE,1,SINGLE-ASSET GROUP,0.0,0.0,0.0,1.0,False,False,False,False,False,False,True,False,0,1,● MIXED HIERARCHY,Equities → Consumer Discretionary → E-Commerce → ONLN,Asset Class: ● MIXED | Sector: ▼ BROAD STRUCTURAL PRESSURE | Peer Group: SINGLE-ASSET GROUP | Asset vs Peers: NO PEER COMPARISON YET
BETZ,Equities,Consumer Discretionary,Sports Betting / iGaming,ETF,Thematic ETF,Gaming & Betting,Theme,▲ NEW DETECTION,▲ DAY 0 DETECTION,DAY 0 — DETECTION,— NO CURRENT ML SIGNAL,,▲ EMERGING CONFIRMATION,▲ FULL BULL STRUCTURE,FULL LONG-TERM HISTORY AVAILABLE,EMERGING,44.54319312528269,79.1044776119403,100.0,68.77578018995929,EARLY ENTRY,81.82089552238806,0.001,-0.21,-0.079,19.359,19.349,19.315,19.31,19.146,19.161,0.001,0,-0.21,-0.079,,,,,,,,,,,,1,NO — SINGLE MEMBER,NO PEER COMPARISON YET,50,0.18,0.26,0.16,0.22,● MIXED,5,0.2,0.2,0.2,0.6,▼ BROAD STRUCTURAL PRESSURE,1,SINGLE-ASSET GROUP,1.0,1.0,1.0,0.0,True,False,False,False,False,False,True,False,1,1,⚠ ISOLATED STRENGTH / BROADER CAUTION,Equities → Consumer Discretionary → Gaming & Betting → BETZ,Asset Class: ● MIXED | Sector: ▼ BROAD STRUCTURAL PRESSURE | Peer Group: SINGLE-ASSET GROUP | Asset vs Peers: NO PEER COMPARISON YET
AWAY,Equities,Consumer Discretionary,Travel Technology,ETF,Thematic ETF,Travel & Leisure,Theme,▼ STRUCTURAL CAUTION,▼ BELOW EMA20,OUTSIDE BULLISH EARLY WINDOW,— NO CURRENT ML SIGNAL,,▼ DETERIORATING,▼ STRUCTURAL CAUTION,FULL LONG-TERM HISTORY AVAILABLE,LAGGING,27.62437810945274,4.477611940298507,0.0,13.774253731343286,NO SIGNAL,3.656716417910448,-0.067,-3.104,-0.492,17.778,19.054,19.638,19.155,18.273,18.466,-0.067,8,-3.104,-0.492,0.5,0.5,0.5,0.5,0.5,0.5,0.5,,0.75,0.75,0.5,2,YES,● MIDDLE OF PEER GROUP,50,0.18,0.26,0.16,0.22,● MIXED,5,0.2,0.2,0.2,0.6,▼ BROAD STRUCTURAL PRESSURE,2,▼ GROUP UNDER STRUCTURAL PRESSURE,0.0,0.0,0.0,0.5,False,False,False,False,False,True,True,False,0,2,▼ MULTI-LEVEL CAUTION,Equities → Consumer Discretionary → Travel & Leisure → AWAY,Asset Class: ● MIXED | Sector: ▼ BROAD STRUCTURAL PRESSURE | Peer Group: ▼ GROUP UNDER STRUCTURAL PRESSURE | Asset vs Peers: ● MIDDLE OF PEER GROUP
PEJ,Equities,Consumer Discretionary,Leisure & Entertainment,ETF,Thematic ETF,Travel & Leisure,Theme,● PULLBACK / REVIEW,▼ BELOW EMA20,OUTSIDE BULLISH EARLY WINDOW,— NO CURRENT ML SIGNAL,,▼ DETERIORATING,● LONG-TERM TREND INTACT,FULL LONG-TERM HISTORY AVAILABLE,LAGGING,27.989597467209407,16.417910447761194,30.0,25.02069199457259,NO SIGNAL,10.671641791044776,-0.035,-2.045,-0.865,63.09,65.395,66.654,66.44,64.424,62.286,-0.035,10,-2.045,-0.865,1.0,1.0,1.0,1.0,1.0,1.0,1.0,,0.75,0.75,1.0,2,YES,▲ STRONG WITHIN PEERS,50,0.18,0.26,0.16,0.22,● MIXED,5,0.2,0.2,0.2,0.6,▼ BROAD STRUCTURAL PRESSURE,2,▼ GROUP UNDER STRUCTURAL PRESSURE,0.0,0.0,0.0,0.5,False,True,False,False,False,True,True,False,1,2,▼ MULTI-LEVEL CAUTION,Equities → Consumer Discretionary → Travel & Leisure → PEJ,Asset Class: ● MIXED | Sector: ▼ BROAD STRUCTURAL PRESSURE | Peer Group: ▼ GROUP UNDER STRUCTURAL PRESSURE | Asset vs Peers: ▲ STRONG WITHIN PEERS
XLP,Equities,Consumer Staples,Broad Consumer Staples,ETF,Sector ETF,Consumer Staples,Sector,● PULLBACK / REVIEW,● NEAR EMA20,OUTSIDE BULLISH EARLY WINDOW,— NO CURRENT ML SIGNAL,,— NOT CONFIRMED,● LONG-TERM TREND INTACT,FULL LONG-TERM HISTORY AVAILABLE,WATCH,37.39371325192221,59.70149253731343,30.0,42.23761872455903,NO SIGNAL,27.761194029850746,-0.016,-0.898,-0.439,83.38,84.743,85.189,84.994,84.206,82.803,-0.016,10,-0.898,-0.439,,,,,,,,,,,,1,NO — SINGLE MEMBER,NO PEER COMPARISON YET,50,0.18,0.26,0.16,0.22,● MIXED,1,0.0,0.0,0.0,0.0,● MIXED,1,SINGLE-ASSET GROUP,0.0,0.0,0.0,0.0,False,False,False,False,False,False,False,False,0,0,● MIXED HIERARCHY,Equities → Consumer Staples → Consumer Staples → XLP,Asset Class: ● MIXED | Sector: ● MIXED | Peer Group: SINGLE-ASSET GROUP | Asset vs Peers: NO PEER COMPARISON YET
XLE,Equities,Energy,Broad Energy,ETF,Sector ETF,Energy,Sector,● ESTABLISHED LEADER,▲ ESTABLISHED ABOVE EMA20,OUTSIDE BULLISH EARLY WINDOW,— NO CURRENT ML SIGNAL,,▲ CONFIRMED LEADER,▲ FULL BULL STRUCTURE,FULL LONG-TERM HISTORY AVAILABLE,LEADER,83.1524197195839,92.53731343283582,100.0,90.17978290366352,EARLY ENTRY,91.64179104477611,0.027,1.487,1.691,65.14,63.454,62.247,60.139,58.415,54.796,0.027,23,1.487,1.691,,,,,,,,,,,,1,NO — SINGLE MEMBER,NO PEER COMPARISON YET,50,0.18,0.26,0.16,0.22,● MIXED,6,0.8333333333333334,0.6666666666666666,0.0,0.16666666666666666,▲ BROAD STRENGTH,1,SINGLE-ASSET GROUP,1.0,1.0,0.0,0.0,True,False,False,True,False,False,False,False,2,0,▲ ASSET + SECTOR SUPPORT / NO PEER SET,Equities → Energy → Energy → XLE,Asset Class: ● MIXED | Sector: ▲ BROAD STRENGTH | Peer Group: SINGLE-ASSET GROUP | Asset vs Peers: NO PEER COMPARISON YET
AMLP,Equities,Energy,Midstream / MLPs,ETF,Thematic ETF,Energy Infrastructure,Industry/Theme,● ESTABLISHED LEADER,● NEAR EMA20,OUTSIDE BULLISH EARLY WINDOW,— NO CURRENT ML SIGNAL,,▲ CONFIRMED LEADER,▲ FULL BULL STRUCTURE,FULL LONG-TERM HISTORY AVAILABLE,LEADER,76.83627317955676,88.05970149253731,100.0,85.99423337856174,EARLY ENTRY,88.13432835820895,0.011,0.696,0.67,55.91,55.322,54.924,54.089,52.702,50.231,0.011,49,0.696,0.67,,,,,,,,,,,,1,NO — SINGLE MEMBER,NO PEER COMPARISON YET,50,0.18,0.26,0.16,0.22,● MIXED,6,0.8333333333333334,0.6666666666666666,0.0,0.16666666666666666,▲ BROAD STRENGTH,1,SINGLE-ASSET GROUP,1.0,1.0,0.0,0.0,True,False,False,True,False,False,False,False,2,0,▲ ASSET + SECTOR SUPPORT / NO PEER SET,Equities → Energy → Energy Infrastructure → AMLP,Asset Class: ● MIXED | Sector: ▲ BROAD STRENGTH | Peer Group: SINGLE-ASSET GROUP | Asset vs Peers: NO PEER COMPARISON YET
XOP,Equities,Energy,Oil & Gas Exploration & Production,ETF,Industry ETF,Oil & Gas E&P,Industry,● ESTABLISHED LEADER,▲ ESTABLISHED ABOVE EMA20,OUTSIDE BULLISH EARLY WINDOW,— NO CURRENT ML SIGNAL,,▲ CONFIRMED LEADER,▲ FULL BULL STRUCTURE,FULL LONG-TERM HISTORY AVAILABLE,LEADER,90.20465852555404,94.02985074626866,100.0,93.80105156037992,EARLY ENTRY,94.70149253731344,0.039,2.105,2.121,195.72,188.406,183.655,176.814,171.279,158.878,0.039,23,2.105,2.121,,,,,,,,,,,,1,NO — SINGLE MEMBER,NO PEER COMPARISON YET,50,0.18,0.26,0.16,0.22,● MIXED,6,0.8333333333333334,0.6666666666666666,0.0,0.16666666666666666,▲ BROAD STRENGTH,1,SINGLE-ASSET GROUP,1.0,1.0,0.0,0.0,True,False,False,True,False,False,False,False,2,0,▲ ASSET + SECTOR SUPPORT / NO PEER SET,Equities → Energy → Oil & Gas E&P → XOP,Asset Class: ● MIXED | Sector: ▲ BROAD STRENGTH | Peer Group: SINGLE-ASSET GROUP | Asset vs Peers: NO PEER COMPARISON YET
OIH,Equities,Energy,Oil Services,ETF,Industry ETF,Oil & Gas Services,Industry,— MONITOR,● NEAR EMA20,OUTSIDE BULLISH EARLY WINDOW,— NO CURRENT ML SIGNAL,,▲ EMERGING CONFIRMATION,▲ FULL BULL STRUCTURE,FULL LONG-TERM HISTORY AVAILABLE,EMERGING,64.41203075531433,77.61194029850746,100.0,77.26899592944369,EARLY ENTRY,81.9776119402985,0.004,0.92,1.923,420.67,418.934,413.16,398.843,410.203,380.5,0.004,10,0.92,1.923,,,,,,,,,,,,1,NO — SINGLE MEMBER,NO PEER COMPARISON YET,50,0.18,0.26,0.16,0.22,● MIXED,6,0.8333333333333334,0.6666666666666666,0.0,0.16666666666666666,▲ BROAD STRENGTH,1,SINGLE-ASSET GROUP,1.0,1.0,0.0,0.0,True,False,False,True,False,False,False,False,2,0,▲ ASSET + SECTOR SUPPORT / NO PEER SET,Equities → Energy → Oil & Gas Services → OIH,Asset Class: ● MIXED | Sector: ▲ BROAD STRENGTH | Peer Group: SINGLE-ASSET GROUP | Asset vs Peers: NO PEER COMPARISON YET
KBE,Equities,Financials,Banks,ETF,Industry ETF,Banking,Industry,● PULLBACK / REVIEW,▼ RECENT EMA20 BREAK,OUTSIDE BULLISH EARLY WINDOW,— NO CURRENT ML SIGNAL,,— NOT CONFIRMED,● LONG-TERM TREND INTACT,FULL LONG-TERM HISTORY AVAILABLE,WATCH,58.42265943012212,52.23880597014925,50.0,54.46183853459973,NO SIGNAL,29.1044776119403,-0.009,-0.421,-0.316,68.04,68.672,69.391,69.329,66.801,64.048,-0.009,3,-0.421,-0.316,1.0,0.5,0.75,1.0,0.5,1.0,1.0,,0.75,0.75,0.75,2,YES,▲ ABOVE-AVERAGE WITHIN PEERS,50,0.18,0.26,0.16,0.22,● MIXED,5,0.0,0.0,0.0,0.2,● MIXED,2,● MIXED GROUP,0.0,0.0,0.0,0.0,False,True,False,False,False,False,False,False,1,0,● MIXED HIERARCHY,Equities → Financials → Banking → KBE,Asset Class: ● MIXED | Sector: ● MIXED | Peer Group: ● MIXED GROUP | Asset vs Peers: ▲ ABOVE-AVERAGE WITHIN PEERS
KRE,Equities,Financials,Regional Banks,ETF,Industry ETF,Banking,Industry,● PULLBACK / REVIEW,▼ RECENT EMA20 BREAK,OUTSIDE BULLISH EARLY WINDOW,— NO CURRENT ML SIGNAL,,— NOT CONFIRMED,● LONG-TERM TREND INTACT,FULL LONG-TERM HISTORY AVAILABLE,WATCH,55.95658073270014,55.223880597014926,50.0,54.24762550881954,NO SIGNAL,30.149253731343283,-0.01,-0.46,-0.413,73.9,74.618,75.469,75.519,72.834,69.611,-0.01,3,-0.46,-0.413,0.5,1.0,0.75,0.5,1.0,0.5,0.5,,0.75,0.75,0.75,2,YES,▲ ABOVE-AVERAGE WITHIN PEERS,50,0.18,0.26,0.16,0.22,● MIXED,5,0.0,0.0,0.0,0.2,● MIXED,2,● MIXED GROUP,0.0,0.0,0.0,0.0,False,True,False,False,False,False,False,False,1,0,● MIXED HIERARCHY,Equities → Financials → Banking → KRE,Asset Class: ● MIXED | Sector: ● MIXED | Peer Group: ● MIXED GROUP | Asset vs Peers: ▲ ABOVE-AVERAGE WITHIN PEERS
IAI,Equities,Financials,Broker-Dealers / Exchanges,ETF,Industry ETF,Capital Markets,Industry,● PULLBACK / REVIEW,▼ RECENT EMA20 BREAK,OUTSIDE BULLISH EARLY WINDOW,— LOW,0.5384615384615384,▼ DETERIORATING,▲ POSITIVE STRUCTURE,FULL LONG-TERM HISTORY AVAILABLE,WEAKENING,60.98710990502035,23.88059701492537,70.0,52.10837856173677,NO SIGNAL,38.85074626865672,-0.009,-0.096,0.455,190.51,192.316,191.5,190.384,184.844,179.664,-0.009,2,-0.096,0.455,,,,,,,,,,,,1,NO — SINGLE MEMBER,NO PEER COMPARISON YET,50,0.18,0.26,0.16,0.22,● MIXED,5,0.0,0.0,0.0,0.2,● MIXED,1,SINGLE-ASSET GROUP,0.0,0.0,0.0,0.0,False,False,False,False,False,False,False,False,0,0,● MIXED HIERARCHY,Equities → Financials → Capital Markets → IAI,Asset Class: ● MIXED | Sector: ● MIXED | Peer Group: SINGLE-ASSET GROUP | Asset vs Peers: NO PEER COMPARISON YET
KBWD,Equities,Financials,High Dividend Financials,ETF,Industry ETF,Financial Income,Industry/Style,▼ STRUCTURAL CAUTION,▼ RECENT EMA20 BREAK,OUTSIDE BULLISH EARLY WINDOW,— LOW,0.2307692307692307,▼ DETERIORATING,▼ STRUCTURAL CAUTION,FULL LONG-TERM HISTORY AVAILABLE,LAGGING,27.132519222071465,22.388059701492537,0.0,18.92605156037992,NO SIGNAL,20.08955223880597,-0.03,-0.841,0.267,11.95,12.322,12.383,12.264,12.235,12.363,-0.03,3,-0.841,0.267,,,,,,,,,,,,1,NO — SINGLE MEMBER,NO PEER COMPARISON YET,50,0.18,0.26,0.16,0.22,● MIXED,5,0.0,0.0,0.0,0.2,● MIXED,1,SINGLE-ASSET GROUP,0.0,0.0,0.0,1.0,False,False,False,False,False,False,False,False,0,0,● MIXED HIERARCHY,Equities → Financials → Financial Income → KBWD,Asset Class: ● MIXED | Sector: ● MIXED | Peer Group: SINGLE-ASSET GROUP | Asset vs Peers: NO PEER COMPARISON YET
XLF,Equities,Financials,Broad Financials,ETF,Sector ETF,Financials,Sector,● PULLBACK / REVIEW,▼ RECENT EMA20 BREAK,OUTSIDE BULLISH EARLY WINDOW,— LOW,0.3846153846153846,— NOT CONFIRMED,▲ POSITIVE STRUCTURE,FULL LONG-TERM HISTORY AVAILABLE,WATCH,61.95160560832204,38.80597014925373,70.0,57.02001356852104,NO SIGNAL,34.26865671641791,-0.005,-0.291,0.122,57.25,57.535,57.712,57.114,54.605,53.346,-0.005,3,-0.291,0.122,,,,,,,,,,,,1,NO — SINGLE MEMBER,NO PEER COMPARISON YET,50,0.18,0.26,0.16,0.22,● MIXED,5,0.0,0.0,0.0,0.2,● MIXED,1,SINGLE-ASSET GROUP,0.0,0.0,0.0,0.0,False,False,False,False,False,False,False,False,0,0,● MIXED HIERARCHY,Equities → Financials → Financials → XLF,Asset Class: ● MIXED | Sector: ● MIXED | Peer Group: SINGLE-ASSET GROUP | Asset vs Peers: NO PEER COMPARISON YET
ARKG,Equities,Health Care,Genomics / Disruptive Health,ETF,Thematic ETF,Biotech & Genomics,Theme,● PULLBACK / REVIEW,▼ RECENT EMA20 BREAK,OUTSIDE BULLISH EARLY WINDOW,— NO CURRENT ML SIGNAL,,▼ DETERIORATING,▲ POSITIVE STRUCTURE,FULL LONG-TERM HISTORY AVAILABLE,WEAKENING,77.44798733604704,1.4925373134328357,85.0,56.54935549525102,NO SIGNAL,47.9179104477612,-0.013,-0.016,3.109,45.56,46.168,45.393,43.311,38.132,33.775,-0.013,2,-0.016,3.109,,,,,,,,,,,,1,NO — SINGLE MEMBER,NO PEER COMPARISON YET,50,0.18,0.26,0.16,0.22,● MIXED,5,0.0,0.0,0.0,0.0,● MIXED,1,SINGLE-ASSET GROUP,0.0,0.0,0.0,0.0,False,False,False,False,False,False,False,False,0,0,● MIXED HIERARCHY,Equities → Health Care → Biotech & Genomics → ARKG,Asset Class: ● MIXED | Sector: ● MIXED | Peer Group: SINGLE-ASSET GROUP | Asset vs Peers: NO PEER COMPARISON YET
IBB,Equities,Health Care,Biotechnology,ETF,Industry ETF,Biotechnology,Industry,● PULLBACK / REVIEW,▼ RECENT EMA20 BREAK,OUTSIDE BULLISH EARLY WINDOW,— NO CURRENT ML SIGNAL,,▼ DETERIORATING,▲ POSITIVE STRUCTURE,FULL LONG-TERM HISTORY AVAILABLE,WEAKENING,69.83378561736771,10.44776119402985,70.0,52.05953188602442,NO SIGNAL,34.820895522388064,-0.019,-0.362,1.402,202.93,206.776,204.506,199.097,185.598,178.234,-0.019,3,-0.362,1.402,1.0,1.0,1.0,1.0,1.0,1.0,1.0,,0.75,0.75,0.75,2,YES,▲ STRONG WITHIN PEERS,50,0.18,0.26,0.16,0.22,● MIXED,5,0.0,0.0,0.0,0.0,● MIXED,2,● MIXED GROUP,0.0,0.0,0.0,0.0,False,True,False,False,False,False,False,False,1,0,● MIXED HIERARCHY,Equities → Health Care → Biotechnology → IBB,Asset Class: ● MIXED | Sector: ● MIXED | Peer Group: ● MIXED GROUP | Asset vs Peers: ▲ STRONG WITHIN PEERS
XBI,Equities,Health Care,Biotechnology,ETF,Industry ETF,Biotechnology,Industry,● PULLBACK / REVIEW,▼ RECENT EMA20 BREAK,OUTSIDE BULLISH EARLY WINDOW,— NO CURRENT ML SIGNAL,,▼ DETERIORATING,● LONG-TERM TREND INTACT,FULL LONG-TERM HISTORY AVAILABLE,WEAKENING,63.59226594301221,5.970149253731343,50.0,42.907564450474894,NO SIGNAL,27.95522388059701,-0.03,-0.734,1.007,156.2,161.059,160.173,158.198,147.192,136.113,-0.03,3,-0.734,1.007,0.5,0.5,0.5,0.5,0.5,0.5,0.5,,0.75,0.75,0.75,2,YES,● MIDDLE OF PEER GROUP,50,0.18,0.26,0.16,0.22,● MIXED,5,0.0,0.0,0.0,0.0,● MIXED,2,● MIXED GROUP,0.0,0.0,0.0,0.0,False,False,False,False,False,False,False,False,0,0,● MIXED HIERARCHY,Equities → Health Care → Biotechnology → XBI,Asset Class: ● MIXED | Sector: ● MIXED | Peer Group: ● MIXED GROUP | Asset vs Peers: ● MIDDLE OF PEER GROUP
XLV,Equities,Health Care,Broad Health Care,ETF,Sector ETF,Health Care,Sector,● PULLBACK / REVIEW,▼ RECENT EMA20 BREAK,OUTSIDE BULLISH EARLY WINDOW,— NO CURRENT ML SIGNAL,,— NOT CONFIRMED,● LONG-TERM TREND INTACT,FULL LONG-TERM HISTORY AVAILABLE,WATCH,51.4812302125735,20.8955223880597,50.0,41.93521031207599,NO SIGNAL,27.95522388059701,-0.022,-0.832,0.261,165.36,169.158,169.072,166.237,157.467,154.856,-0.022,3,-0.832,0.261,,,,,,,,,,,,1,NO — SINGLE MEMBER,NO PEER COMPARISON YET,50,0.18,0.26,0.16,0.22,● MIXED,5,0.0,0.0,0.0,0.0,● MIXED,1,SINGLE-ASSET GROUP,0.0,0.0,0.0,0.0,False,False,False,False,False,False,False,False,0,0,● MIXED HIERARCHY,Equities → Health Care → Health Care → XLV,Asset Class: ● MIXED | Sector: ● MIXED | Peer Group: SINGLE-ASSET GROUP | Asset vs Peers: NO PEER COMPARISON YET
PPH,Equities,Health Care,Pharmaceuticals,ETF,Industry ETF,Pharmaceuticals,Industry,● PULLBACK / REVIEW,▼ RECENT EMA20 BREAK,OUTSIDE BULLISH EARLY WINDOW,▲ HIGH,0.8461538461538461,— NOT CONFIRMED,● LONG-TERM TREND INTACT,FULL LONG-TERM HISTORY AVAILABLE,WATCH,44.514925373134325,14.925373134328357,50.0,37.00932835820896,NO SIGNAL,13.656716417910449,-0.028,-1.169,-0.199,109.44,112.611,112.709,111.647,107.283,105.392,-0.028,3,-1.169,-0.199,,,,,,,,,,,,1,NO — SINGLE MEMBER,NO PEER COMPARISON YET,50,0.18,0.26,0.16,0.22,● MIXED,5,0.0,0.0,0.0,0.0,● MIXED,1,SINGLE-ASSET GROUP,0.0,0.0,0.0,0.0,False,False,False,False,False,False,False,False,0,0,● MIXED HIERARCHY,Equities → Health Care → Pharmaceuticals → PPH,Asset Class: ● MIXED | Sector: ● MIXED | Peer Group: SINGLE-ASSET GROUP | Asset vs Peers: NO PEER COMPARISON YET
ITA,Equities,Industrials,Aerospace & Defense,ETF,Industry ETF,Aerospace & Defense,Industry,▼ STRUCTURAL CAUTION,▼ BELOW EMA20,OUTSIDE BULLISH EARLY WINDOW,— NO CURRENT ML SIGNAL,,▼ DETERIORATING,▼ STRUCTURAL CAUTION,FULL LONG-TERM HISTORY AVAILABLE,LAGGING,15.26797829036635,19.402985074626866,0.0,12.691485753052916,NO SIGNAL,8.731343283582088,-0.048,-2.514,-1.345,219.01,229.959,238.387,238.283,232.873,229.668,-0.048,16,-2.514,-1.345,,,,,,,,,,,,1,NO — SINGLE MEMBER,NO PEER COMPARISON YET,50,0.18,0.26,0.16,0.22,● MIXED,4,0.0,0.0,0.0,0.5,▼ BROAD STRUCTURAL PRESSURE,1,SINGLE-ASSET GROUP,0.0,0.0,0.0,1.0,False,False,False,False,False,False,True,False,0,1,● MIXED HIERARCHY,Equities → Industrials → Aerospace & Defense → ITA,Asset Class: ● MIXED | Sector: ▼ BROAD STRUCTURAL PRESSURE | Peer Group: SINGLE-ASSET GROUP | Asset vs Peers: NO PEER COMPARISON YET
AIRR,Equities,Industrials,U.S. Industrial Renaissance,ETF,Thematic ETF,Industrial Reshoring,Theme,▼ STRUCTURAL CAUTION,▼ BELOW EMA20,OUTSIDE BULLISH EARLY WINDOW,— NO CURRENT ML SIGNAL,,▼ DETERIORATING,▼ STRUCTURAL CAUTION,FULL LONG-TERM HISTORY AVAILABLE,LAGGING,21.941429217548627,46.26865671641791,0.0,23.754240162822256,NO SIGNAL,22.83582089552239,-0.035,-2.244,-1.313,107.29,111.211,115.361,117.855,123.017,116.647,-0.035,17,-2.244,-1.313,,,,,,,,,,,,1,NO — SINGLE MEMBER,NO PEER COMPARISON YET,50,0.18,0.26,0.16,0.22,● MIXED,4,0.0,0.0,0.0,0.5,▼ BROAD STRUCTURAL PRESSURE,1,SINGLE-ASSET GROUP,0.0,0.0,0.0,1.0,False,False,False,False,False,False,True,False,0,1,● MIXED HIERARCHY,Equities → Industrials → Industrial Reshoring → AIRR,Asset Class: ● MIXED | Sector: ▼ BROAD STRUCTURAL PRESSURE | Peer Group: SINGLE-ASSET GROUP | Asset vs Peers: NO PEER COMPARISON YET
XLI,Equities,Industrials,Broad Industrials,ETF,Sector ETF,Industrials,Sector,● PULLBACK / REVIEW,▼ BELOW EMA20,OUTSIDE BULLISH EARLY WINDOW,— NO CURRENT ML SIGNAL,,— NOT CONFIRMED,● LONG-TERM TREND INTACT,FULL LONG-TERM HISTORY AVAILABLE,WATCH,35.897783808231566,37.3134328358209,30.0,34.84803256445048,NO SIGNAL,20.970149253731343,-0.023,-1.346,-0.717,172.37,176.401,179.977,180.32,177.496,170.679,-0.023,17,-1.346,-0.717,,,,,,,,,,,,1,NO — SINGLE MEMBER,NO PEER COMPARISON YET,50,0.18,0.26,0.16,0.22,● MIXED,4,0.0,0.0,0.0,0.5,▼ BROAD STRUCTURAL PRESSURE,1,SINGLE-ASSET GROUP,0.0,0.0,0.0,0.0,False,False,False,False,False,False,True,False,0,1,● MIXED HIERARCHY,Equities → Industrials → Industrials → XLI,Asset Class: ● MIXED | Sector: ▼ BROAD STRUCTURAL PRESSURE | Peer Group: SINGLE-ASSET GROUP | Asset vs Peers: NO PEER COMPARISON YET
PAVE,Equities,Industrials,U.S. Infrastructure,ETF,Thematic ETF,Infrastructure,Theme,● PULLBACK / REVIEW,▼ BELOW EMA20,OUTSIDE BULLISH EARLY WINDOW,— NO CURRENT ML SIGNAL,,▼ DETERIORATING,● LONG-TERM TREND INTACT,FULL LONG-TERM HISTORY AVAILABLE,LAGGING,34.66870194482135,41.7910447761194,30.0,35.63822930800543,NO SIGNAL,22.98507462686567,-0.022,-1.243,-0.689,54.08,55.322,56.471,56.535,56.626,53.911,-0.022,17,-1.243,-0.689,,,,,,,,,,,,1,NO — SINGLE MEMBER,NO PEER COMPARISON YET,50,0.18,0.26,0.16,0.22,● MIXED,4,0.0,0.0,0.0,0.5,▼ BROAD STRUCTURAL PRESSURE,1,SINGLE-ASSET GROUP,0.0,0.0,0.0,0.0,False,False,False,False,False,False,True,False,0,1,● MIXED HIERARCHY,Equities → Industrials → Infrastructure → PAVE,Asset Class: ● MIXED | Sector: ▼ BROAD STRUCTURAL PRESSURE | Peer Group: SINGLE-ASSET GROUP | Asset vs Peers: NO PEER COMPARISON YET
BATT,Equities,Materials,Battery Materials / EV Supply Chain,ETF,Thematic ETF,Energy Transition Materials,Theme,▼ STRUCTURAL CAUTION,▼ RECENT EMA20 BREAK,OUTSIDE BULLISH EARLY WINDOW,— NO CURRENT ML SIGNAL,,▼ DETERIORATING,▼ STRUCTURAL CAUTION,FULL LONG-TERM HISTORY AVAILABLE,LAGGING,26.17593848937133,17.91044776119403,20.0,22.152306648575305,NO SIGNAL,32.35820895522388,-0.028,-0.375,1.452,15.056,15.491,15.465,15.049,15.829,15.332,-0.028,1,-0.375,1.452,1.0,1.0,1.0,1.0,1.0,1.0,1.0,,0.75,0.75,0.75,2,YES,▲ STRONG WITHIN PEERS,50,0.18,0.26,0.16,0.22,● MIXED,5,0.0,0.2,0.2,0.4,▼ MIXED / CAUTION,2,▼ GROUP UNDER STRUCTURAL PRESSURE,0.0,0.0,0.0,1.0,False,True,False,False,False,True,True,False,1,2,▼ MULTI-LEVEL CAUTION,Equities → Materials → Energy Transition Materials → BATT,Asset Class: ● MIXED | Sector: ▼ MIXED / CAUTION | Peer Group: ▼ GROUP UNDER STRUCTURAL PRESSURE | Asset vs Peers: ▲ STRONG WITHIN PEERS
LITP,Equities,Materials,Lithium Miners,ETF,Industry ETF,Energy Transition Materials,Industry,▼ STRUCTURAL CAUTION,▼ RECENT EMA20 BREAK,OUTSIDE BULLISH EARLY WINDOW,— NO CURRENT ML SIGNAL,,▼ DETERIORATING,▼ STRUCTURAL CAUTION,FULL LONG-TERM HISTORY AVAILABLE,LAGGING,8.602442333785618,2.985074626865672,0.0,4.766621438263229,NO SIGNAL,19.29850746268657,-0.085,-1.974,1.497,10.437,11.41,11.351,11.162,13.28,13.189,-0.085,4,-1.974,1.497,0.5,0.5,0.5,0.5,0.5,0.5,0.5,,0.75,0.75,0.75,2,YES,● MIDDLE OF PEER GROUP,50,0.18,0.26,0.16,0.22,● MIXED,5,0.0,0.2,0.2,0.4,▼ MIXED / CAUTION,2,▼ GROUP UNDER STRUCTURAL PRESSURE,0.0,0.0,0.0,1.0,False,False,False,False,False,True,True,False,0,2,▼ MULTI-LEVEL CAUTION,Equities → Materials → Energy Transition Materials → LITP,Asset Class: ● MIXED | Sector: ▼ MIXED / CAUTION | Peer Group: ▼ GROUP UNDER STRUCTURAL PRESSURE | Asset vs Peers: ● MIDDLE OF PEER GROUP
XLB,Equities,Materials,Broad Materials,ETF,Sector ETF,Materials,Sector,● PULLBACK / REVIEW,▼ RECENT EMA20 BREAK,OUTSIDE BULLISH EARLY WINDOW,— NO CURRENT ML SIGNAL,,— NOT CONFIRMED,● LONG-TERM TREND INTACT,FULL LONG-TERM HISTORY AVAILABLE,WATCH,37.55088195386703,28.35820895522388,30.0,32.90535956580732,NO SIGNAL,18.73134328358209,-0.023,-0.93,-0.057,50.95,52.168,52.417,51.841,51.47,50.002,-0.023,5,-0.93,-0.057,,,,,,,,,,,,1,NO — SINGLE MEMBER,NO PEER COMPARISON YET,50,0.18,0.26,0.16,0.22,● MIXED,5,0.0,0.2,0.2,0.4,▼ MIXED / CAUTION,1,SINGLE-ASSET GROUP,0.0,0.0,0.0,0.0,False,False,False,False,False,False,True,False,0,1,● MIXED HIERARCHY,Equities → Materials → Materials → XLB,Asset Class: ● MIXED | Sector: ▼ MIXED / CAUTION | Peer Group: SINGLE-ASSET GROUP | Asset vs Peers: NO PEER COMPARISON YET
COPX,Equities,Materials,Copper Miners,ETF,Industry ETF,Metals & Mining,Industry,● PULLBACK / REVIEW,▼ RECENT EMA20 BREAK,OUTSIDE BULLISH EARLY WINDOW,● MODERATE,0.6153846153846154,▼ DETERIORATING,▲ POSITIVE STRUCTURE,FULL LONG-TERM HISTORY AVAILABLE,WEAKENING,61.18950701040254,13.432835820895525,70.0,49.0651289009498,NO SIGNAL,47.820895522388064,-0.021,0.578,2.665,88.53,90.474,89.478,84.314,83.655,81.023,-0.021,1,0.578,2.665,0.5,0.5,0.5,0.5,0.5,0.5,0.5,,0.5,0.5,0.5,2,YES,● MIDDLE OF PEER GROUP,50,0.18,0.26,0.16,0.22,● MIXED,5,0.0,0.2,0.2,0.4,▼ MIXED / CAUTION,2,▲ BROAD NEW DETECTION,0.0,0.5,0.5,0.0,False,False,True,False,False,False,True,False,1,1,● MIXED HIERARCHY,Equities → Materials → Metals & Mining → COPX,Asset Class: ● MIXED | Sector: ▼ MIXED / CAUTION | Peer Group: ▲ BROAD NEW DETECTION | Asset vs Peers: ● MIDDLE OF PEER GROUP
SLX,Equities,Materials,Steel,ETF,Industry ETF,Metals & Mining,Industry,▲ NEW DETECTION,▲ DAY 0 DETECTION,DAY 0 — DETECTION,— NO CURRENT ML SIGNAL,,▲ EARLY CONFIRMATION,▲ FULL BULL STRUCTURE,FULL LONG-TERM HISTORY AVAILABLE,WATCH,66.4145183175034,56.71641791044776,100.0,71.90145861601086,EARLY ENTRY,79.70149253731344,0.001,0.693,0.892,108.97,108.888,108.651,105.554,105.653,98.451,0.001,0,0.693,0.892,1.0,1.0,1.0,1.0,1.0,1.0,1.0,,1.0,1.0,1.0,2,YES,▲ STRONG WITHIN PEERS,50,0.18,0.26,0.16,0.22,● MIXED,5,0.0,0.2,0.2,0.4,▼ MIXED / CAUTION,2,▲ BROAD NEW DETECTION,0.0,0.5,0.5,0.0,True,True,True,False,False,False,True,False,3,1,⚠ ISOLATED STRENGTH / BROADER CAUTION,Equities → Materials → Metals & Mining → SLX,Asset Class: ● MIXED | Sector: ▼ MIXED / CAUTION | Peer Group: ▲ BROAD NEW DETECTION | Asset vs Peers: ▲ STRONG WITHIN PEERS
SRVR,Equities,Real Estate,Data Center / Digital Infrastructure,ETF,Thematic ETF,Digital Infrastructure,Theme,▼ STRUCTURAL CAUTION,▼ RECENT EMA20 BREAK,OUTSIDE BULLISH EARLY WINDOW,— NO CURRENT ML SIGNAL,,▼ DETERIORATING,▼ STRUCTURAL CAUTION,FULL LONG-TERM HISTORY AVAILABLE,LAGGING,26.60560832202623,70.1492537313433,0.0,33.01729986431479,NO SIGNAL,42.25373134328358,-0.011,-0.359,0.052,30.313,30.656,30.873,30.62,32.001,31.085,-0.011,2,-0.359,0.052,,,,,,,,,,,,1,NO — SINGLE MEMBER,NO PEER COMPARISON YET,50,0.18,0.26,0.16,0.22,● MIXED,4,0.0,0.0,0.0,0.25,● MIXED,1,SINGLE-ASSET GROUP,0.0,0.0,0.0,1.0,False,False,False,False,False,False,False,False,0,0,● MIXED HIERARCHY,Equities → Real Estate → Digital Infrastructure → SRVR,Asset Class: ● MIXED | Sector: ● MIXED | Peer Group: SINGLE-ASSET GROUP | Asset vs Peers: NO PEER COMPARISON YET
REZ,Equities,Real Estate,Residential & Specialty REITs,ETF,Industry ETF,Real Estate,Industry,● PULLBACK / REVIEW,▼ BELOW EMA20,OUTSIDE BULLISH EARLY WINDOW,— NO CURRENT ML SIGNAL,,— NOT CONFIRMED,● LONG-TERM TREND INTACT,FULL LONG-TERM HISTORY AVAILABLE,WATCH,46.9538670284939,43.28358208955223,30.0,41.61431478968792,NO SIGNAL,22.611940298507463,-0.021,-1.092,-1.024,92.08,94.095,94.798,95.743,93.087,89.027,-0.021,10,-1.092,-1.024,1.0,0.3333333333333333,0.6666666666666666,1.0,0.3333333333333333,0.3333333333333333,0.3333333333333333,,0.6666666666666666,0.6666666666666666,0.6666666666666666,3,YES,▲ ABOVE-AVERAGE WITHIN PEERS,50,0.18,0.26,0.16,0.22,● MIXED,4,0.0,0.0,0.0,0.25,● MIXED,3,● MIXED GROUP,0.0,0.0,0.0,0.0,False,True,False,False,False,False,False,False,1,0,● MIXED HIERARCHY,Equities → Real Estate → Real Estate → REZ,Asset Class: ● MIXED | Sector: ● MIXED | Peer Group: ● MIXED GROUP | Asset vs Peers: ▲ ABOVE-AVERAGE WITHIN PEERS
VNQ,Equities,Real Estate,Broad U.S. REITs,ETF,Sector ETF,Real Estate,Sector,● PULLBACK / REVIEW,● NEAR EMA20,OUTSIDE BULLISH EARLY WINDOW,— NO CURRENT ML SIGNAL,,— NOT CONFIRMED,● LONG-TERM TREND INTACT,FULL LONG-TERM HISTORY AVAILABLE,WATCH,37.36431478968792,47.76119402985074,30.0,38.64229986431479,NO SIGNAL,23.88059701492537,-0.019,-1.042,-0.903,94.8,96.646,97.49,98.041,96.785,93.17,-0.019,10,-1.042,-0.903,0.6666666666666666,0.6666666666666666,0.6666666666666666,0.3333333333333333,0.6666666666666666,0.6666666666666666,0.6666666666666666,,0.6666666666666666,0.6666666666666666,0.6666666666666666,3,YES,▲ ABOVE-AVERAGE WITHIN PEERS,50,0.18,0.26,0.16,0.22,● MIXED,4,0.0,0.0,0.0,0.25,● MIXED,3,● MIXED GROUP,0.0,0.0,0.0,0.0,False,True,False,False,False,False,False,False,1,0,● MIXED HIERARCHY,Equities → Real Estate → Real Estate → VNQ,Asset Class: ● MIXED | Sector: ● MIXED | Peer Group: ● MIXED GROUP | Asset vs Peers: ▲ ABOVE-AVERAGE WITHIN PEERS
XLRE,Equities,Real Estate,Broad Real Estate,ETF,Sector ETF,Real Estate,Sector,● PULLBACK / REVIEW,● NEAR EMA20,OUTSIDE BULLISH EARLY WINDOW,— NO CURRENT ML SIGNAL,,— NOT CONFIRMED,● LONG-TERM TREND INTACT,FULL LONG-TERM HISTORY AVAILABLE,WATCH,37.356399819086384,50.74626865671642,30.0,39.5342605156038,NO SIGNAL,25.52238805970149,-0.018,-1.005,-0.836,43.42,44.197,44.571,44.756,44.354,42.711,-0.018,10,-1.005,-0.836,0.3333333333333333,1.0,0.6666666666666666,0.6666666666666666,1.0,1.0,1.0,,0.6666666666666666,0.6666666666666666,0.6666666666666666,3,YES,▲ ABOVE-AVERAGE WITHIN PEERS,50,0.18,0.26,0.16,0.22,● MIXED,4,0.0,0.0,0.0,0.25,● MIXED,3,● MIXED GROUP,0.0,0.0,0.0,0.0,False,True,False,False,False,False,False,False,1,0,● MIXED HIERARCHY,Equities → Real Estate → Real Estate → XLRE,Asset Class: ● MIXED | Sector: ● MIXED | Peer Group: ● MIXED GROUP | Asset vs Peers: ▲ ABOVE-AVERAGE WITHIN PEERS
AIQ,Equities,Technology,Artificial Intelligence,ETF,Thematic ETF,AI & Automation,Theme,▲ NEW DETECTION,▲ DAY 0 DETECTION,DAY 0 — DETECTION,— NO CURRENT ML SIGNAL,,▲ CONFIRMED LEADER,▲ FULL BULL STRUCTURE,FULL LONG-TERM HISTORY AVAILABLE,LEADER,71.03912256897331,53.73134328358209,100.0,73.08700814111262,BUILDING,84.10447761194031,0.008,0.469,1.695,63.98,63.468,63.243,62.102,62.132,56.239,0.008,0,0.469,1.695,1.0,0.5,1.0,1.0,1.0,1.0,1.0,,1.0,1.0,1.0,2,YES,▲ STRONG WITHIN PEERS,50,0.18,0.26,0.16,0.22,● MIXED,9,0.3333333333333333,0.5555555555555556,0.4444444444444444,0.1111111111111111,▲ BROAD NEW DETECTION,2,▼ GROUP UNDER STRUCTURAL PRESSURE,0.5,0.5,0.5,0.5,True,True,False,True,False,True,False,False,3,1,▲ ASSET LEADS MIXED PEERS,Equities → Technology → AI & Automation → AIQ,Asset Class: ● MIXED | Sector: ▲ BROAD NEW DETECTION | Peer Group: ▼ GROUP UNDER STRUCTURAL PRESSURE | Asset vs Peers: ▲ STRONG WITHIN PEERS
BOTZ,Equities,Technology,Robotics / Artificial Intelligence,ETF,Thematic ETF,AI & Automation,Theme,▼ STRUCTURAL CAUTION,● NEAR EMA20,OUTSIDE BULLISH EARLY WINDOW,— NO CURRENT ML SIGNAL,,▼ DETERIORATING,▼ STRUCTURAL CAUTION,FULL LONG-TERM HISTORY AVAILABLE,LAGGING,24.812302125734963,58.2089552238806,0.0,28.62822252374492,NO SIGNAL,34.19402985074627,-0.013,-0.747,0.559,35.28,35.728,36.28,35.939,37.325,36.891,-0.013,17,-0.747,0.559,0.5,1.0,0.5,0.5,0.5,0.5,0.5,,0.5,0.5,0.5,2,YES,▲ ABOVE-AVERAGE WITHIN PEERS,50,0.18,0.26,0.16,0.22,● MIXED,9,0.3333333333333333,0.5555555555555556,0.4444444444444444,0.1111111111111111,▲ BROAD NEW DETECTION,2,▼ GROUP UNDER STRUCTURAL PRESSURE,0.5,0.5,0.5,0.5,False,True,False,True,False,True,False,False,2,1,● MIXED HIERARCHY,Equities → Technology → AI & Automation → BOTZ,Asset Class: ● MIXED | Sector: ▲ BROAD NEW DETECTION | Peer Group: ▼ GROUP UNDER STRUCTURAL PRESSURE | Asset vs Peers: ▲ ABOVE-AVERAGE WITHIN PEERS
SKYY,Equities,Technology,Cloud Computing,ETF,Thematic ETF,Cloud & Software,Theme,● PULLBACK / REVIEW,▼ RECENT EMA20 BREAK,OUTSIDE BULLISH EARLY WINDOW,— NO CURRENT ML SIGNAL,,▼ DETERIORATING,▲ POSITIVE STRUCTURE,FULL LONG-TERM HISTORY AVAILABLE,WEAKENING,62.817729534147446,8.955223880597014,70.0,48.45454545454545,NO SIGNAL,29.49253731343284,-0.004,-0.163,2.357,158.47,159.105,159.387,150.444,140.823,130.229,-0.004,2,-0.163,2.357,,,,,,,,,,,,1,NO — SINGLE MEMBER,NO PEER COMPARISON YET,50,0.18,0.26,0.16,0.22,● MIXED,9,0.3333333333333333,0.5555555555555556,0.4444444444444444,0.1111111111111111,▲ BROAD NEW DETECTION,1,SINGLE-ASSET GROUP,0.0,0.0,0.0,0.0,False,False,False,True,False,False,False,False,1,0,● MIXED HIERARCHY,Equities → Technology → Cloud & Software → SKYY,Asset Class: ● MIXED | Sector: ▲ BROAD NEW DETECTION | Peer Group: SINGLE-ASSET GROUP | Asset vs Peers: NO PEER COMPARISON YET
CIBR,Equities,Technology,Cybersecurity,ETF,Thematic ETF,Cybersecurity,Theme,● PULLBACK / REVIEW,● NEAR EMA20,OUTSIDE BULLISH EARLY WINDOW,— NO CURRENT ML SIGNAL,,▼ DETERIORATING,▲ POSITIVE STRUCTURE,FULL LONG-TERM HISTORY AVAILABLE,WEAKENING,62.546359113523295,11.940298507462686,70.0,49.22795115332429,NO SIGNAL,29.268656716417908,-0.01,-0.665,0.909,94.4,95.307,96.427,94.307,87.255,77.717,-0.01,7,-0.665,0.909,,,,,,,,,,,,1,NO — SINGLE MEMBER,NO PEER COMPARISON YET,50,0.18,0.26,0.16,0.22,● MIXED,9,0.3333333333333333,0.5555555555555556,0.4444444444444444,0.1111111111111111,▲ BROAD NEW DETECTION,1,SINGLE-ASSET GROUP,0.0,0.0,0.0,0.0,False,False,False,True,False,False,False,False,1,0,● MIXED HIERARCHY,Equities → Technology → Cybersecurity → CIBR,Asset Class: ● MIXED | Sector: ▲ BROAD NEW DETECTION | Peer Group: SINGLE-ASSET GROUP | Asset vs Peers: NO PEER COMPARISON YET
DRAM,Equities,Technology,Semiconductors / Memory,ETF,Thematic ETF,Semiconductors,Industry/Theme,— MONITOR,▲ ESTABLISHED ABOVE EMA20,OUTSIDE BULLISH EARLY WINDOW,★★ ELITE,1.0,▲ EARLY CONFIRMATION,▲ POSITIVE AVAILABLE STRUCTURE,MA200 NOT YET AVAILABLE,WATCH,,98.50746268656717,100.0,,EARLY ENTRY,97.68656716417912,0.029,2.934,3.048,59.1,57.407,55.712,56.127,56.562,,0.029,6,2.934,3.048,,1.0,1.0,,1.0,1.0,1.0,,0.5,0.6666666666666666,0.3333333333333333,3,YES,▲ STRONG WITHIN PEERS,50,0.18,0.26,0.16,0.22,● MIXED,9,0.3333333333333333,0.5555555555555556,0.4444444444444444,0.1111111111111111,▲ BROAD NEW DETECTION,3,▲ BROAD NEW DETECTION,0.3333333333333333,1.0,0.6666666666666666,0.0,True,True,True,True,False,False,False,False,4,0,★ STRONG HIERARCHICAL CONFIRMATION,Equities → Technology → Semiconductors → DRAM,Asset Class: ● MIXED | Sector: ▲ BROAD NEW DETECTION | Peer Group: ▲ BROAD NEW DETECTION | Asset vs Peers: ▲ STRONG WITHIN PEERS
SMH,Equities,Technology,Semiconductors,ETF,Industry ETF,Semiconductors,Industry,▲ NEW DETECTION,▲ DAY 0 DETECTION,DAY 0 — DETECTION,— NO CURRENT ML SIGNAL,,▲ EARLY CONFIRMATION,● LONG-TERM TREND INTACT,FULL LONG-TERM HISTORY AVAILABLE,WATCH,60.730438715513344,67.16417910447761,60.0,62.47795115332429,EARLY ENTRY,85.55223880597015,0.008,0.528,0.96,568.53,563.989,565.693,569.104,573.028,482.055,0.008,0,0.528,0.96,1.0,0.3333333333333333,0.5,0.5,0.3333333333333333,0.3333333333333333,0.6666666666666666,,0.5,0.6666666666666666,0.8333333333333334,3,YES,● MIDDLE OF PEER GROUP,50,0.18,0.26,0.16,0.22,● MIXED,9,0.3333333333333333,0.5555555555555556,0.4444444444444444,0.1111111111111111,▲ BROAD NEW DETECTION,3,▲ BROAD NEW DETECTION,0.3333333333333333,1.0,0.6666666666666666,0.0,True,False,True,True,False,False,False,False,3,0,▲ MULTI-LEVEL SUPPORT,Equities → Technology → Semiconductors → SMH,Asset Class: ● MIXED | Sector: ▲ BROAD NEW DETECTION | Peer Group: ▲ BROAD NEW DETECTION | Asset vs Peers: ● MIDDLE OF PEER GROUP
SOXX,Equities,Technology,Semiconductors,ETF,Industry ETF,Semiconductors,Industry,▲ NEW DETECTION,▲ DAY 0 DETECTION,DAY 0 — DETECTION,— NO CURRENT ML SIGNAL,,▲ EMERGING CONFIRMATION,● LONG-TERM TREND INTACT,FULL LONG-TERM HISTORY AVAILABLE,EMERGING,59.47082767978291,80.59701492537313,60.0,65.94097693351425,EARLY ENTRY,86.74626865671641,0.011,0.478,0.772,527.07,521.185,524.488,531.523,537.028,436.334,0.011,0,0.478,0.772,0.5,0.6666666666666666,0.5,1.0,0.6666666666666666,0.6666666666666666,0.3333333333333333,,1.0,0.6666666666666666,0.8333333333333334,3,YES,▲ ABOVE-AVERAGE WITHIN PEERS,50,0.18,0.26,0.16,0.22,● MIXED,9,0.3333333333333333,0.5555555555555556,0.4444444444444444,0.1111111111111111,▲ BROAD NEW DETECTION,3,▲ BROAD NEW DETECTION,0.3333333333333333,1.0,0.6666666666666666,0.0,True,True,True,True,False,False,False,False,4,0,★ STRONG HIERARCHICAL CONFIRMATION,Equities → Technology → Semiconductors → SOXX,Asset Class: ● MIXED | Sector: ▲ BROAD NEW DETECTION | Peer Group: ▲ BROAD NEW DETECTION | Asset vs Peers: ▲ ABOVE-AVERAGE WITHIN PEERS
IGV,Equities,Technology,Software,ETF,Industry ETF,Software,Industry,● PULLBACK / REVIEW,▼ RECENT EMA20 BREAK,OUTSIDE BULLISH EARLY WINDOW,● MODERATE,0.7692307692307693,— NOT CONFIRMED,▲ POSITIVE STRUCTURE,FULL LONG-TERM HISTORY AVAILABLE,WATCH,50.86047037539575,7.462686567164178,70.0,42.62601763907735,NO SIGNAL,25.089552238805965,-0.016,-0.603,1.823,101.52,103.173,103.222,98.839,94.979,93.609,-0.016,3,-0.603,1.823,,,,,,,,,,,,1,NO — SINGLE MEMBER,NO PEER COMPARISON YET,50,0.18,0.26,0.16,0.22,● MIXED,9,0.3333333333333333,0.5555555555555556,0.4444444444444444,0.1111111111111111,▲ BROAD NEW DETECTION,1,SINGLE-ASSET GROUP,0.0,0.0,0.0,0.0,False,False,False,True,False,False,False,False,1,0,● MIXED HIERARCHY,Equities → Technology → Software → IGV,Asset Class: ● MIXED | Sector: ▲ BROAD NEW DETECTION | Peer Group: SINGLE-ASSET GROUP | Asset vs Peers: NO PEER COMPARISON YET
XLK,Equities,Technology,Broad Technology,ETF,Sector ETF,Technology,Sector,▲ NEW DETECTION,▲ DAY 0 DETECTION,DAY 0 — DETECTION,★ VERY HIGH,0.9230769230769232,▲ CONFIRMED LEADER,▲ FULL BULL STRUCTURE,FULL LONG-TERM HISTORY AVAILABLE,LEADER,74.56354590682949,64.17910447761194,100.0,77.80732700135685,EARLY ENTRY,87.46268656716418,0.012,0.583,1.318,187.67,185.492,185.403,182.727,180.304,161.115,0.012,0,0.583,1.318,,,,,,,,,,,,1,NO — SINGLE MEMBER,NO PEER COMPARISON YET,50,0.18,0.26,0.16,0.22,● MIXED,9,0.3333333333333333,0.5555555555555556,0.4444444444444444,0.1111111111111111,▲ BROAD NEW DETECTION,1,SINGLE-ASSET GROUP,1.0,1.0,1.0,0.0,True,False,False,True,False,False,False,False,2,0,▲ ASSET + SECTOR SUPPORT / NO PEER SET,Equities → Technology → Technology → XLK,Asset Class: ● MIXED | Sector: ▲ BROAD NEW DETECTION | Peer Group: SINGLE-ASSET GROUP | Asset vs Peers: NO PEER COMPARISON YET
XLU,Equities,Utilities,Broad Utilities,ETF,Sector ETF,Utilities,Sector,▼ STRUCTURAL CAUTION,▼ RECENT EMA20 BREAK,OUTSIDE BULLISH EARLY WINDOW,— NO CURRENT ML SIGNAL,,▼ DETERIORATING,▼ STRUCTURAL CAUTION,FULL LONG-TERM HISTORY AVAILABLE,LAGGING,28.669154228855724,73.13432835820896,0.0,34.84141791044777,NO SIGNAL,32.08955223880597,-0.018,-0.492,-0.964,42.39,43.158,43.4,44.219,44.489,44.281,-0.018,2,-0.492,-0.964,,,,,,,,,,,,1,NO — SINGLE MEMBER,NO PEER COMPARISON YET,50,0.18,0.26,0.16,0.22,● MIXED,1,0.0,0.0,0.0,1.0,▼ BROAD STRUCTURAL PRESSURE,1,SINGLE-ASSET GROUP,0.0,0.0,0.0,1.0,False,False,False,False,False,False,True,False,0,1,● MIXED HIERARCHY,Equities → Utilities → Utilities → XLU,Asset Class: ● MIXED | Sector: ▼ BROAD STRUCTURAL PRESSURE | Peer Group: SINGLE-ASSET GROUP | Asset vs Peers: NO PEER COMPARISON YET
TIP,Fixed Income,Treasuries,Inflation-Protected Treasuries,ETF,Bond ETF,Inflation-Protected Bonds,Duration/Inflation,▼ STRUCTURAL CAUTION,● NEAR EMA20,OUTSIDE BULLISH EARLY WINDOW,— NO CURRENT ML SIGNAL,,— NOT CONFIRMED,▼ STRUCTURAL CAUTION,FULL LONG-TERM HISTORY AVAILABLE,WATCH,41.3783355947535,74.6268656716418,0.0,41.008310719131615,NO SIGNAL,43.28358208955224,-0.01,-0.202,-0.036,105.84,106.871,106.991,107.056,107.391,107.16,-0.01,9,-0.202,-0.036,,,,,,,,,,,,1,NO — SINGLE MEMBER,NO PEER COMPARISON YET,4,0.0,0.0,0.0,0.75,▼ BROAD STRUCTURAL PRESSURE,4,0.0,0.0,0.0,0.75,▼ BROAD STRUCTURAL PRESSURE,1,SINGLE-ASSET GROUP,0.0,0.0,0.0,1.0,False,False,False,False,False,False,True,True,0,2,▼ MULTI-LEVEL CAUTION,Fixed Income → Treasuries → Inflation-Protected Bonds → TIP,Asset Class: ▼ BROAD STRUCTURAL PRESSURE | Sector: ▼ BROAD STRUCTURAL PRESSURE | Peer Group: SINGLE-ASSET GROUP | Asset vs Peers: NO PEER COMPARISON YET
IEF,Fixed Income,Treasuries,7-10 Year U.S. Treasury,ETF,Bond ETF,Intermediate Treasuries,Duration,▼ STRUCTURAL CAUTION,● NEAR EMA20,OUTSIDE BULLISH EARLY WINDOW,— NO CURRENT ML SIGNAL,,▼ DETERIORATING,▼ STRUCTURAL CAUTION,FULL LONG-TERM HISTORY AVAILABLE,LAGGING,34.11917684305744,68.65671641791045,0.0,35.95064450474898,NO SIGNAL,36.791044776119406,-0.013,-0.406,-0.162,91.01,92.209,92.481,92.629,92.927,93.427,-0.013,9,-0.406,-0.162,,,,,,,,,,,,1,NO — SINGLE MEMBER,NO PEER COMPARISON YET,4,0.0,0.0,0.0,0.75,▼ BROAD STRUCTURAL PRESSURE,4,0.0,0.0,0.0,0.75,▼ BROAD STRUCTURAL PRESSURE,1,SINGLE-ASSET GROUP,0.0,0.0,0.0,1.0,False,False,False,False,False,False,True,True,0,2,▼ MULTI-LEVEL CAUTION,Fixed Income → Treasuries → Intermediate Treasuries → IEF,Asset Class: ▼ BROAD STRUCTURAL PRESSURE | Sector: ▼ BROAD STRUCTURAL PRESSURE | Peer Group: SINGLE-ASSET GROUP | Asset vs Peers: NO PEER COMPARISON YET
TLT,Fixed Income,Treasuries,20+ Year U.S. Treasury,ETF,Bond ETF,Long Treasuries,Duration,▼ STRUCTURAL CAUTION,● NEAR EMA20,OUTSIDE BULLISH EARLY WINDOW,— NO CURRENT ML SIGNAL,,▼ DETERIORATING,▼ STRUCTURAL CAUTION,FULL LONG-TERM HISTORY AVAILABLE,LAGGING,32.232021709633656,71.64179104477611,0.0,35.99694708276798,NO SIGNAL,38.13432835820896,-0.013,-0.391,-0.237,80.87,81.972,82.041,82.58,83.502,84.5,-0.013,8,-0.391,-0.237,,,,,,,,,,,,1,NO — SINGLE MEMBER,NO PEER COMPARISON YET,4,0.0,0.0,0.0,0.75,▼ BROAD STRUCTURAL PRESSURE,4,0.0,0.0,0.0,0.75,▼ BROAD STRUCTURAL PRESSURE,1,SINGLE-ASSET GROUP,0.0,0.0,0.0,1.0,False,False,False,False,False,False,True,True,0,2,▼ MULTI-LEVEL CAUTION,Fixed Income → Treasuries → Long Treasuries → TLT,Asset Class: ▼ BROAD STRUCTURAL PRESSURE | Sector: ▼ BROAD STRUCTURAL PRESSURE | Peer Group: SINGLE-ASSET GROUP | Asset vs Peers: NO PEER COMPARISON YET
SHY,Fixed Income,Treasuries,1-3 Year U.S. Treasury,ETF,Bond ETF,Short Treasuries,Duration,● PULLBACK / REVIEW,▼ RECENT EMA20 BREAK,OUTSIDE BULLISH EARLY WINDOW,— NO CURRENT ML SIGNAL,,— NOT CONFIRMED,● LONG-TERM TREND INTACT,FULL LONG-TERM HISTORY AVAILABLE,WATCH,49.82926277702397,85.07462686567165,30.0,55.44555630936228,NO SIGNAL,52.70149253731344,-0.003,-0.07,0.024,81.37,81.624,81.669,81.569,81.414,81.215,-0.003,3,-0.07,0.024,,,,,,,,,,,,1,NO — SINGLE MEMBER,NO PEER COMPARISON YET,4,0.0,0.0,0.0,0.75,▼ BROAD STRUCTURAL PRESSURE,4,0.0,0.0,0.0,0.75,▼ BROAD STRUCTURAL PRESSURE,1,SINGLE-ASSET GROUP,0.0,0.0,0.0,0.0,False,False,False,False,False,False,True,True,0,2,▼ MULTI-LEVEL CAUTION,Fixed Income → Treasuries → Short Treasuries → SHY,Asset Class: ▼ BROAD STRUCTURAL PRESSURE | Sector: ▼ BROAD STRUCTURAL PRESSURE | Peer Group: SINGLE-ASSET GROUP | Asset vs Peers: NO PEER COMPARISON YET
VIXY,Volatility,Equity Volatility,VIX Short-Term Futures,ETF,Volatility ETF,Volatility,Volatility,▼ STRUCTURAL CAUTION,▼ RECENT EMA20 BREAK,OUTSIDE BULLISH EARLY WINDOW,— NO CURRENT ML SIGNAL,,▼ DETERIORATING,▼ STRUCTURAL CAUTION,FULL LONG-TERM HISTORY AVAILABLE,LAGGING,20.007914970601536,95.52238805970148,0.0,37.66027815468114,NO SIGNAL,35.373134328358205,-0.038,-1.745,-3.544,17.3,17.983,18.455,19.495,22.292,25.64,-0.038,0,-1.745,-3.544,,,,,,,,,,,,1,NO — SINGLE MEMBER,NO PEER COMPARISON YET,1,0.0,0.0,0.0,1.0,▼ BROAD STRUCTURAL PRESSURE,1,0.0,0.0,0.0,1.0,▼ BROAD STRUCTURAL PRESSURE,1,SINGLE-ASSET GROUP,0.0,0.0,0.0,1.0,False,False,False,False,False,False,True,True,0,2,▼ MULTI-LEVEL CAUTION,Volatility → Equity Volatility → Volatility → VIXY,Asset Class: ▼ BROAD STRUCTURAL PRESSURE | Sector: ▼ BROAD STRUCTURAL PRESSURE | Peer Group: SINGLE-ASSET GROUP | Asset vs Peers: NO PEER COMPARISON YET
