Ticker,Lifecycle_Zone,Lifecycle_Priority,Beach_Interpretation,Decision_Support_State,Detection_State,Signal_Window,ML_Quality,ML_Daily_PctRank,Confirmation_State,Early_Rotation_State,Rotation_State,Structure_State,Structure_History_Status,MA_Breadth_Display,MA_Breadth_Ratio,Price,EMA20_Position,MA30_Position,MA50_Position,MA100_Position,MA200_Position,Distance_To_EMA20,Distance_To_MA50,Distance_To_MA200,EMA20_Slope_5D_Pct,MA30_Slope_5D_Pct,Market_Data_Through,System_Refresh_Time,Decision_Priority,Price_EMA20_Last_Cross,Price_EMA20_Last_Cross_Date,Days_Since_Price_EMA20_Cross,ML_Signal_Date,ML_Percentile_Display,ML_Early_Leader_Probability,Early_Rotation_Score,Early_Rotation_Rank,Rotation_Readiness_Score,Rotation_Readiness_Rank,Momentum_Score,Momentum_Rank,Acceleration_Score,Acceleration_Rank,Trend_Score,EMA20,MA30,MA50,MA100,MA200,Above_EMA20,Above_MA30,Above_MA50,Above_MA100,Above_MA200,Initial_Risk_Reference,Long_Term_Structural_Reference,Earned_Protection_Status,Earned_Protection_Framework,Return_1W,Return_1M,Return_3M,Research_Note,Pct_Above_EMA20,Pct_Above_30,Pct_Above_50,Pct_Above_100,Pct_Above_200,EMA20_Zone,EMA20_Above_MA30,MA_Levels_Known,MA_Levels_Above
XLE,1 — EARLY DETECTION,1,Fresh technical activation; monitor for confirmation.,▲ EARLY WATCH,▲ FRESH EMA20 CROSS,DAY 5 — LATE EARLY WINDOW,— NO CURRENT ML SIGNAL,,▲ CONFIRMED LEADER,EARLY ENTRY,LEADER,▲ FULL BULL STRUCTURE,FULL LONG-TERM HISTORY AVAILABLE,5/5 ABOVE,1.0,64.98,▲ ABOVE,▲ ABOVE,▲ ABOVE,▲ ABOVE,▲ ABOVE,0.0296797502654222,0.0434196159033977,0.1542970831704979,0.674,0.276,2026-10-08,2026-10-08 09:44:55,4,CROSS ABOVE,2026-10-01,5,,No current ML signal,,84.59701492537314,10,91.81970827679784,2.0,85.8016734509272,5.0,94.02985074626866,5,100.0,63.107,63.409,62.276,59.245,56.294,True,True,True,True,True,MA50 — diversified portfolio research reference,MA200 — wider structural trend reference,POSITION DATA REQUIRED,+5% peak→MA100 | +10% peak→MA50 | +20% peak→MA30,3.64,0.09,18.68,Confirmed leadership already present,0.03,0.025,0.043,0.097,0.154,NEAR EMA20,False,5.0,5.0
UUP,2 — CONFIRMING / BUILDING,2,Early evidence is developing; evaluate confirmation quality.,— MONITOR,● NEAR EMA20,OUTSIDE BULLISH EARLY WINDOW,— NO CURRENT ML SIGNAL,,▲ EMERGING CONFIRMATION,EARLY ENTRY,EMERGING,▲ FULL BULL STRUCTURE,FULL LONG-TERM HISTORY AVAILABLE,5/5 ABOVE,1.0,28.995,▲ ABOVE,▲ ABOVE,▲ ABOVE,▲ ABOVE,▲ ABOVE,0.0109832635983264,0.0245945086398813,0.043924392439244,0.658,0.599,2026-10-08,2026-10-08 09:44:55,7,CROSS ABOVE,2026-09-14,18,,No current ML signal,,82.61194029850748,12,79.23354816824967,11.0,65.79262777023972,16.0,82.08955223880598,13,100.0,28.68,28.444,28.299,28.237,27.775,True,True,True,True,True,MA50 — diversified portfolio research reference,MA200 — wider structural trend reference,POSITION DATA REQUIRED,+5% peak→MA100 | +10% peak→MA50 | +20% peak→MA30,0.12,3.63,2.13,No exceptional current research condition,0.011,0.019,0.025,0.027,0.044,NEAR EMA20,True,5.0,5.0
SHY,2 — CONFIRMING / BUILDING,2,Early evidence is developing; evaluate confirmation quality.,▲ EARLY WATCH,▲ DAY 3 CONFIRMATION,DAY 3 — CONFIRMATION WINDOW,— NO CURRENT ML SIGNAL,,● DEVELOPING,BUILDING,WATCH,● LONG-TERM TREND INTACT,FULL LONG-TERM HISTORY AVAILABLE,2/5 ABOVE,0.4,81.12,▲ ABOVE,▼ BELOW,▼ BELOW,▼ BELOW,▲ ABOVE,0.0003206155819173,-0.0018579813217506,0.0011230547088081,0.015,-0.089,2026-10-08,2026-10-08 09:44:55,4,CROSS ABOVE,2026-10-05,3,,No current ML signal,,60.14179104477611,23,58.61550203527816,20.0,53.51537765716871,32.0,77.61194029850746,16,45.0,81.094,81.154,81.271,81.176,81.029,True,False,False,False,True,MA50 — diversified portfolio research reference,MA200 — wider structural trend reference,POSITION DATA REQUIRED,+5% peak→MA100 | +10% peak→MA50 | +20% peak→MA30,0.02,-0.33,-0.03,Below MA50 while broader MA200 structure remains intact,0.0,-0.0,-0.002,-0.001,0.001,NEAR EMA20,False,5.0,2.0
XLK,3 — LEADING,3,Confirmed leadership currently present.,● ESTABLISHED LEADER,▲ ESTABLISHED ABOVE EMA20,OUTSIDE BULLISH EARLY WINDOW,★ VERY HIGH,0.9230769230769232,▲ CONFIRMED LEADER,EARLY ENTRY,LEADER,▲ FULL BULL STRUCTURE,FULL LONG-TERM HISTORY AVAILABLE,5/5 ABOVE,1.0,200.61,▲ ABOVE,▲ ABOVE,▲ ABOVE,▲ ABOVE,▲ ABOVE,0.0273362284403295,0.064306139880842,0.2100904204945077,1.936,1.678,2026-10-08,2026-10-08 09:44:55,5,CROSS ABOVE,2026-09-17,15,2026-09-04,92nd percentile,0.5493451655368173,89.17910447761196,5,86.33005427408413,5.0,86.53776571687021,3.0,74.6268656716418,18,100.0,195.272,191.361,188.489,185.537,165.781,True,True,True,True,True,MA50 — diversified portfolio research reference,MA200 — wider structural trend reference,POSITION DATA REQUIRED,+5% peak→MA100 | +10% peak→MA50 | +20% peak→MA30,1.42,6.91,8.11,Current walk-forward RF candidate ranking available | Confirmed leadership already present,0.027,0.048,0.064,0.081,0.21,NEAR EMA20,True,5.0,5.0
IGV,3 — LEADING,3,Confirmed leadership currently present.,● ESTABLISHED LEADER,▲ ESTABLISHED ABOVE EMA20,OUTSIDE BULLISH EARLY WINDOW,● MODERATE,0.7692307692307693,▲ CONFIRMED LEADER,EARLY ENTRY,LEADER,▲ FULL BULL STRUCTURE,FULL LONG-TERM HISTORY AVAILABLE,5/5 ABOVE,1.0,110.28,▲ ABOVE,▲ ABOVE,▲ ABOVE,▲ ABOVE,▲ ABOVE,0.0275236196261856,0.0548769405890399,0.1771989752348419,1.618,1.186,2026-10-08,2026-10-08 09:44:55,5,CROSS ABOVE,2026-09-30,6,2026-09-04,77th percentile,0.524435329332719,89.62686567164178,4,84.2790027137042,6.0,83.96992311171415,6.0,71.64179104477611,20,100.0,107.326,106.511,104.543,98.681,93.68,True,True,True,True,True,MA50 — diversified portfolio research reference,MA200 — wider structural trend reference,POSITION DATA REQUIRED,+5% peak→MA100 | +10% peak→MA50 | +20% peak→MA30,1.89,8.3,19.34,Current walk-forward RF candidate ranking available | Confirmed leadership already present,0.028,0.035,0.055,0.118,0.177,NEAR EMA20,True,5.0,5.0
QQQ,3 — LEADING,3,Confirmed leadership currently present.,● ESTABLISHED LEADER,▲ ESTABLISHED ABOVE EMA20,OUTSIDE BULLISH EARLY WINDOW,— LOW,0.4615384615384615,▲ CONFIRMED LEADER,EARLY ENTRY,LEADER,▲ FULL BULL STRUCTURE,FULL LONG-TERM HISTORY AVAILABLE,5/5 ABOVE,1.0,755.44,▲ ABOVE,▲ ABOVE,▲ ABOVE,▲ ABOVE,▲ ABOVE,0.0209752405665477,0.0451707340019451,0.1271102358092937,1.428,1.061,2026-10-08,2026-10-08 09:44:55,5,CROSS ABOVE,2026-09-17,15,2026-09-04,46th percentile,0.3620797418866223,90.44776119402984,3,88.22438941655359,4.0,82.78720036182723,7.0,86.56716417910447,10,100.0,739.92,728.719,722.791,718.743,670.245,True,True,True,True,True,MA50 — diversified portfolio research reference,MA200 — wider structural trend reference,POSITION DATA REQUIRED,+5% peak→MA100 | +10% peak→MA50 | +20% peak→MA30,1.81,5.57,4.23,Current walk-forward RF candidate ranking available | Confirmed leadership already present,0.021,0.037,0.045,0.051,0.127,NEAR EMA20,True,5.0,5.0
VOO,3 — LEADING,3,Confirmed leadership currently present.,▲ EARLY WATCH,▲ DAY 4 CONFIRMATION,DAY 4 — CONFIRMATION WINDOW,— LOW,0.1538461538461538,▲ CONFIRMED LEADER,EARLY ENTRY,LEADER,▲ FULL BULL STRUCTURE,FULL LONG-TERM HISTORY AVAILABLE,5/5 ABOVE,1.0,713.25,▲ ABOVE,▲ ABOVE,▲ ABOVE,▲ ABOVE,▲ ABOVE,0.0091756099976654,0.0136445870028949,0.0791954716912615,0.574,0.275,2026-10-08,2026-10-08 09:44:55,4,CROSS ABOVE,2026-10-02,4,2026-09-04,15th percentile,0.1502483040380217,85.44776119402985,7,84.06478968792402,7.0,75.53369516056082,13.0,83.5820895522388,12,100.0,706.765,704.165,703.649,692.768,660.909,True,True,True,True,True,MA50 — diversified portfolio research reference,MA200 — wider structural trend reference,POSITION DATA REQUIRED,+5% peak→MA100 | +10% peak→MA50 | +20% peak→MA30,1.55,2.03,3.06,Current walk-forward RF candidate ranking available | Confirmed leadership already present,0.009,0.013,0.014,0.03,0.079,NEAR EMA20,True,5.0,5.0
SPY,3 — LEADING,3,Confirmed leadership currently present.,▲ EARLY WATCH,▲ DAY 4 CONFIRMATION,DAY 4 — CONFIRMATION WINDOW,— LOW,0.0769230769230769,▲ CONFIRMED LEADER,EARLY ENTRY,LEADER,▲ FULL BULL STRUCTURE,FULL LONG-TERM HISTORY AVAILABLE,5/5 ABOVE,1.0,775.96,▲ ABOVE,▲ ABOVE,▲ ABOVE,▲ ABOVE,▲ ABOVE,0.0091727608150269,0.013598066749396,0.0789615294233794,0.571,0.272,2026-10-08,2026-10-08 09:44:55,4,CROSS ABOVE,2026-10-02,4,2026-09-04,8th percentile,0.1494214580491297,85.59701492537314,6,84.00729308005428,8.0,74.4109000452284,15.0,85.07462686567165,11,100.0,768.907,766.096,765.55,753.764,719.173,True,True,True,True,True,MA50 — diversified portfolio research reference,MA200 — wider structural trend reference,POSITION DATA REQUIRED,+5% peak→MA100 | +10% peak→MA50 | +20% peak→MA30,1.57,2.03,3.04,Current walk-forward RF candidate ranking available | Confirmed leadership already present,0.009,0.013,0.014,0.029,0.079,NEAR EMA20,True,5.0,5.0
XOP,3 — LEADING,3,Confirmed leadership currently present.,▲ EARLY WATCH,▲ DAY 4 CONFIRMATION,DAY 4 — CONFIRMATION WINDOW,— NO CURRENT ML SIGNAL,,▲ CONFIRMED LEADER,EARLY ENTRY,LEADER,▲ FULL BULL STRUCTURE,FULL LONG-TERM HISTORY AVAILABLE,5/5 ABOVE,1.0,192.43,▲ ABOVE,▲ ABOVE,▲ ABOVE,▲ ABOVE,▲ ABOVE,0.032538123906721,0.0452755370868303,0.175654787724754,0.791,0.262,2026-10-08,2026-10-08 09:44:55,4,CROSS ABOVE,2026-10-02,4,,No current ML signal,,84.29850746268656,11,93.40010176390774,1.0,86.3285843509724,4.0,98.50746268656717,2,100.0,186.366,188.127,184.095,173.746,163.679,True,True,True,True,True,MA50 — diversified portfolio research reference,MA200 — wider structural trend reference,POSITION DATA REQUIRED,+5% peak→MA100 | +10% peak→MA50 | +20% peak→MA30,4.41,-0.93,21.84,Confirmed leadership already present,0.033,0.023,0.045,0.108,0.176,NEAR EMA20,False,5.0,5.0
CIBR,3 — LEADING,3,Confirmed leadership currently present.,● ESTABLISHED LEADER,▲ ESTABLISHED ABOVE EMA20,OUTSIDE BULLISH EARLY WINDOW,— NO CURRENT ML SIGNAL,,▲ CONFIRMED LEADER,EARLY ENTRY,LEADER,▲ FULL BULL STRUCTURE,FULL LONG-TERM HISTORY AVAILABLE,5/5 ABOVE,1.0,107.21,▲ ABOVE,▲ ABOVE,▲ ABOVE,▲ ABOVE,▲ ABOVE,0.0415007091647399,0.0845616129325954,0.3311398063074247,2.385,2.202,2026-10-08,2026-10-08 09:44:55,5,CROSS ABOVE,2026-09-14,18,,No current ML signal,,93.88059701492536,2,89.86889416553596,3.0,93.40682948891904,1.0,76.11940298507463,17,100.0,102.938,100.532,98.851,93.339,80.54,True,True,True,True,True,MA50 — diversified portfolio research reference,MA200 — wider structural trend reference,POSITION DATA REQUIRED,+5% peak→MA100 | +10% peak→MA50 | +20% peak→MA30,3.31,13.48,16.69,Confirmed leadership already present,0.041,0.066,0.085,0.149,0.331,NEAR EMA20,True,5.0,5.0
SKYY,3 — LEADING,3,Confirmed leadership currently present.,● ESTABLISHED LEADER,▲ ESTABLISHED ABOVE EMA20,OUTSIDE BULLISH EARLY WINDOW,— NO CURRENT ML SIGNAL,,▲ CONFIRMED LEADER,BUILDING,LEADER,▲ FULL BULL STRUCTURE,FULL LONG-TERM HISTORY AVAILABLE,5/5 ABOVE,1.0,170.89,▲ ABOVE,▲ ABOVE,▲ ABOVE,▲ ABOVE,▲ ABOVE,0.0288504376934097,0.0579262441730172,0.2793370116112803,1.653,1.078,2026-10-08,2026-10-08 09:44:55,5,CROSS ABOVE,2026-09-30,6,,No current ML signal,,85.29850746268657,8,81.26679104477613,9.0,92.20149253731344,2.0,49.25373134328358,35,100.0,166.098,164.347,161.533,148.783,133.577,True,True,True,True,True,MA50 — diversified portfolio research reference,MA200 — wider structural trend reference,POSITION DATA REQUIRED,+5% peak→MA100 | +10% peak→MA50 | +20% peak→MA30,2.35,8.06,22.27,Confirmed leadership already present,0.029,0.04,0.058,0.149,0.279,NEAR EMA20,True,5.0,5.0
SMH,3 — LEADING,3,Confirmed leadership currently present.,● ESTABLISHED LEADER,▲ ESTABLISHED ABOVE EMA20,OUTSIDE BULLISH EARLY WINDOW,— NO CURRENT ML SIGNAL,,▲ CONFIRMED LEADER,EARLY ENTRY,LEADER,▲ FULL BULL STRUCTURE,FULL LONG-TERM HISTORY AVAILABLE,5/5 ABOVE,1.0,619.79,▲ ABOVE,▲ ABOVE,▲ ABOVE,▲ ABOVE,▲ ABOVE,0.0272410558312365,0.0737872487872486,0.2271101070917336,2.695,2.099,2026-10-08,2026-10-08 09:44:55,5,CROSS ABOVE,2026-09-17,15,,No current ML signal,,85.1865671641791,9,81.09023066485753,10.0,81.85888738127544,8.0,64.17910447761194,25,100.0,603.354,584.173,577.2,586.792,505.081,True,True,True,True,True,MA50 — diversified portfolio research reference,MA200 — wider structural trend reference,POSITION DATA REQUIRED,+5% peak→MA100 | +10% peak→MA50 | +20% peak→MA30,0.32,7.92,1.43,Confirmed leadership already present,0.027,0.061,0.074,0.056,0.227,NEAR EMA20,True,5.0,5.0
PDBC,3 — LEADING,3,Confirmed leadership currently present.,▲ EARLY WATCH,▲ DAY 2 CONFIRMATION,DAY 2 — CONFIRMATION WINDOW,— NO CURRENT ML SIGNAL,,▲ CONFIRMED LEADER,BUILDING,LEADER,▲ FULL BULL STRUCTURE,FULL LONG-TERM HISTORY AVAILABLE,5/5 ABOVE,1.0,19.717,▲ ABOVE,▲ ABOVE,▲ ABOVE,▲ ABOVE,▲ ABOVE,0.016602217066254,0.0503409333049222,0.1659964518036663,0.254,0.912,2026-10-08,2026-10-08 09:44:55,4,CROSS ABOVE,2026-10-06,2,,No current ML signal,,75.18656716417911,15,75.23168249660787,12.0,81.77521483491633,9.0,44.776119402985074,38,100.0,19.395,19.392,18.772,17.962,16.91,True,True,True,True,True,MA50 — diversified portfolio research reference,MA200 — wider structural trend reference,POSITION DATA REQUIRED,+5% peak→MA100 | +10% peak→MA50 | +20% peak→MA30,0.8,0.59,19.93,Confirmed leadership already present,0.017,0.017,0.05,0.098,0.166,NEAR EMA20,True,5.0,5.0
AIQ,3 — LEADING,3,Confirmed leadership currently present.,● ESTABLISHED LEADER,● NEAR EMA20,OUTSIDE BULLISH EARLY WINDOW,— NO CURRENT ML SIGNAL,,▲ CONFIRMED LEADER,BUILDING,LEADER,▲ FULL BULL STRUCTURE,FULL LONG-TERM HISTORY AVAILABLE,5/5 ABOVE,1.0,66.19,▲ ABOVE,▲ ABOVE,▲ ABOVE,▲ ABOVE,▲ ABOVE,0.0107040877093862,0.0347199424721349,0.1478963615552704,1.104,0.938,2026-10-08,2026-10-08 09:44:55,5,CROSS ABOVE,2026-09-17,15,,No current ML signal,,77.76119402985074,14,73.41824966078697,14.0,79.73541383989145,10.0,41.7910447761194,40,100.0,65.489,64.86,63.969,63.531,57.662,True,True,True,True,True,MA50 — diversified portfolio research reference,MA200 — wider structural trend reference,POSITION DATA REQUIRED,+5% peak→MA100 | +10% peak→MA50 | +20% peak→MA30,0.79,3.24,4.33,Confirmed leadership already present,0.011,0.021,0.035,0.042,0.148,NEAR EMA20,True,5.0,5.0
SOXX,3 — LEADING,3,Confirmed leadership currently present.,● ESTABLISHED LEADER,▲ ESTABLISHED ABOVE EMA20,OUTSIDE BULLISH EARLY WINDOW,— NO CURRENT ML SIGNAL,,▲ CONFIRMED LEADER,BUILDING,LEADER,▲ FULL BULL STRUCTURE,FULL LONG-TERM HISTORY AVAILABLE,5/5 ABOVE,1.0,575.44,▲ ABOVE,▲ ABOVE,▲ ABOVE,▲ ABOVE,▲ ABOVE,0.0236213469095154,0.0729955453455482,0.2495087214162721,2.653,2.199,2026-10-08,2026-10-08 09:44:55,5,CROSS ABOVE,2026-09-17,15,,No current ML signal,,78.73134328358209,13,72.48405698778834,15.0,78.65445499773858,11.0,40.298507462686565,41,100.0,562.161,541.872,536.293,551.577,460.533,True,True,True,True,True,MA50 — diversified portfolio research reference,MA200 — wider structural trend reference,POSITION DATA REQUIRED,+5% peak→MA100 | +10% peak→MA50 | +20% peak→MA30,-0.15,8.24,-0.95,Confirmed leadership already present,0.024,0.062,0.073,0.043,0.25,NEAR EMA20,True,5.0,5.0
DRAM,5 — WEAKENING / PULLBACK,5,Momentum / trend evidence is deteriorating or pulling back.,— MONITOR,▼ RECENT EMA20 BREAK,OUTSIDE BULLISH EARLY WINDOW,★★ ELITE,1.0,— NOT CONFIRMED,NO SIGNAL,WATCH,● PARTIAL-HISTORY MIXED STRUCTURE,MA200 NOT YET AVAILABLE,1/4 ABOVE,0.25,58.41,▼ BELOW,▼ BELOW,▲ ABOVE,▼ BELOW,— N/A,-0.0237339127527996,0.0208861312592849,,0.305,1.095,2026-10-08,2026-10-08 09:44:55,7,CROSS BELOW,2026-10-08,0,2026-09-04,100th percentile,0.6485486471767851,36.32835820895522,37,,,,,2.985074626865672,66,28.57142857142857,59.83,59.129,57.215,59.509,,False,False,True,False,,MA50 — diversified portfolio research reference,MA200 — wider structural trend reference,POSITION DATA REQUIRED,+5% peak→MA100 | +10% peak→MA50 | +20% peak→MA30,-5.84,-5.15,-7.35,Current walk-forward RF candidate ranking available | MA200 unavailable because current price history is insufficient for that measure,-0.024,-0.012,0.021,-0.018,,NEAR EMA20,True,4.0,1.0
PPH,5 — WEAKENING / PULLBACK,5,Momentum / trend evidence is deteriorating or pulling back.,● PULLBACK / REVIEW,● NEAR EMA20,OUTSIDE BULLISH EARLY WINDOW,▲ HIGH,0.8461538461538461,— NOT CONFIRMED,NO SIGNAL,WATCH,● LONG-TERM TREND INTACT,FULL LONG-TERM HISTORY AVAILABLE,1/5 ABOVE,0.2,107.56,▼ BELOW,▼ BELOW,▼ BELOW,▼ BELOW,▲ ABOVE,-0.0199990888797776,-0.0343056715238685,0.0138083792827183,-0.916,-1.164,2026-10-08,2026-10-08 09:44:55,6,CROSS BELOW,2026-09-08,22,2026-09-04,85th percentile,0.5414900511828025,26.044776119402982,47,40.6317842605156,37.0,49.74559023066486,35.0,35.82089552238806,44,30.0,109.755,110.798,111.381,108.784,106.095,False,False,False,False,True,MA50 — diversified portfolio research reference,MA200 — wider structural trend reference,POSITION DATA REQUIRED,+5% peak→MA100 | +10% peak→MA50 | +20% peak→MA30,-0.54,-2.0,-0.81,Current walk-forward RF candidate ranking available | Below MA50 while broader MA200 structure remains intact,-0.02,-0.029,-0.034,-0.011,0.014,NEAR EMA20,False,5.0,1.0
COPX,5 — WEAKENING / PULLBACK,5,Momentum / trend evidence is deteriorating or pulling back.,● PULLBACK / REVIEW,▼ BELOW EMA20,OUTSIDE BULLISH EARLY WINDOW,● MODERATE,0.6153846153846154,— NOT CONFIRMED,NO SIGNAL,WATCH,● LONG-TERM TREND INTACT,FULL LONG-TERM HISTORY AVAILABLE,1/5 ABOVE,0.2,83.11,▼ BELOW,▼ BELOW,▼ BELOW,▼ BELOW,▲ ABOVE,-0.0352872896111434,-0.0542032251089641,0.0011564314452985,-0.954,-1.701,2026-10-08,2026-10-08 09:44:55,6,CROSS BELOW,2026-09-23,11,2026-09-04,62nd percentile,0.5022142302229864,15.671641791044776,60,34.158073270013574,49.0,48.29488919041158,36.0,16.417910447761194,57,30.0,86.15,88.046,87.873,84.23,83.014,False,False,False,False,True,MA50 — diversified portfolio research reference,MA200 — wider structural trend reference,POSITION DATA REQUIRED,+5% peak→MA100 | +10% peak→MA50 | +20% peak→MA30,-0.35,-12.76,8.58,Current walk-forward RF candidate ranking available | Below MA50 while broader MA200 structure remains intact,-0.035,-0.056,-0.054,-0.013,0.001,NEAR EMA20,False,5.0,1.0
XLF,5 — WEAKENING / PULLBACK,5,Momentum / trend evidence is deteriorating or pulling back.,● PULLBACK / REVIEW,● NEAR EMA20,OUTSIDE BULLISH EARLY WINDOW,— LOW,0.3846153846153846,— NOT CONFIRMED,NO SIGNAL,WATCH,● LONG-TERM TREND INTACT,FULL LONG-TERM HISTORY AVAILABLE,1/5 ABOVE,0.2,53.655,▼ BELOW,▼ BELOW,▼ BELOW,▼ BELOW,▲ ABOVE,-0.0188889701579871,-0.0490411541597248,0.0061884669479606,-1.09,-1.149,2026-10-08,2026-10-08 09:44:55,6,CROSS BELOW,2026-09-08,22,2026-09-04,38th percentile,0.3533446507930686,28.35820895522388,45,39.99270691994573,40.0,43.350293984622354,41.0,43.28358208955223,39,30.0,54.688,55.682,56.422,55.059,53.325,False,False,False,False,True,MA50 — diversified portfolio research reference,MA200 — wider structural trend reference,POSITION DATA REQUIRED,+5% peak→MA100 | +10% peak→MA50 | +20% peak→MA30,0.36,-5.63,-3.35,Current walk-forward RF candidate ranking available | Below MA50 while broader MA200 structure remains intact,-0.019,-0.036,-0.049,-0.025,0.006,NEAR EMA20,False,5.0,1.0
USO,5 — WEAKENING / PULLBACK,5,Momentum / trend evidence is deteriorating or pulling back.,▲ NEW DETECTION,▲ DAY 0 DETECTION,DAY 0 — DETECTION,— NO CURRENT ML SIGNAL,,● DEVELOPING,BUILDING,WEAKENING,▲ FULL BULL STRUCTURE,FULL LONG-TERM HISTORY AVAILABLE,5/5 ABOVE,1.0,149.25,▲ ABOVE,▲ ABOVE,▲ ABOVE,▲ ABOVE,▲ ABOVE,0.0173338695495102,0.0754199001318607,0.278525904605263,-0.323,1.718,2026-10-08,2026-10-08 09:44:55,3,CROSS ABOVE,2026-10-08,0,,No current ML signal,,65.27611940298507,20,64.03307327001357,16.0,76.78991406603348,12.0,14.925373134328357,58,100.0,146.707,147.122,138.783,131.496,116.736,True,True,True,True,True,MA50 — diversified portfolio research reference,MA200 — wider structural trend reference,POSITION DATA REQUIRED,+5% peak→MA100 | +10% peak→MA50 | +20% peak→MA30,-0.51,-0.48,37.3,No exceptional current research condition,0.017,0.014,0.075,0.135,0.279,NEAR EMA20,False,5.0,5.0
PEJ,5 — WEAKENING / PULLBACK,5,Momentum / trend evidence is deteriorating or pulling back.,● PULLBACK / REVIEW,▼ RECENT EMA20 BREAK,OUTSIDE BULLISH EARLY WINDOW,— NO CURRENT ML SIGNAL,,— NOT CONFIRMED,NO SIGNAL,WATCH,● LONG-TERM TREND INTACT,FULL LONG-TERM HISTORY AVAILABLE,1/5 ABOVE,0.2,62.85,▼ BELOW,▼ BELOW,▼ BELOW,▼ BELOW,▲ ABOVE,-0.0006042488233048,-0.0331810420416263,0.0057609217474796,-0.174,-1.426,2026-10-08,2026-10-08 09:44:55,6,CROSS BELOW,2026-10-07,1,,No current ML signal,,48.58208955223881,25,59.62856173677069,19.0,56.13975576662144,27.0,89.55223880597015,8,30.0,62.888,63.192,65.007,64.757,62.49,False,False,False,False,True,MA50 — diversified portfolio research reference,MA200 — wider structural trend reference,POSITION DATA REQUIRED,+5% peak→MA100 | +10% peak→MA50 | +20% peak→MA30,1.67,0.07,-4.99,Below MA50 while broader MA200 structure remains intact,-0.001,-0.005,-0.033,-0.029,0.006,NEAR EMA20,False,5.0,1.0
IBIT,5 — WEAKENING / PULLBACK,5,Momentum / trend evidence is deteriorating or pulling back.,— MONITOR,● NEAR EMA20,OUTSIDE BULLISH EARLY WINDOW,— NO CURRENT ML SIGNAL,,▲ EARLY CONFIRMATION,BUILDING,WEAKENING,▲ FULL BULL STRUCTURE,FULL LONG-TERM HISTORY AVAILABLE,5/5 ABOVE,1.0,46.705,▲ ABOVE,▲ ABOVE,▲ ABOVE,▲ ABOVE,▲ ABOVE,0.001694333633595,0.0892278271414912,0.1148906712498805,1.472,1.471,2026-10-08,2026-10-08 09:44:55,7,CROSS ABOVE,2026-08-17,37,,No current ML signal,,66.49253731343283,18,57.78782225237449,21.0,63.90660334690185,19.0,13.432835820895525,59,100.0,46.626,45.966,42.879,40.054,41.892,True,True,True,True,True,MA50 — diversified portfolio research reference,MA200 — wider structural trend reference,POSITION DATA REQUIRED,+5% peak→MA100 | +10% peak→MA50 | +20% peak→MA30,-2.62,5.45,28.91,No exceptional current research condition,0.002,0.016,0.089,0.166,0.115,NEAR EMA20,True,5.0,5.0
DBA,5 — WEAKENING / PULLBACK,5,Momentum / trend evidence is deteriorating or pulling back.,● PULLBACK / REVIEW,▼ RECENT EMA20 BREAK,OUTSIDE BULLISH EARLY WINDOW,— NO CURRENT ML SIGNAL,,— NOT CONFIRMED,NO SIGNAL,WATCH,● LONG-TERM TREND INTACT,FULL LONG-TERM HISTORY AVAILABLE,2/5 ABOVE,0.4,28.355,▼ BELOW,▼ BELOW,▼ BELOW,▲ ABOVE,▲ ABOVE,-0.0046686324066272,-0.0014086987145623,0.0430000735672773,-0.022,0.057,2026-10-08,2026-10-08 09:44:55,6,CROSS BELOW,2026-10-07,1,,No current ML signal,,46.992537313432834,27,57.2364314789688,22.0,59.61329715061059,23.0,59.70149253731343,28,50.0,28.488,28.722,28.395,27.825,27.186,False,False,False,True,True,MA50 — diversified portfolio research reference,MA200 — wider structural trend reference,POSITION DATA REQUIRED,+5% peak→MA100 | +10% peak→MA50 | +20% peak→MA30,0.8,-2.22,2.11,Below MA50 while broader MA200 structure remains intact,-0.005,-0.013,-0.001,0.019,0.043,NEAR EMA20,False,5.0,2.0
RSP,5 — WEAKENING / PULLBACK,5,Momentum / trend evidence is deteriorating or pulling back.,● PULLBACK / REVIEW,▼ RECENT EMA20 BREAK,OUTSIDE BULLISH EARLY WINDOW,— NO CURRENT ML SIGNAL,,— NOT CONFIRMED,NO SIGNAL,WATCH,● LONG-TERM TREND INTACT,FULL LONG-TERM HISTORY AVAILABLE,1/5 ABOVE,0.2,210.305,▼ BELOW,▼ BELOW,▼ BELOW,▼ BELOW,▲ ABOVE,-0.0065566646039312,-0.0251110225197244,0.027522084115072,-0.266,-0.768,2026-10-08,2026-10-08 09:44:55,6,CROSS BELOW,2026-10-07,1,,No current ML signal,,42.38805970149254,32,55.103120759837175,24.0,59.01854364540931,24.0,70.1492537313433,21,30.0,211.693,213.286,215.722,212.717,204.672,False,False,False,False,True,MA50 — diversified portfolio research reference,MA200 — wider structural trend reference,POSITION DATA REQUIRED,+5% peak→MA100 | +10% peak→MA50 | +20% peak→MA30,0.62,-1.65,-1.5,Below MA50 while broader MA200 structure remains intact,-0.007,-0.014,-0.025,-0.011,0.028,NEAR EMA20,False,5.0,1.0
CPER,5 — WEAKENING / PULLBACK,5,Momentum / trend evidence is deteriorating or pulling back.,● PULLBACK / REVIEW,▼ RECENT EMA20 BREAK,OUTSIDE BULLISH EARLY WINDOW,— NO CURRENT ML SIGNAL,,— NOT CONFIRMED,NO SIGNAL,WATCH,● LONG-TERM TREND INTACT,FULL LONG-TERM HISTORY AVAILABLE,2/5 ABOVE,0.4,39.77,▼ BELOW,▼ BELOW,▼ BELOW,▲ ABOVE,▲ ABOVE,-0.0027582748244734,-0.0030582572946956,0.0582756785524216,-0.121,-0.104,2026-10-08,2026-10-08 09:44:55,6,CROSS BELOW,2026-10-07,1,,No current ML signal,,43.38805970149254,28,53.19538670284939,25.0,64.56354590682949,18.0,38.80597014925373,42,50.0,39.88,39.841,39.892,39.146,37.58,False,False,False,True,True,MA50 — diversified portfolio research reference,MA200 — wider structural trend reference,POSITION DATA REQUIRED,+5% peak→MA100 | +10% peak→MA50 | +20% peak→MA30,0.66,-3.12,4.69,Below MA50 while broader MA200 structure remains intact,-0.003,-0.002,-0.003,0.016,0.058,NEAR EMA20,True,5.0,2.0
ARKG,5 — WEAKENING / PULLBACK,5,Momentum / trend evidence is deteriorating or pulling back.,● PULLBACK / REVIEW,▼ RECENT EMA20 BREAK,OUTSIDE BULLISH EARLY WINDOW,— NO CURRENT ML SIGNAL,,▼ DETERIORATING,NO SIGNAL,WEAKENING,▲ POSITIVE STRUCTURE,FULL LONG-TERM HISTORY AVAILABLE,3/5 ABOVE,0.6,48.91,▼ BELOW,▼ BELOW,▲ ABOVE,▲ ABOVE,▲ ABOVE,-0.0464213994657932,0.0251949358598138,0.3660103337522691,0.873,1.142,2026-10-08,2026-10-08 09:44:55,6,CROSS BELOW,2026-10-07,1,,No current ML signal,,43.04477611940299,29,51.490671641791046,27.0,74.53980099502488,14.0,1.4925373134328357,67,70.0,51.291,50.05,47.708,42.295,35.805,False,False,True,True,True,MA50 — diversified portfolio research reference,MA200 — wider structural trend reference,POSITION DATA REQUIRED,+5% peak→MA100 | +10% peak→MA50 | +20% peak→MA30,-8.01,5.61,18.37,No exceptional current research condition,-0.046,-0.023,0.025,0.156,0.366,NEAR EMA20,True,5.0,3.0
WEAT,5 — WEAKENING / PULLBACK,5,Momentum / trend evidence is deteriorating or pulling back.,● PULLBACK / REVIEW,● NEAR EMA20,OUTSIDE BULLISH EARLY WINDOW,— NO CURRENT ML SIGNAL,,▼ DETERIORATING,NO SIGNAL,WEAKENING,● LONG-TERM TREND INTACT,FULL LONG-TERM HISTORY AVAILABLE,2/5 ABOVE,0.4,24.953,▼ BELOW,▼ BELOW,▼ BELOW,▲ ABOVE,▲ ABOVE,-0.0182554982885471,-0.0229452993460982,0.0715880786738811,-0.954,-0.471,2026-10-08,2026-10-08 09:44:55,6,CROSS BELOW,2026-09-22,12,,No current ML signal,,31.56716417910448,42,51.44402985074628,28.0,64.65174129353235,17.0,32.83582089552239,46,50.0,25.417,26.113,25.539,24.534,23.286,False,False,False,True,True,MA50 — diversified portfolio research reference,MA200 — wider structural trend reference,POSITION DATA REQUIRED,+5% peak→MA100 | +10% peak→MA50 | +20% peak→MA30,0.94,-5.05,5.2,Below MA50 while broader MA200 structure remains intact,-0.018,-0.044,-0.023,0.017,0.072,NEAR EMA20,False,5.0,2.0
AMLP,5 — WEAKENING / PULLBACK,5,Momentum / trend evidence is deteriorating or pulling back.,● PULLBACK / REVIEW,● NEAR EMA20,OUTSIDE BULLISH EARLY WINDOW,— NO CURRENT ML SIGNAL,,— NOT CONFIRMED,NO SIGNAL,WATCH,● LONG-TERM TREND INTACT,FULL LONG-TERM HISTORY AVAILABLE,1/5 ABOVE,0.2,52.87,▼ BELOW,▼ BELOW,▼ BELOW,▼ BELOW,▲ ABOVE,-0.0106476543348491,-0.0276602788097253,0.0352254704235279,-0.706,-0.633,2026-10-08,2026-10-08 09:44:55,6,CROSS BELOW,2026-09-15,17,,No current ML signal,,37.014925373134325,35,50.65196743554952,30.0,58.082315694256,25.0,56.71641791044776,30,30.0,53.439,54.33,54.374,53.133,51.071,False,False,False,False,True,MA50 — diversified portfolio research reference,MA200 — wider structural trend reference,POSITION DATA REQUIRED,+5% peak→MA100 | +10% peak→MA50 | +20% peak→MA30,1.17,-5.91,2.22,Below MA50 while broader MA200 structure remains intact,-0.011,-0.027,-0.028,-0.005,0.035,NEAR EMA20,False,5.0,1.0
XLV,5 — WEAKENING / PULLBACK,5,Momentum / trend evidence is deteriorating or pulling back.,● PULLBACK / REVIEW,▼ RECENT EMA20 BREAK,OUTSIDE BULLISH EARLY WINDOW,— NO CURRENT ML SIGNAL,,▼ DETERIORATING,NO SIGNAL,WEAKENING,● LONG-TERM TREND INTACT,FULL LONG-TERM HISTORY AVAILABLE,2/5 ABOVE,0.4,165.83,▼ BELOW,▼ BELOW,▼ BELOW,▲ ABOVE,▲ ABOVE,-0.0136212229359981,-0.0144477924177318,0.0642886023630893,-0.406,-0.628,2026-10-08,2026-10-08 09:44:55,6,CROSS BELOW,2026-10-08,0,,No current ML signal,,32.23880597014926,41,50.166892808683855,31.0,62.808683853459975,21.0,31.343283582089555,47,50.0,168.12,168.585,168.261,161.516,155.813,False,False,False,True,True,MA50 — diversified portfolio research reference,MA200 — wider structural trend reference,POSITION DATA REQUIRED,+5% peak→MA100 | +10% peak→MA50 | +20% peak→MA30,-0.22,-0.07,3.5,Below MA50 while broader MA200 structure remains intact,-0.014,-0.016,-0.014,0.027,0.064,NEAR EMA20,False,5.0,2.0
DIA,5 — WEAKENING / PULLBACK,5,Momentum / trend evidence is deteriorating or pulling back.,● PULLBACK / REVIEW,● NEAR EMA20,OUTSIDE BULLISH EARLY WINDOW,— NO CURRENT ML SIGNAL,,— NOT CONFIRMED,NO SIGNAL,WATCH,● LONG-TERM TREND INTACT,FULL LONG-TERM HISTORY AVAILABLE,1/5 ABOVE,0.2,510.0,▼ BELOW,▼ BELOW,▼ BELOW,▼ BELOW,▲ ABOVE,-0.0104177783297016,-0.0285991828804891,0.0192803880460394,-0.462,-0.621,2026-10-08,2026-10-08 09:44:55,6,CROSS BELOW,2026-09-08,22,,No current ML signal,,37.23880597014926,34,49.06139755766622,32.0,53.55269109000453,31.0,58.2089552238806,29,30.0,515.369,519.732,525.015,519.322,500.353,False,False,False,False,True,MA50 — diversified portfolio research reference,MA200 — wider structural trend reference,POSITION DATA REQUIRED,+5% peak→MA100 | +10% peak→MA50 | +20% peak→MA30,0.27,-2.46,-2.67,Below MA50 while broader MA200 structure remains intact,-0.01,-0.019,-0.029,-0.018,0.019,NEAR EMA20,False,5.0,1.0
ETHE,5 — WEAKENING / PULLBACK,5,Momentum / trend evidence is deteriorating or pulling back.,● PULLBACK / REVIEW,▼ RECENT EMA20 BREAK,OUTSIDE BULLISH EARLY WINDOW,— NO CURRENT ML SIGNAL,,▼ DETERIORATING,NO SIGNAL,WEAKENING,▲ POSITIVE STRUCTURE,FULL LONG-TERM HISTORY AVAILABLE,3/5 ABOVE,0.6,20.265,▼ BELOW,▼ BELOW,▲ ABOVE,▲ ABOVE,▲ ABOVE,-0.0285700589616988,0.0697318412162162,0.1202321724709785,0.617,1.296,2026-10-08,2026-10-08 09:44:55,6,CROSS BELOW,2026-10-07,1,,No current ML signal,,42.5223880597015,31,44.74118046132971,33.0,57.55088195386703,26.0,4.477611940298507,65,70.0,20.861,20.646,18.944,16.813,18.09,False,False,True,True,True,MA50 — diversified portfolio research reference,MA200 — wider structural trend reference,POSITION DATA REQUIRED,+5% peak→MA100 | +10% peak→MA50 | +20% peak→MA30,-6.57,2.25,40.44,No exceptional current research condition,-0.029,-0.018,0.07,0.205,0.12,NEAR EMA20,True,5.0,3.0
CORN,5 — WEAKENING / PULLBACK,5,Momentum / trend evidence is deteriorating or pulling back.,● PULLBACK / REVIEW,▼ BELOW EMA20,OUTSIDE BULLISH EARLY WINDOW,— NO CURRENT ML SIGNAL,,▼ DETERIORATING,NO SIGNAL,WEAKENING,● LONG-TERM TREND INTACT,FULL LONG-TERM HISTORY AVAILABLE,2/5 ABOVE,0.4,18.96,▼ BELOW,▼ BELOW,▼ BELOW,▲ ABOVE,▲ ABOVE,-0.0205093764529626,-0.0096630974144684,0.0438804162307988,-1.129,-0.275,2026-10-08,2026-10-08 09:44:55,6,CROSS BELOW,2026-09-24,10,,No current ML signal,,24.92537313432836,49,43.29070556309362,35.0,55.48846675712348,29.0,19.402985074626866,55,50.0,19.357,19.712,19.145,18.33,18.163,False,False,False,True,True,MA50 — diversified portfolio research reference,MA200 — wider structural trend reference,POSITION DATA REQUIRED,+5% peak→MA100 | +10% peak→MA50 | +20% peak→MA30,-0.11,-4.39,8.47,Below MA50 while broader MA200 structure remains intact,-0.02,-0.038,-0.01,0.034,0.044,NEAR EMA20,False,5.0,2.0
IBB,5 — WEAKENING / PULLBACK,5,Momentum / trend evidence is deteriorating or pulling back.,● PULLBACK / REVIEW,▼ RECENT EMA20 BREAK,OUTSIDE BULLISH EARLY WINDOW,— NO CURRENT ML SIGNAL,,▼ DETERIORATING,NO SIGNAL,WEAKENING,● LONG-TERM TREND INTACT,FULL LONG-TERM HISTORY AVAILABLE,2/5 ABOVE,0.4,197.958,▼ BELOW,▼ BELOW,▼ BELOW,▲ ABOVE,▲ ABOVE,-0.0387355233447447,-0.033870511181173,0.0894951485164863,-0.875,-0.811,2026-10-08,2026-10-08 09:44:55,6,CROSS BELOW,2026-10-06,2,,No current ML signal,,17.761194029850746,54,40.4143487109905,38.0,56.061736770692,28.0,8.955223880597014,62,50.0,205.935,207.384,204.898,192.442,181.697,False,False,False,True,True,MA50 — diversified portfolio research reference,MA200 — wider structural trend reference,POSITION DATA REQUIRED,+5% peak→MA100 | +10% peak→MA50 | +20% peak→MA30,-3.89,-3.66,3.08,Below MA50 while broader MA200 structure remains intact,-0.039,-0.045,-0.034,0.029,0.089,NEAR EMA20,False,5.0,2.0
SLX,5 — WEAKENING / PULLBACK,5,Momentum / trend evidence is deteriorating or pulling back.,● PULLBACK / REVIEW,▼ BELOW EMA20,OUTSIDE BULLISH EARLY WINDOW,— NO CURRENT ML SIGNAL,,— NOT CONFIRMED,NO SIGNAL,WATCH,● LONG-TERM TREND INTACT,FULL LONG-TERM HISTORY AVAILABLE,1/5 ABOVE,0.2,102.14,▼ BELOW,▼ BELOW,▼ BELOW,▼ BELOW,▲ ABOVE,-0.024851302712353,-0.0463919932031854,0.0147231218581731,-0.741,-0.588,2026-10-08,2026-10-08 09:44:55,6,CROSS BELOW,2026-09-18,14,,No current ML signal,,27.05223880597015,46,39.19080732700136,42.0,51.51854364540932,33.0,28.35820895522388,49,30.0,104.743,106.542,107.109,105.65,100.658,False,False,False,False,True,MA50 — diversified portfolio research reference,MA200 — wider structural trend reference,POSITION DATA REQUIRED,+5% peak→MA100 | +10% peak→MA50 | +20% peak→MA30,0.32,-8.06,3.05,Below MA50 while broader MA200 structure remains intact,-0.025,-0.041,-0.046,-0.033,0.015,NEAR EMA20,False,5.0,1.0
IWM,5 — WEAKENING / PULLBACK,5,Momentum / trend evidence is deteriorating or pulling back.,● PULLBACK / REVIEW,▼ BELOW EMA20,OUTSIDE BULLISH EARLY WINDOW,— NO CURRENT ML SIGNAL,,— NOT CONFIRMED,NO SIGNAL,WATCH,● LONG-TERM TREND INTACT,FULL LONG-TERM HISTORY AVAILABLE,1/5 ABOVE,0.2,275.91,▼ BELOW,▼ BELOW,▼ BELOW,▼ BELOW,▲ ABOVE,-0.0242427457429312,-0.0522692845390498,0.0005149255896261,-0.716,-1.038,2026-10-08,2026-10-08 09:44:55,6,CROSS BELOW,2026-08-28,28,,No current ML signal,,22.68656716417911,51,35.402137042062414,47.0,44.094301221166894,40.0,26.86567164179105,50,30.0,282.765,285.955,291.127,290.952,275.768,False,False,False,False,True,MA50 — diversified portfolio research reference,MA200 — wider structural trend reference,POSITION DATA REQUIRED,+5% peak→MA100 | +10% peak→MA50 | +20% peak→MA30,-1.11,-4.82,-6.54,Below MA50 while broader MA200 structure remains intact,-0.024,-0.035,-0.052,-0.052,0.001,NEAR EMA20,False,5.0,1.0
XBI,5 — WEAKENING / PULLBACK,5,Momentum / trend evidence is deteriorating or pulling back.,● PULLBACK / REVIEW,▼ BELOW EMA20,OUTSIDE BULLISH EARLY WINDOW,— NO CURRENT ML SIGNAL,,— NOT CONFIRMED,NO SIGNAL,WATCH,● LONG-TERM TREND INTACT,FULL LONG-TERM HISTORY AVAILABLE,1/5 ABOVE,0.2,147.09,▼ BELOW,▼ BELOW,▼ BELOW,▼ BELOW,▲ ABOVE,-0.0521146819438447,-0.0700218126639901,0.0556117725579692,-1.576,-1.496,2026-10-08,2026-10-08 09:44:55,6,CROSS BELOW,2026-09-23,11,,No current ML signal,,7.462686567164178,64,25.49185888738128,52.0,36.00180913613749,49.0,5.970149253731343,64,30.0,155.177,157.867,158.165,151.326,139.341,False,False,False,False,True,MA50 — diversified portfolio research reference,MA200 — wider structural trend reference,POSITION DATA REQUIRED,+5% peak→MA100 | +10% peak→MA50 | +20% peak→MA30,-4.8,-7.71,-7.51,Below MA50 while broader MA200 structure remains intact,-0.052,-0.068,-0.07,-0.028,0.056,NEAR EMA20,False,5.0,1.0
SLV,6 — BELOW STRUCTURE,6,Wider structural support has failed or is under caution.,▼ STRUCTURAL CAUTION,▼ BELOW EMA20,OUTSIDE BULLISH EARLY WINDOW,● MODERATE,0.6923076923076923,▼ DETERIORATING,NO SIGNAL,LAGGING,▼ STRUCTURAL CAUTION,FULL LONG-TERM HISTORY AVAILABLE,0/5 ABOVE,0.0,53.315,▼ BELOW,▼ BELOW,▼ BELOW,▼ BELOW,▼ BELOW,-0.05300271763264,-0.0794267460934128,-0.1898770722219691,-2.139,-2.148,2026-10-08,2026-10-08 09:44:55,8,CROSS BELOW,2026-09-23,11,2026-09-04,69th percentile,0.5099345696196417,6.26865671641791,65,12.16129579375848,63.0,20.05992763455449,61.0,10.44776119402985,61,0.0,56.299,57.767,57.915,58.268,65.811,False,False,False,False,False,MA50 — diversified portfolio research reference,MA200 — wider structural trend reference,POSITION DATA REQUIRED,+5% peak→MA100 | +10% peak→MA50 | +20% peak→MA30,-3.1,-12.2,-1.18,Current walk-forward RF candidate ranking available | Below wider MA200 structural reference,-0.053,-0.077,-0.079,-0.085,-0.19,NEAR EMA20,False,5.0,0.0
IAI,6 — BELOW STRUCTURE,6,Wider structural support has failed or is under caution.,▼ STRUCTURAL CAUTION,▼ BELOW EMA20,OUTSIDE BULLISH EARLY WINDOW,— LOW,0.5384615384615384,▼ DETERIORATING,NO SIGNAL,LAGGING,▼ STRUCTURAL CAUTION,FULL LONG-TERM HISTORY AVAILABLE,0/5 ABOVE,0.0,175.39,▼ BELOW,▼ BELOW,▼ BELOW,▼ BELOW,▼ BELOW,-0.0290472051683764,-0.0615285008748509,-0.0238051506397948,-1.48,-1.502,2026-10-08,2026-10-08 09:44:55,8,CROSS BELOW,2026-09-09,21,2026-09-04,54th percentile,0.466798220819395,15.932835820895525,59,21.039687924016285,58.0,29.839439167797384,52.0,25.37313432835821,51,0.0,180.637,184.993,186.889,185.107,179.667,False,False,False,False,False,MA50 — diversified portfolio research reference,MA200 — wider structural trend reference,POSITION DATA REQUIRED,+5% peak→MA100 | +10% peak→MA50 | +20% peak→MA30,-0.51,-8.22,-6.7,Current walk-forward RF candidate ranking available | Below wider MA200 structural reference,-0.029,-0.052,-0.062,-0.052,-0.024,NEAR EMA20,False,5.0,0.0
XLC,6 — BELOW STRUCTURE,6,Wider structural support has failed or is under caution.,▲ NEW DETECTION,▲ DAY 0 DETECTION,DAY 0 — DETECTION,— LOW,0.3076923076923077,● DEVELOPING,BUILDING,WATCH,▼ STRUCTURAL CAUTION,FULL LONG-TERM HISTORY AVAILABLE,3/5 ABOVE,0.6,111.79,▲ ABOVE,▼ BELOW,▲ ABOVE,▲ ABOVE,▼ BELOW,0.0007250982463364,0.0027357940530117,-0.0111542578128455,-0.193,-0.051,2026-10-08,2026-10-08 09:44:55,3,CROSS ABOVE,2026-10-08,0,2026-09-04,31st percentile,0.3034253986049415,67.14179104477613,17,62.03493894165537,17.0,53.56852103120761,30.0,80.59701492537313,14,55.00000000000001,111.709,111.945,111.485,111.083,113.051,True,False,True,True,False,MA50 — diversified portfolio research reference,MA200 — wider structural trend reference,POSITION DATA REQUIRED,+5% peak→MA100 | +10% peak→MA50 | +20% peak→MA30,1.68,1.2,0.46,Current walk-forward RF candidate ranking available | Below wider MA200 structural reference,0.001,-0.001,0.003,0.006,-0.011,NEAR EMA20,False,5.0,3.0
KBWD,6 — BELOW STRUCTURE,6,Wider structural support has failed or is under caution.,▼ STRUCTURAL CAUTION,▼ BELOW EMA20,OUTSIDE BULLISH EARLY WINDOW,— LOW,0.2307692307692307,▼ DETERIORATING,NO SIGNAL,LAGGING,▼ STRUCTURAL CAUTION,FULL LONG-TERM HISTORY AVAILABLE,0/5 ABOVE,0.0,10.63,▼ BELOW,▼ BELOW,▼ BELOW,▼ BELOW,▼ BELOW,-0.0541863155084971,-0.10416315523344,-0.1227201452504745,-2.807,-2.223,2026-10-08,2026-10-08 09:44:55,8,CROSS BELOW,2026-09-08,22,2026-09-04,23rd percentile,0.232655718808188,6.119402985074626,66,7.992028493894165,65.0,9.799864314789687,64.0,11.940298507462686,60,0.0,11.239,11.614,11.866,11.878,12.117,False,False,False,False,False,MA50 — diversified portfolio research reference,MA200 — wider structural trend reference,POSITION DATA REQUIRED,+5% peak→MA100 | +10% peak→MA50 | +20% peak→MA30,-3.28,-11.71,-11.6,Current walk-forward RF candidate ranking available | Below wider MA200 structural reference,-0.054,-0.085,-0.104,-0.105,-0.123,NEAR EMA20,False,5.0,0.0
UNG,6 — BELOW STRUCTURE,6,Wider structural support has failed or is under caution.,▲ EARLY WATCH,▲ DAY 3 CONFIRMATION,DAY 3 — CONFIRMATION WINDOW,— NO CURRENT ML SIGNAL,,▲ EMERGING CONFIRMATION,EARLY ENTRY,EMERGING,▼ STRUCTURAL CAUTION,FULL LONG-TERM HISTORY AVAILABLE,4/5 ABOVE,0.8,10.932,▲ ABOVE,▲ ABOVE,▲ ABOVE,▲ ABOVE,▼ BELOW,0.0290878282970912,0.0578672343719761,-0.0348724287101614,0.922,0.935,2026-10-08,2026-10-08 09:44:55,4,CROSS ABOVE,2026-10-05,3,,No current ML signal,,95.0,1,73.67876526458616,13.0,61.16010854816825,22.0,95.52238805970148,4,70.0,10.623,10.554,10.334,10.777,11.327,True,True,True,True,False,MA50 — diversified portfolio research reference,MA200 — wider structural trend reference,POSITION DATA REQUIRED,+5% peak→MA100 | +10% peak→MA50 | +20% peak→MA30,7.59,8.34,3.13,Below wider MA200 structural reference,0.029,0.036,0.058,0.014,-0.035,NEAR EMA20,True,5.0,4.0
XLP,6 — BELOW STRUCTURE,6,Wider structural support has failed or is under caution.,▲ NEW DETECTION,▲ DAY 0 DETECTION,DAY 0 — DETECTION,— NO CURRENT ML SIGNAL,,● DEVELOPING,BUILDING,WATCH,▼ STRUCTURAL CAUTION,FULL LONG-TERM HISTORY AVAILABLE,1/5 ABOVE,0.2,82.685,▲ ABOVE,▼ BELOW,▼ BELOW,▼ BELOW,▼ BELOW,0.00663501339177,-0.0115597953426098,-0.001087284808215,-0.386,-0.838,2026-10-08,2026-10-08 09:44:55,3,CROSS ABOVE,2026-10-08,0,,No current ML signal,,67.58955223880598,16,59.98371777476255,18.0,63.2722749886929,20.0,92.53731343283582,6,15.0,82.14,82.743,83.652,83.559,82.775,True,False,False,False,False,MA50 — diversified portfolio research reference,MA200 — wider structural trend reference,POSITION DATA REQUIRED,+5% peak→MA100 | +10% peak→MA50 | +20% peak→MA30,2.93,0.22,-1.06,Below wider MA200 structural reference,0.007,-0.001,-0.012,-0.01,-0.001,NEAR EMA20,False,5.0,1.0
ONLN,6 — BELOW STRUCTURE,6,Wider structural support has failed or is under caution.,▼ STRUCTURAL CAUTION,▲ DAY 1 CONFIRMATION,DAY 1 — CONFIRMATION WINDOW,— NO CURRENT ML SIGNAL,,● DEVELOPING,BUILDING,WATCH,▼ STRUCTURAL CAUTION,FULL LONG-TERM HISTORY AVAILABLE,1/5 ABOVE,0.2,55.56,▲ ABOVE,▼ BELOW,▼ BELOW,▼ BELOW,▼ BELOW,0.0027794823665308,-0.0335374338992484,-0.0266122391772806,-0.271,-1.236,2026-10-08,2026-10-08 09:44:55,8,CROSS ABOVE,2026-10-07,1,,No current ML signal,,61.3955223880597,22,55.63687245590231,23.0,50.62754409769335,34.0,97.01492537313432,3,15.0,55.406,55.931,57.488,56.746,57.079,True,False,False,False,False,MA50 — diversified portfolio research reference,MA200 — wider structural trend reference,POSITION DATA REQUIRED,+5% peak→MA100 | +10% peak→MA50 | +20% peak→MA30,2.62,-0.36,-3.17,Below wider MA200 structural reference,0.003,-0.007,-0.034,-0.021,-0.027,NEAR EMA20,False,5.0,1.0
XLY,6 — BELOW STRUCTURE,6,Wider structural support has failed or is under caution.,▼ STRUCTURAL CAUTION,▲ DAY 2 CONFIRMATION,DAY 2 — CONFIRMATION WINDOW,— NO CURRENT ML SIGNAL,,● DEVELOPING,BUILDING,WATCH,▼ STRUCTURAL CAUTION,FULL LONG-TERM HISTORY AVAILABLE,1/5 ABOVE,0.2,111.23,▲ ABOVE,▼ BELOW,▼ BELOW,▼ BELOW,▼ BELOW,0.0001978274944249,-0.0261008134067646,-0.0387673269037989,-0.111,-0.945,2026-10-08,2026-10-08 09:44:55,8,CROSS ABOVE,2026-10-06,2,,No current ML signal,,61.992537313432834,21,52.4760854816825,26.0,47.583672546359125,37.0,91.04477611940298,7,15.0,111.208,112.029,114.211,114.997,115.716,True,False,False,False,False,MA50 — diversified portfolio research reference,MA200 — wider structural trend reference,POSITION DATA REQUIRED,+5% peak→MA100 | +10% peak→MA50 | +20% peak→MA30,2.22,-0.88,-4.92,Below wider MA200 structural reference,0.0,-0.007,-0.026,-0.033,-0.039,NEAR EMA20,False,5.0,1.0
XLU,6 — BELOW STRUCTURE,6,Wider structural support has failed or is under caution.,▲ EARLY WATCH,▲ DAY 2 CONFIRMATION,DAY 2 — CONFIRMATION WINDOW,— NO CURRENT ML SIGNAL,,● DEVELOPING,BUILDING,WATCH,▼ STRUCTURAL CAUTION,FULL LONG-TERM HISTORY AVAILABLE,1/5 ABOVE,0.2,41.045,▲ ABOVE,▼ BELOW,▼ BELOW,▼ BELOW,▼ BELOW,0.008501437381754,-0.0244105343221144,-0.062257253826822,0.003,-0.951,2026-10-08,2026-10-08 09:44:55,4,CROSS ABOVE,2026-10-06,2,,No current ML signal,,66.26119402985074,19,50.70386702849389,29.0,37.67526006331976,46.0,100.0,1,15.0,40.699,41.138,42.072,43.294,43.77,True,False,False,False,False,MA50 — diversified portfolio research reference,MA200 — wider structural trend reference,POSITION DATA REQUIRED,+5% peak→MA100 | +10% peak→MA50 | +20% peak→MA30,3.44,-3.71,-8.95,Below wider MA200 structural reference,0.008,-0.002,-0.024,-0.052,-0.062,NEAR EMA20,False,5.0,1.0
PAVE,6 — BELOW STRUCTURE,6,Wider structural support has failed or is under caution.,▼ STRUCTURAL CAUTION,▼ RECENT EMA20 BREAK,OUTSIDE BULLISH EARLY WINDOW,— NO CURRENT ML SIGNAL,,● DEVELOPING,EARLY WATCH,WATCH,▼ STRUCTURAL CAUTION,FULL LONG-TERM HISTORY AVAILABLE,0/5 ABOVE,0.0,53.06,▼ BELOW,▼ BELOW,▼ BELOW,▼ BELOW,▼ BELOW,-0.0111262277056114,-0.0393945977261205,-0.0247399183913538,0.108,-0.69,2026-10-08,2026-10-08 09:44:55,8,CROSS BELOW,2026-10-07,1,,No current ML signal,,47.55223880597015,26,44.27696743554952,34.0,45.65694255992764,38.0,79.1044776119403,15,0.0,53.657,53.738,55.236,56.048,54.406,False,False,False,False,False,MA50 — diversified portfolio research reference,MA200 — wider structural trend reference,POSITION DATA REQUIRED,+5% peak→MA100 | +10% peak→MA50 | +20% peak→MA30,0.04,-2.09,-6.4,Below wider MA200 structural reference,-0.011,-0.013,-0.039,-0.053,-0.025,NEAR EMA20,False,5.0,0.0
TIP,6 — BELOW STRUCTURE,6,Wider structural support has failed or is under caution.,▼ STRUCTURAL CAUTION,● NEAR EMA20,OUTSIDE BULLISH EARLY WINDOW,— NO CURRENT ML SIGNAL,,— NOT CONFIRMED,NO SIGNAL,WATCH,▼ STRUCTURAL CAUTION,FULL LONG-TERM HISTORY AVAILABLE,0/5 ABOVE,0.0,104.218,▼ BELOW,▼ BELOW,▼ BELOW,▼ BELOW,▼ BELOW,-0.0056672900049612,-0.0180619022942478,-0.0259180678748679,-0.405,-0.513,2026-10-08,2026-10-08 09:44:55,8,CROSS BELOW,2026-08-28,28,,No current ML signal,,40.0,33,40.91061736770692,36.0,42.15626413387607,43.0,73.13432835820896,19,0.0,104.812,105.497,106.135,106.784,106.991,False,False,False,False,False,MA50 — diversified portfolio research reference,MA200 — wider structural trend reference,POSITION DATA REQUIRED,+5% peak→MA100 | +10% peak→MA50 | +20% peak→MA30,-0.09,-2.42,-2.91,Below wider MA200 structural reference,-0.006,-0.012,-0.018,-0.024,-0.026,NEAR EMA20,False,5.0,0.0
AIRR,6 — BELOW STRUCTURE,6,Wider structural support has failed or is under caution.,▼ STRUCTURAL CAUTION,▼ RECENT EMA20 BREAK,OUTSIDE BULLISH EARLY WINDOW,— NO CURRENT ML SIGNAL,,▼ DETERIORATING,NO SIGNAL,LAGGING,▼ STRUCTURAL CAUTION,FULL LONG-TERM HISTORY AVAILABLE,0/5 ABOVE,0.0,104.33,▼ BELOW,▼ BELOW,▼ BELOW,▼ BELOW,▼ BELOW,-0.0170807307123409,-0.0645230708534332,-0.11013118165845,-0.192,-1.15,2026-10-08,2026-10-08 09:44:55,8,CROSS BELOW,2026-10-07,1,,No current ML signal,,42.6865671641791,30,40.357021709633656,39.0,30.975802804161017,51.0,88.05970149253731,9,0.0,106.143,106.259,111.526,118.858,117.242,False,False,False,False,False,MA50 — diversified portfolio research reference,MA200 — wider structural trend reference,POSITION DATA REQUIRED,+5% peak→MA100 | +10% peak→MA50 | +20% peak→MA30,-0.05,-2.07,-15.6,Below wider MA200 structural reference,-0.017,-0.018,-0.065,-0.122,-0.11,NEAR EMA20,False,5.0,0.0
XLB,6 — BELOW STRUCTURE,6,Wider structural support has failed or is under caution.,▼ STRUCTURAL CAUTION,● NEAR EMA20,OUTSIDE BULLISH EARLY WINDOW,— NO CURRENT ML SIGNAL,,— NOT CONFIRMED,NO SIGNAL,WATCH,▼ STRUCTURAL CAUTION,FULL LONG-TERM HISTORY AVAILABLE,0/5 ABOVE,0.0,48.945,▼ BELOW,▼ BELOW,▼ BELOW,▼ BELOW,▼ BELOW,-0.0165960097245383,-0.0439122536284257,-0.0276536146373443,-0.747,-1.275,2026-10-08,2026-10-08 09:44:55,8,CROSS BELOW,2026-09-03,24,,No current ML signal,,36.19402985074627,38,39.515434192673,41.0,43.03595658073271,42.0,67.16417910447761,23,0.0,49.771,50.485,51.193,50.942,50.337,False,False,False,False,False,MA50 — diversified portfolio research reference,MA200 — wider structural trend reference,POSITION DATA REQUIRED,+5% peak→MA100 | +10% peak→MA50 | +20% peak→MA30,0.83,-4.32,-3.38,Below wider MA200 structural reference,-0.017,-0.03,-0.044,-0.039,-0.028,NEAR EMA20,False,5.0,0.0
IEF,6 — BELOW STRUCTURE,6,Wider structural support has failed or is under caution.,▼ STRUCTURAL CAUTION,● NEAR EMA20,OUTSIDE BULLISH EARLY WINDOW,— NO CURRENT ML SIGNAL,,— NOT CONFIRMED,NO SIGNAL,WATCH,▼ STRUCTURAL CAUTION,FULL LONG-TERM HISTORY AVAILABLE,0/5 ABOVE,0.0,89.03,▼ BELOW,▼ BELOW,▼ BELOW,▼ BELOW,▼ BELOW,-0.0086739636339342,-0.0243608429311913,-0.0401078167115902,-0.545,-0.628,2026-10-08,2026-10-08 09:44:55,8,CROSS BELOW,2026-08-28,28,,No current ML signal,,36.4179104477612,36,37.37890094979648,43.0,37.29308005427408,47.0,68.65671641791045,22,0.0,89.809,90.497,91.253,91.976,92.75,False,False,False,False,False,MA50 — diversified portfolio research reference,MA200 — wider structural trend reference,POSITION DATA REQUIRED,+5% peak→MA100 | +10% peak→MA50 | +20% peak→MA30,-0.3,-2.79,-3.91,Below wider MA200 structural reference,-0.009,-0.016,-0.024,-0.032,-0.04,NEAR EMA20,False,5.0,0.0
XLI,6 — BELOW STRUCTURE,6,Wider structural support has failed or is under caution.,▼ STRUCTURAL CAUTION,▼ RECENT EMA20 BREAK,OUTSIDE BULLISH EARLY WINDOW,— NO CURRENT ML SIGNAL,,— NOT CONFIRMED,NO SIGNAL,WATCH,▼ STRUCTURAL CAUTION,FULL LONG-TERM HISTORY AVAILABLE,0/5 ABOVE,0.0,167.735,▼ BELOW,▼ BELOW,▼ BELOW,▼ BELOW,▼ BELOW,-0.0141933588010578,-0.0444736872087591,-0.0236669169562457,-0.323,-0.931,2026-10-08,2026-10-08 09:44:55,8,CROSS BELOW,2026-10-07,1,,No current ML signal,,35.373134328358205,39,36.72710312075984,44.0,39.82473993668023,45.0,62.68656716417911,26,0.0,170.15,170.824,175.542,176.468,171.801,False,False,False,False,False,MA50 — diversified portfolio research reference,MA200 — wider structural trend reference,POSITION DATA REQUIRED,+5% peak→MA100 | +10% peak→MA50 | +20% peak→MA30,-0.54,-2.1,-7.55,Below wider MA200 structural reference,-0.014,-0.018,-0.044,-0.049,-0.024,NEAR EMA20,False,5.0,0.0
OIH,6 — BELOW STRUCTURE,6,Wider structural support has failed or is under caution.,▼ STRUCTURAL CAUTION,▼ BELOW EMA20,OUTSIDE BULLISH EARLY WINDOW,— NO CURRENT ML SIGNAL,,— NOT CONFIRMED,NO SIGNAL,WATCH,▼ STRUCTURAL CAUTION,FULL LONG-TERM HISTORY AVAILABLE,0/5 ABOVE,0.0,385.55,▼ BELOW,▼ BELOW,▼ BELOW,▼ BELOW,▼ BELOW,-0.0202655485674352,-0.0468031872943351,-0.011967608015991,-1.062,-0.936,2026-10-08,2026-10-08 09:44:55,8,CROSS BELOW,2026-09-14,18,,No current ML signal,,31.417910447761194,43,36.55766621438264,45.0,45.41836273179557,39.0,53.73134328358209,32,0.0,393.525,404.517,404.481,402.217,390.22,False,False,False,False,False,MA50 — diversified portfolio research reference,MA200 — wider structural trend reference,POSITION DATA REQUIRED,+5% peak→MA100 | +10% peak→MA50 | +20% peak→MA30,1.16,-10.2,1.4,Below wider MA200 structural reference,-0.02,-0.047,-0.047,-0.041,-0.012,NEAR EMA20,False,5.0,0.0
BATT,6 — BELOW STRUCTURE,6,Wider structural support has failed or is under caution.,▼ STRUCTURAL CAUTION,▼ RECENT EMA20 BREAK,OUTSIDE BULLISH EARLY WINDOW,— NO CURRENT ML SIGNAL,,— NOT CONFIRMED,NO SIGNAL,WATCH,▼ STRUCTURAL CAUTION,FULL LONG-TERM HISTORY AVAILABLE,0/5 ABOVE,0.0,14.47,▼ BELOW,▼ BELOW,▼ BELOW,▼ BELOW,▼ BELOW,-0.017050472114666,-0.0431159899484194,-0.0636728355118415,-0.463,-1.4,2026-10-08,2026-10-08 09:44:55,8,CROSS BELOW,2026-10-07,1,,No current ML signal,,34.17910447761194,40,36.064111261872455,46.0,36.36137494346449,48.0,65.67164179104478,24,0.0,14.721,14.975,15.122,15.367,15.454,False,False,False,False,False,MA50 — diversified portfolio research reference,MA200 — wider structural trend reference,POSITION DATA REQUIRED,+5% peak→MA100 | +10% peak→MA50 | +20% peak→MA30,0.98,-8.24,-1.43,Below wider MA200 structural reference,-0.017,-0.034,-0.043,-0.058,-0.064,NEAR EMA20,False,5.0,0.0
BOTZ,6 — BELOW STRUCTURE,6,Wider structural support has failed or is under caution.,▼ STRUCTURAL CAUTION,▼ RECENT EMA20 BREAK,OUTSIDE BULLISH EARLY WINDOW,— NO CURRENT ML SIGNAL,,● DEVELOPING,EARLY WATCH,WATCH,▼ STRUCTURAL CAUTION,FULL LONG-TERM HISTORY AVAILABLE,0/5 ABOVE,0.0,35.02,▼ BELOW,▼ BELOW,▼ BELOW,▼ BELOW,▼ BELOW,-0.014520486267447,-0.0247841826789193,-0.0500474705004746,0.421,0.048,2026-10-08,2026-10-08 09:44:55,8,CROSS BELOW,2026-10-08,0,,No current ML signal,,51.25373134328359,24,35.19097693351425,48.0,41.38625056535505,44.0,55.223880597014926,31,0.0,35.536,35.43,35.91,36.632,36.865,False,False,False,False,False,MA50 — diversified portfolio research reference,MA200 — wider structural trend reference,POSITION DATA REQUIRED,+5% peak→MA100 | +10% peak→MA50 | +20% peak→MA30,-1.16,-0.45,-5.12,Below wider MA200 structural reference,-0.015,-0.012,-0.025,-0.044,-0.05,NEAR EMA20,True,5.0,0.0
SRVR,6 — BELOW STRUCTURE,6,Wider structural support has failed or is under caution.,▼ STRUCTURAL CAUTION,▼ BELOW EMA20,OUTSIDE BULLISH EARLY WINDOW,— NO CURRENT ML SIGNAL,,▼ DETERIORATING,NO SIGNAL,LAGGING,▼ STRUCTURAL CAUTION,FULL LONG-TERM HISTORY AVAILABLE,0/5 ABOVE,0.0,28.38,▼ BELOW,▼ BELOW,▼ BELOW,▼ BELOW,▼ BELOW,-0.024541142503609,-0.0595174973488865,-0.0903846153846154,-1.155,-1.403,2026-10-08,2026-10-08 09:44:55,8,CROSS BELOW,2026-09-09,21,,No current ML signal,,29.253731343283583,44,29.235753052917232,50.0,24.17232021709634,59.0,61.19402985074627,27,0.0,29.094,29.577,30.176,31.045,31.2,False,False,False,False,False,MA50 — diversified portfolio research reference,MA200 — wider structural trend reference,POSITION DATA REQUIRED,+5% peak→MA100 | +10% peak→MA50 | +20% peak→MA30,0.75,-7.62,-7.78,Below wider MA200 structural reference,-0.025,-0.04,-0.06,-0.086,-0.09,NEAR EMA20,False,5.0,0.0
TLT,6 — BELOW STRUCTURE,6,Wider structural support has failed or is under caution.,▼ STRUCTURAL CAUTION,● NEAR EMA20,OUTSIDE BULLISH EARLY WINDOW,— NO CURRENT ML SIGNAL,,▼ DETERIORATING,NO SIGNAL,LAGGING,▼ STRUCTURAL CAUTION,FULL LONG-TERM HISTORY AVAILABLE,0/5 ABOVE,0.0,77.29,▼ BELOW,▼ BELOW,▼ BELOW,▼ BELOW,▼ BELOW,-0.0194361980157823,-0.0424807046668069,-0.0752572385738213,-1.274,-0.997,2026-10-08,2026-10-08 09:44:55,8,CROSS BELOW,2026-09-23,11,,No current ML signal,,25.970149253731343,48,27.295115332428765,51.0,26.824966078697425,56.0,50.74626865671642,34,0.0,78.822,80.014,80.719,82.25,83.58,False,False,False,False,False,MA50 — diversified portfolio research reference,MA200 — wider structural trend reference,POSITION DATA REQUIRED,+5% peak→MA100 | +10% peak→MA50 | +20% peak→MA30,-0.54,-5.05,-7.41,Below wider MA200 structural reference,-0.019,-0.034,-0.042,-0.06,-0.075,NEAR EMA20,False,5.0,0.0
AWAY,6 — BELOW STRUCTURE,6,Wider structural support has failed or is under caution.,▼ STRUCTURAL CAUTION,▼ BELOW EMA20,OUTSIDE BULLISH EARLY WINDOW,— NO CURRENT ML SIGNAL,,▼ DETERIORATING,NO SIGNAL,LAGGING,▼ STRUCTURAL CAUTION,FULL LONG-TERM HISTORY AVAILABLE,0/5 ABOVE,0.0,16.62,▼ BELOW,▼ BELOW,▼ BELOW,▼ BELOW,▼ BELOW,-0.0347871537255357,-0.1091337907375642,-0.082376325088339,-1.879,-3.101,2026-10-08,2026-10-08 09:44:55,8,CROSS BELOW,2026-08-31,27,,No current ML signal,,17.16417910447761,56,24.397896879240164,53.0,23.37177747625509,60.0,46.26865671641791,37,0.0,17.219,17.739,18.656,18.216,18.112,False,False,False,False,False,MA50 — diversified portfolio research reference,MA200 — wider structural trend reference,POSITION DATA REQUIRED,+5% peak→MA100 | +10% peak→MA50 | +20% peak→MA30,-0.69,-7.23,-10.42,Below wider MA200 structural reference,-0.035,-0.063,-0.109,-0.088,-0.082,NEAR EMA20,False,5.0,0.0
BETZ,6 — BELOW STRUCTURE,6,Wider structural support has failed or is under caution.,▼ STRUCTURAL CAUTION,▼ BELOW EMA20,OUTSIDE BULLISH EARLY WINDOW,— NO CURRENT ML SIGNAL,,▼ DETERIORATING,NO SIGNAL,LAGGING,▼ STRUCTURAL CAUTION,FULL LONG-TERM HISTORY AVAILABLE,0/5 ABOVE,0.0,16.675,▼ BELOW,▼ BELOW,▼ BELOW,▼ BELOW,▼ BELOW,-0.0395138528886584,-0.1044094741930286,-0.1165094839461692,-2.992,-2.825,2026-10-08,2026-10-08 09:44:55,8,CROSS BELOW,2026-09-15,17,,No current ML signal,,24.626865671641788,50,23.20267978290366,54.0,16.735639981908637,62.0,52.23880597014925,33,0.0,17.361,18.165,18.619,18.878,18.874,False,False,False,False,False,MA50 — diversified portfolio research reference,MA200 — wider structural trend reference,POSITION DATA REQUIRED,+5% peak→MA100 | +10% peak→MA50 | +20% peak→MA30,2.16,-13.25,-14.44,Below wider MA200 structural reference,-0.04,-0.082,-0.104,-0.117,-0.116,NEAR EMA20,False,5.0,0.0
GLD,6 — BELOW STRUCTURE,6,Wider structural support has failed or is under caution.,▼ STRUCTURAL CAUTION,▼ BELOW EMA20,OUTSIDE BULLISH EARLY WINDOW,— NO CURRENT ML SIGNAL,,▼ DETERIORATING,NO SIGNAL,LAGGING,▼ STRUCTURAL CAUTION,FULL LONG-TERM HISTORY AVAILABLE,0/5 ABOVE,0.0,378.08,▼ BELOW,▼ BELOW,▼ BELOW,▼ BELOW,▼ BELOW,-0.02400743456038,-0.0473430779425957,-0.0906510811265843,-1.381,-1.816,2026-10-08,2026-10-08 09:44:55,8,CROSS BELOW,2026-09-21,13,,No current ML signal,,16.567164179104477,57,23.052069199457257,55.0,28.341248303934872,54.0,34.32835820895522,45,0.0,387.38,394.321,396.869,391.888,415.77,False,False,False,False,False,MA50 — diversified portfolio research reference,MA200 — wider structural trend reference,POSITION DATA REQUIRED,+5% peak→MA100 | +10% peak→MA50 | +20% peak→MA30,-1.22,-6.27,0.28,Below wider MA200 structural reference,-0.024,-0.041,-0.047,-0.035,-0.091,NEAR EMA20,False,5.0,0.0
XLRE,6 — BELOW STRUCTURE,6,Wider structural support has failed or is under caution.,▼ STRUCTURAL CAUTION,▼ BELOW EMA20,OUTSIDE BULLISH EARLY WINDOW,— NO CURRENT ML SIGNAL,,▼ DETERIORATING,NO SIGNAL,LAGGING,▼ STRUCTURAL CAUTION,FULL LONG-TERM HISTORY AVAILABLE,0/5 ABOVE,0.0,40.38,▼ BELOW,▼ BELOW,▼ BELOW,▼ BELOW,▼ BELOW,-0.0295135550855603,-0.0659480465406767,-0.0511103278110679,-1.419,-1.591,2026-10-08,2026-10-08 09:44:55,8,CROSS BELOW,2026-08-27,29,,No current ML signal,,18.35820895522388,52,22.75237449118046,56.0,25.685210312075984,57.0,37.3134328358209,43,0.0,41.608,42.319,43.231,43.661,42.555,False,False,False,False,False,MA50 — diversified portfolio research reference,MA200 — wider structural trend reference,POSITION DATA REQUIRED,+5% peak→MA100 | +10% peak→MA50 | +20% peak→MA30,-0.74,-6.2,-8.39,Below wider MA200 structural reference,-0.03,-0.046,-0.066,-0.075,-0.051,NEAR EMA20,False,5.0,0.0
KRE,6 — BELOW STRUCTURE,6,Wider structural support has failed or is under caution.,▼ STRUCTURAL CAUTION,▼ BELOW EMA20,OUTSIDE BULLISH EARLY WINDOW,— NO CURRENT ML SIGNAL,,▼ DETERIORATING,NO SIGNAL,LAGGING,▼ STRUCTURAL CAUTION,FULL LONG-TERM HISTORY AVAILABLE,0/5 ABOVE,0.0,68.865,▼ BELOW,▼ BELOW,▼ BELOW,▼ BELOW,▼ BELOW,-0.0293868921775899,-0.0632778813063645,-0.0148914256287016,-1.137,-1.015,2026-10-08,2026-10-08 09:44:55,8,CROSS BELOW,2026-09-08,22,,No current ML signal,,18.35820895522388,52,21.218283582089555,57.0,31.23134328358209,50.0,23.88059701492537,52,0.0,70.95,71.973,73.517,72.914,69.906,False,False,False,False,False,MA50 — diversified portfolio research reference,MA200 — wider structural trend reference,POSITION DATA REQUIRED,+5% peak→MA100 | +10% peak→MA50 | +20% peak→MA30,-1.55,-5.71,-7.68,Below wider MA200 structural reference,-0.029,-0.043,-0.063,-0.056,-0.015,NEAR EMA20,False,5.0,0.0
VNQ,6 — BELOW STRUCTURE,6,Wider structural support has failed or is under caution.,▼ STRUCTURAL CAUTION,▼ BELOW EMA20,OUTSIDE BULLISH EARLY WINDOW,— NO CURRENT ML SIGNAL,,▼ DETERIORATING,NO SIGNAL,LAGGING,▼ STRUCTURAL CAUTION,FULL LONG-TERM HISTORY AVAILABLE,0/5 ABOVE,0.0,88.31,▼ BELOW,▼ BELOW,▼ BELOW,▼ BELOW,▼ BELOW,-0.029997473665711,-0.0660363390232037,-0.048404129221353,-1.395,-1.568,2026-10-08,2026-10-08 09:44:55,8,CROSS BELOW,2026-08-27,29,,No current ML signal,,17.23880597014925,55,20.44640434192673,59.0,25.5359565807327,58.0,29.85074626865672,48,0.0,91.041,92.544,94.554,95.38,92.802,False,False,False,False,False,MA50 — diversified portfolio research reference,MA200 — wider structural trend reference,POSITION DATA REQUIRED,+5% peak→MA100 | +10% peak→MA50 | +20% peak→MA30,-0.96,-6.18,-8.47,Below wider MA200 structural reference,-0.03,-0.046,-0.066,-0.074,-0.048,NEAR EMA20,False,5.0,0.0
KBE,6 — BELOW STRUCTURE,6,Wider structural support has failed or is under caution.,▼ STRUCTURAL CAUTION,▼ BELOW EMA20,OUTSIDE BULLISH EARLY WINDOW,— NO CURRENT ML SIGNAL,,▼ DETERIORATING,NO SIGNAL,LAGGING,▼ STRUCTURAL CAUTION,FULL LONG-TERM HISTORY AVAILABLE,0/5 ABOVE,0.0,62.785,▼ BELOW,▼ BELOW,▼ BELOW,▼ BELOW,▼ BELOW,-0.0320069070782135,-0.0691899424776137,-0.022147117915492,-1.315,-1.161,2026-10-08,2026-10-08 09:44:55,8,CROSS BELOW,2026-09-08,22,,No current ML signal,,16.11940298507463,58,19.15044097693352,60.0,27.63116236996834,55.0,22.388059701492537,53,0.0,64.861,65.994,67.452,66.809,64.207,False,False,False,False,False,MA50 — diversified portfolio research reference,MA200 — wider structural trend reference,POSITION DATA REQUIRED,+5% peak→MA100 | +10% peak→MA50 | +20% peak→MA30,-1.34,-6.69,-8.16,Below wider MA200 structural reference,-0.032,-0.049,-0.069,-0.06,-0.022,NEAR EMA20,False,5.0,0.0
VIXY,6 — BELOW STRUCTURE,6,Wider structural support has failed or is under caution.,▼ STRUCTURAL CAUTION,▼ BELOW EMA20,OUTSIDE BULLISH EARLY WINDOW,— NO CURRENT ML SIGNAL,,▼ DETERIORATING,NO SIGNAL,LAGGING,▼ STRUCTURAL CAUTION,FULL LONG-TERM HISTORY AVAILABLE,0/5 ABOVE,0.0,16.345,▼ BELOW,▼ BELOW,▼ BELOW,▼ BELOW,▼ BELOW,-0.0306031670719412,-0.0864632237871675,-0.3298482984829849,-1.9,-1.698,2026-10-08,2026-10-08 09:44:55,8,CROSS BELOW,2026-09-11,19,,No current ML signal,,15.223880597014924,61,18.260006784260515,61.0,8.736996834011759,65.0,47.76119402985074,36,0.0,16.861,17.05,17.892,20.249,24.39,False,False,False,False,False,MA50 — diversified portfolio research reference,MA200 — wider structural trend reference,POSITION DATA REQUIRED,+5% peak→MA100 | +10% peak→MA50 | +20% peak→MA30,-4.3,-6.92,-19.64,Below wider MA200 structural reference,-0.031,-0.041,-0.086,-0.193,-0.33,NEAR EMA20,False,5.0,0.0
REZ,6 — BELOW STRUCTURE,6,Wider structural support has failed or is under caution.,▼ STRUCTURAL CAUTION,▼ BELOW EMA20,OUTSIDE BULLISH EARLY WINDOW,— NO CURRENT ML SIGNAL,,▼ DETERIORATING,NO SIGNAL,LAGGING,▼ STRUCTURAL CAUTION,FULL LONG-TERM HISTORY AVAILABLE,0/5 ABOVE,0.0,86.055,▼ BELOW,▼ BELOW,▼ BELOW,▼ BELOW,▼ BELOW,-0.033046429052991,-0.0676193984571379,-0.034023303324877,-1.55,-1.6,2026-10-08,2026-10-08 09:44:55,8,CROSS BELOW,2026-08-27,29,,No current ML signal,,12.53731343283582,62,18.14857530529172,62.0,28.38986883763004,53.0,17.91044776119403,56,0.0,88.996,90.485,92.296,92.593,89.086,False,False,False,False,False,MA50 — diversified portfolio research reference,MA200 — wider structural trend reference,POSITION DATA REQUIRED,+5% peak→MA100 | +10% peak→MA50 | +20% peak→MA30,-1.85,-6.18,-8.89,Below wider MA200 structural reference,-0.033,-0.049,-0.068,-0.071,-0.034,NEAR EMA20,False,5.0,0.0
ITA,6 — BELOW STRUCTURE,6,Wider structural support has failed or is under caution.,▼ STRUCTURAL CAUTION,▼ BELOW EMA20,OUTSIDE BULLISH EARLY WINDOW,— NO CURRENT ML SIGNAL,,▼ DETERIORATING,NO SIGNAL,LAGGING,▼ STRUCTURAL CAUTION,FULL LONG-TERM HISTORY AVAILABLE,0/5 ABOVE,0.0,203.58,▼ BELOW,▼ BELOW,▼ BELOW,▼ BELOW,▼ BELOW,-0.0399479370528786,-0.1062664079442985,-0.1149349830664688,-1.878,-2.224,2026-10-08,2026-10-08 09:44:55,8,CROSS BELOW,2026-08-19,35,,No current ML signal,,10.746268656716415,63,12.094131614654003,64.0,12.945499773857984,63.0,20.8955223880597,54,0.0,212.051,216.047,227.786,231.009,230.017,False,False,False,False,False,MA50 — diversified portfolio research reference,MA200 — wider structural trend reference,POSITION DATA REQUIRED,+5% peak→MA100 | +10% peak→MA50 | +20% peak→MA30,-2.14,-7.12,-14.74,Below wider MA200 structural reference,-0.04,-0.058,-0.106,-0.119,-0.115,NEAR EMA20,False,5.0,0.0
LITP,6 — BELOW STRUCTURE,6,Wider structural support has failed or is under caution.,▼ STRUCTURAL CAUTION,▼ BELOW EMA20,OUTSIDE BULLISH EARLY WINDOW,— NO CURRENT ML SIGNAL,,▼ DETERIORATING,NO SIGNAL,LAGGING,▼ STRUCTURAL CAUTION,FULL LONG-TERM HISTORY AVAILABLE,0/5 ABOVE,0.0,8.64,▼ BELOW,▼ BELOW,▼ BELOW,▼ BELOW,▼ BELOW,-0.1015909327233025,-0.188884716485167,-0.3375249194908756,-4.654,-4.702,2026-10-08,2026-10-08 09:44:55,8,CROSS BELOW,2026-09-04,23,,No current ML signal,,4.029850746268656,67,3.924525101763908,66.0,3.746042514699231,66.0,7.462686567164178,63,0.0,9.617,10.293,10.652,11.885,13.042,False,False,False,False,False,MA50 — diversified portfolio research reference,MA200 — wider structural trend reference,POSITION DATA REQUIRED,+5% peak→MA100 | +10% peak→MA50 | +20% peak→MA30,-2.92,-24.08,-24.4,Below wider MA200 structural reference,-0.102,-0.161,-0.189,-0.273,-0.338,NEAR EMA20,False,5.0,0.0
