Ticker,Price,EMA20,Pct_Above_EMA20,MA30,Pct_Above_30,MA50,Pct_Above_50,MA100,Pct_Above_100,MA200,Pct_Above_200,Price_Above_EMA20,EMA20_Above_MA30,EMA20_Slope_5D_Pct,MA30_Slope_5D_Pct,Price_EMA20_Last_Cross,Price_EMA20_Last_Cross_Date,Days_Since_Price_EMA20_Cross,EMA20_MA30_Last_Cross,EMA20_MA30_Last_Cross_Date,Days_Since_EMA20_MA30_Cross,EMA20_Zone,Early_Rotation_Score,Early_Rotation_Rank,Early_Rotation_State,Acceleration_Score,Momentum_Score,Rotation_Readiness_Score,Rotation_Readiness_Rank,Rotation_State,Trend_Score
SPY,772.335,765.284,0.009,764.403,0.01,762.283,0.013,752.248,0.027,717.053,0.077,True,True,0.064,-0.043,CROSS ABOVE,2026-10-02,0,EMA20 ABOVE MA30,2026-09-25,5,NEAR EMA20,88.813,11,EARLY ENTRY,70.149,71.641,78.283,12.0,LEADER,100.0
VOO,709.916,703.412,0.009,702.592,0.01,700.637,0.013,691.365,0.027,658.954,0.077,True,True,0.064,-0.042,CROSS ABOVE,2026-10-02,0,EMA20 ABOVE MA30,2026-09-25,5,NEAR EMA20,82.336,15,EARLY ENTRY,71.642,72.017,78.9,11.0,LEADER,100.0
PAVE,53.84,53.622,0.004,54.038,-0.004,55.478,-0.03,56.145,-0.041,54.29,-0.008,True,False,-0.617,-1.344,CROSS ABOVE,2026-10-02,0,EMA20 BELOW MA30,2026-08-25,27,NEAR EMA20,61.619,17,BUILDING,83.582,53.947,53.101,23.0,WATCH,15.0
AIRR,106.675,106.378,0.003,107.204,-0.005,112.422,-0.051,119.804,-0.11,117.105,-0.089,True,False,-1.125,-2.473,CROSS ABOVE,2026-10-02,0,EMA20 BELOW MA30,2026-08-21,29,NEAR EMA20,60.575,19,BUILDING,88.06,43.401,49.698,27.0,WATCH,15.0
XLE,62.254,62.643,-0.006,63.197,-0.015,61.81,0.007,58.98,0.056,55.873,0.114,False,False,-0.612,-0.186,CROSS BELOW,2026-10-02,0,EMA20 BELOW MA30,2026-09-23,7,NEAR EMA20,39.104,30,NO SIGNAL,41.791,66.244,59.847,16.0,WATCH,70.0
PDBC,19.12,19.324,-0.011,19.236,-0.006,18.607,0.028,17.929,0.066,16.78,0.139,False,True,-0.124,0.916,CROSS BELOW,2026-10-02,0,EMA20 ABOVE MA30,2026-07-17,54,NEAR EMA20,43.627,24,NO SIGNAL,19.403,69.608,54.644,21.0,WEAKENING,70.0
USO,142.605,146.747,-0.028,144.906,-0.016,137.272,0.039,131.403,0.085,115.149,0.238,False,True,-0.256,1.842,CROSS BELOW,2026-10-02,0,EMA20 ABOVE MA30,2026-07-20,53,NEAR EMA20,38.701,32,NO SIGNAL,4.478,63.581,47.455,30.0,WEAKENING,70.0
BOTZ,36.17,35.461,0.02,35.425,0.021,35.768,0.011,36.839,-0.018,36.858,-0.019,True,True,0.047,-0.664,CROSS ABOVE,2026-10-01,1,EMA20 ABOVE MA30,2026-10-02,0,NEAR EMA20,91.94,7,EARLY ENTRY,95.522,58.054,67.281,15.0,WATCH,50.0
SHY,81.12,81.086,0.0,81.213,-0.001,81.277,-0.002,81.169,-0.001,81.019,0.001,True,False,-0.063,-0.111,CROSS ABOVE,2026-10-01,1,EMA20 BELOW MA30,2026-09-09,17,NEAR EMA20,60.873,18,BUILDING,77.612,51.862,57.872,17.0,WATCH,45.0
IBB,205.585,207.547,-0.009,208.904,-0.016,203.766,0.009,191.151,0.076,180.993,0.136,False,False,0.285,0.197,CROSS BELOW,2026-10-01,1,EMA20 BELOW MA30,2026-09-16,12,NEAR EMA20,40.403,27,EARLY WATCH,31.343,66.666,56.902,18.0,WEAKENING,70.0
IGV,109.44,105.98,0.033,105.514,0.037,103.004,0.062,97.885,0.118,93.604,0.169,True,True,0.742,0.701,CROSS ABOVE,2026-09-30,2,EMA20 ABOVE MA30,2026-09-22,8,NEAR EMA20,92.239,6,EARLY ENTRY,89.552,80.22,87.965,7.0,LEADER,100.0
SKYY,169.41,163.97,0.033,162.928,0.04,158.793,0.067,147.049,0.152,132.771,0.276,True,True,0.602,0.329,CROSS ABOVE,2026-09-30,2,EMA20 ABOVE MA30,2026-09-24,6,NEAR EMA20,89.03,10,EARLY ENTRY,80.597,89.583,89.491,6.0,LEADER,100.0
XLV,166.28,168.565,-0.014,169.468,-0.019,168.02,-0.01,160.621,0.035,155.501,0.069,False,False,-0.106,-0.119,CROSS BELOW,2026-09-30,2,EMA20 BELOW MA30,2026-09-14,14,NEAR EMA20,30.672,42,NO SIGNAL,28.358,57.895,47.06,31.0,WEAKENING,50.0
UNG,10.35,10.509,-0.015,10.468,-0.011,10.275,0.007,10.787,-0.041,11.355,-0.089,False,True,-0.767,0.689,CROSS BELOW,2026-09-29,3,EMA20 ABOVE MA30,2026-08-26,26,NEAR EMA20,33.776,39,NO SIGNAL,16.418,21.809,19.739,60.0,LAGGING,20.0
XLC,111.05,111.841,-0.007,112.027,-0.009,111.207,-0.001,111.258,-0.002,113.122,-0.018,False,False,-0.551,0.006,CROSS BELOW,2026-09-28,4,EMA20 BELOW MA30,2026-10-01,1,NEAR EMA20,43.821,23,NO SIGNAL,62.687,46.834,39.881,38.0,WATCH,0.0
CPER,39.589,39.896,-0.008,39.89,-0.008,39.78,-0.005,39.14,0.011,37.447,0.057,False,True,-0.342,0.036,CROSS BELOW,2026-09-28,4,EMA20 ABOVE MA30,2026-09-22,8,NEAR EMA20,41.164,26,NO SIGNAL,25.373,64.859,49.298,28.0,WEAKENING,50.0
CORN,19.02,19.525,-0.026,19.773,-0.038,19.066,-0.002,18.316,0.038,18.138,0.049,False,False,-1.121,0.566,CROSS BELOW,2026-09-24,6,EMA20 BELOW MA30,2026-09-29,3,NEAR EMA20,23.0,50,NO SIGNAL,8.955,44.881,35.383,44.0,WATCH,50.0
COPX,86.2,86.905,-0.008,89.445,-0.036,87.259,-0.012,84.379,0.022,82.665,0.043,False,False,-1.397,-0.437,CROSS BELOW,2026-09-23,7,EMA20 BELOW MA30,2026-09-15,13,NEAR EMA20,30.821,41,NO SIGNAL,38.806,66.446,54.043,22.0,WATCH,50.0
XBI,155.31,157.437,-0.014,159.996,-0.029,158.07,-0.017,150.649,0.031,138.745,0.119,False,False,-0.555,-0.602,CROSS BELOW,2026-09-23,7,EMA20 BELOW MA30,2026-09-15,13,NEAR EMA20,36.418,36,NO SIGNAL,47.761,56.237,52.135,25.0,WATCH,50.0
TLT,78.19,79.682,-0.019,80.703,-0.031,81.16,-0.037,82.488,-0.052,83.732,-0.066,False,False,-1.422,-0.722,CROSS BELOW,2026-09-23,7,EMA20 BELOW MA30,2026-09-11,15,NEAR EMA20,30.485,43,NO SIGNAL,55.224,23.838,27.294,51.0,LAGGING,0.0
SLV,55.39,57.326,-0.034,58.826,-0.058,57.754,-0.041,59.122,-0.063,65.917,-0.16,False,False,-2.482,-1.221,CROSS BELOW,2026-09-23,7,EMA20 BELOW MA30,2026-09-14,14,NEAR EMA20,7.239,64,NO SIGNAL,5.97,23.354,12.3,64.0,LAGGING,0.0
WEAT,24.92,25.591,-0.026,26.221,-0.05,25.511,-0.023,24.529,0.016,23.183,0.075,False,False,-1.874,-0.149,CROSS BELOW,2026-09-22,8,EMA20 BELOW MA30,2026-09-24,6,NEAR EMA20,13.657,60,NO SIGNAL,7.463,49.276,36.913,41.0,WATCH,50.0
XOP,183.0,184.723,-0.009,187.511,-0.024,182.501,0.003,172.915,0.058,162.353,0.127,False,False,-1.185,-0.247,CROSS BELOW,2026-09-21,9,EMA20 BELOW MA30,2026-09-24,6,NEAR EMA20,34.552,37,NO SIGNAL,37.313,61.767,56.489,19.0,WATCH,70.0
GLD,383.04,391.875,-0.023,400.54,-0.044,396.351,-0.034,393.839,-0.027,416.17,-0.08,False,False,-1.661,-1.047,CROSS BELOW,2026-09-21,9,EMA20 BELOW MA30,2026-09-14,14,NEAR EMA20,16.866,57,NO SIGNAL,23.881,29.618,20.492,58.0,LAGGING,0.0
SLX,103.67,105.349,-0.016,107.135,-0.032,107.13,-0.032,105.831,-0.02,100.255,0.034,False,False,-1.522,-0.622,CROSS BELOW,2026-09-18,10,EMA20 BELOW MA30,2026-09-14,14,NEAR EMA20,22.985,51,NO SIGNAL,29.851,55.029,41.218,35.0,WEAKENING,30.0
SOXX,595.13,552.156,0.078,532.65,0.117,529.641,0.124,549.072,0.084,454.734,0.309,True,True,2.791,1.185,CROSS ABOVE,2026-09-17,11,EMA20 ABOVE MA30,2026-09-22,8,NEAR EMA20,98.433,2,EARLY ENTRY,98.507,89.251,94.715,2.0,LEADER,100.0
SMH,634.89,592.033,0.072,574.569,0.105,569.932,0.114,584.406,0.086,499.498,0.271,True,True,2.626,1.135,CROSS ABOVE,2026-09-17,11,EMA20 ABOVE MA30,2026-09-22,8,NEAR EMA20,98.507,1,EARLY ENTRY,100.0,91.782,96.302,1.0,LEADER,100.0
XLK,201.169,192.478,0.045,188.812,0.065,186.158,0.081,184.563,0.09,164.589,0.222,True,True,1.581,0.929,CROSS ABOVE,2026-09-17,11,EMA20 ABOVE MA30,2026-09-21,9,NEAR EMA20,93.731,5,EARLY ENTRY,91.045,89.076,92.398,4.0,LEADER,100.0
DRAM,62.18,59.889,0.038,58.642,0.06,56.395,0.103,59.224,0.05,,,True,True,1.47,1.152,CROSS ABOVE,2026-09-17,11,EMA20 ABOVE MA30,2026-08-18,32,NEAR EMA20,74.925,16,BUILDING,11.94,,,,WATCH,100.0
QQQ,753.96,731.83,0.03,722.527,0.044,716.313,0.053,716.942,0.052,667.256,0.13,True,True,0.987,0.503,CROSS ABOVE,2026-09-17,11,EMA20 ABOVE MA30,2026-09-22,8,NEAR EMA20,89.328,9,EARLY ENTRY,86.567,81.067,87.45,8.0,LEADER,100.0
AIQ,66.715,64.959,0.027,64.38,0.036,63.234,0.055,63.335,0.053,57.327,0.164,True,True,0.599,0.549,CROSS ABOVE,2026-09-17,11,EMA20 ABOVE MA30,2026-09-21,9,NEAR EMA20,86.418,13,EARLY ENTRY,79.104,81.753,85.52,9.0,LEADER,100.0
DBA,28.285,28.474,-0.007,28.702,-0.015,28.337,-0.002,27.818,0.017,27.122,0.043,False,False,-0.598,0.052,CROSS BELOW,2026-09-17,11,EMA20 BELOW MA30,2026-09-25,5,NEAR EMA20,44.418,21,NO SIGNAL,59.701,55.723,55.486,20.0,WATCH,50.0
AMLP,52.56,53.699,-0.021,54.598,-0.037,54.435,-0.034,53.117,-0.01,50.896,0.033,False,False,-1.589,-0.781,CROSS BELOW,2026-09-15,13,EMA20 BELOW MA30,2026-09-21,9,NEAR EMA20,21.493,54,NO SIGNAL,20.896,47.4,35.099,46.0,WATCH,30.0
BETZ,16.43,17.756,-0.075,18.591,-0.116,18.849,-0.128,18.948,-0.133,18.96,-0.133,False,False,-4.603,-2.596,CROSS BELOW,2026-09-15,13,EMA20 BELOW MA30,2026-09-16,12,NEAR EMA20,2.313,66,NO SIGNAL,1.493,5.682,3.005,65.0,LAGGING,0.0
ARKG,54.06,51.154,0.057,49.699,0.088,46.576,0.161,41.386,0.306,35.354,0.529,True,True,3.425,2.947,CROSS ABOVE,2026-09-14,14,EMA20 ABOVE MA30,2026-08-12,36,NEAR EMA20,84.03,14,BUILDING,34.328,95.067,78.079,14.0,LEADER,100.0
CIBR,105.59,101.022,0.045,98.771,0.069,97.422,0.084,92.147,0.146,79.848,0.322,True,True,1.563,1.102,CROSS ABOVE,2026-09-14,14,EMA20 ABOVE MA30,2026-09-18,10,NEAR EMA20,95.299,4,EARLY ENTRY,92.537,92.291,94.292,3.0,LEADER,100.0
UUP,28.86,28.527,0.012,28.307,0.02,28.263,0.021,28.181,0.024,27.736,0.041,True,True,0.667,0.461,CROSS ABOVE,2026-09-14,14,EMA20 ABOVE MA30,2026-09-14,14,NEAR EMA20,87.239,12,EARLY ENTRY,85.075,61.522,78.207,13.0,EMERGING,100.0
OIH,382.223,396.271,-0.035,407.213,-0.061,403.739,-0.053,404.247,-0.054,388.047,-0.015,False,False,-2.271,-1.543,CROSS BELOW,2026-09-14,14,EMA20 BELOW MA30,2026-09-17,11,NEAR EMA20,7.09,65,NO SIGNAL,10.448,40.271,21.256,57.0,WATCH,0.0
VIXY,16.825,17.153,-0.019,17.291,-0.027,18.322,-0.082,20.675,-0.186,24.629,-0.317,False,False,-1.054,-1.658,CROSS BELOW,2026-09-11,15,EMA20 BELOW MA30,2026-07-31,44,NEAR EMA20,45.709,20,NO SIGNAL,97.015,26.421,40.994,36.0,LAGGING,0.0
BATT,14.581,14.769,-0.013,15.159,-0.038,15.073,-0.033,15.481,-0.058,15.429,-0.055,False,False,-1.598,-1.104,CROSS BELOW,2026-09-10,16,EMA20 BELOW MA30,2026-09-14,14,NEAR EMA20,31.119,40,NO SIGNAL,64.179,37.869,36.295,42.0,WATCH,0.0
XLU,40.04,40.635,-0.015,41.419,-0.033,42.431,-0.056,43.424,-0.078,43.789,-0.086,False,False,-1.542,-1.629,CROSS BELOW,2026-09-09,17,EMA20 BELOW MA30,2026-07-30,45,NEAR EMA20,37.239,34,NO SIGNAL,82.09,25.116,35.929,43.0,LAGGING,0.0
SRVR,28.59,29.353,-0.026,29.918,-0.044,30.322,-0.057,31.251,-0.085,31.178,-0.083,False,False,-1.973,-1.572,CROSS BELOW,2026-09-09,17,EMA20 BELOW MA30,2026-09-02,21,NEAR EMA20,21.716,53,NO SIGNAL,49.254,27.605,27.198,52.0,LAGGING,0.0
IAI,177.46,182.789,-0.029,187.452,-0.053,187.72,-0.055,185.159,-0.042,179.677,-0.012,False,False,-1.958,-1.105,CROSS BELOW,2026-09-09,17,EMA20 BELOW MA30,2026-09-15,13,NEAR EMA20,13.582,61,NO SIGNAL,14.925,29.177,17.607,61.0,LAGGING,0.0
KRE,70.977,71.691,-0.01,72.601,-0.022,74.006,-0.041,72.804,-0.025,69.83,0.016,False,False,-1.356,-1.313,CROSS BELOW,2026-09-08,18,EMA20 BELOW MA30,2026-08-21,29,NEAR EMA20,28.731,44,NO SIGNAL,46.269,47.528,42.768,33.0,WATCH,30.0
DIA,511.655,517.182,-0.011,522.509,-0.021,525.589,-0.027,518.632,-0.013,499.615,0.024,False,False,-0.773,-0.644,CROSS BELOW,2026-09-08,18,EMA20 BELOW MA30,2026-09-08,18,NEAR EMA20,34.328,38,NO SIGNAL,52.239,54.441,47.67,29.0,WATCH,30.0
KBE,64.6,65.618,-0.016,66.648,-0.031,67.922,-0.049,66.732,-0.032,64.163,0.007,False,False,-1.612,-1.444,CROSS BELOW,2026-09-08,18,EMA20 BELOW MA30,2026-08-21,29,NEAR EMA20,20.149,56,NO SIGNAL,32.836,39.932,35.32,45.0,WATCH,30.0
PPH,107.995,110.506,-0.023,111.879,-0.035,111.672,-0.033,108.478,-0.004,105.921,0.02,False,False,-0.735,-0.549,CROSS BELOW,2026-09-08,18,EMA20 BELOW MA30,2026-09-11,15,NEAR EMA20,20.746,55,NO SIGNAL,17.91,38.624,30.254,49.0,WATCH,30.0
XLF,53.62,55.132,-0.027,56.225,-0.046,56.652,-0.054,54.942,-0.024,53.325,0.006,False,False,-1.654,-1.074,CROSS BELOW,2026-09-08,18,EMA20 BELOW MA30,2026-09-08,18,NEAR EMA20,13.433,62,NO SIGNAL,13.433,32.977,26.37,55.0,LAGGING,30.0
KBWD,11.09,11.518,-0.037,11.838,-0.063,11.962,-0.073,11.934,-0.071,12.152,-0.087,False,False,-2.286,-1.741,CROSS BELOW,2026-09-08,18,EMA20 BELOW MA30,2026-09-10,16,NEAR EMA20,10.746,63,NO SIGNAL,22.388,13.982,13.008,63.0,LAGGING,0.0
RSP,210.4,212.08,-0.008,214.635,-0.02,216.027,-0.026,212.338,-0.009,204.239,0.03,False,False,-0.828,-0.845,CROSS BELOW,2026-09-04,19,EMA20 BELOW MA30,2026-09-08,18,NEAR EMA20,37.09,35,NO SIGNAL,58.209,57.895,51.015,26.0,WATCH,30.0
LITP,8.951,9.978,-0.103,10.721,-0.165,10.748,-0.167,12.206,-0.267,13.09,-0.316,False,False,-5.344,-3.443,CROSS BELOW,2026-09-04,19,EMA20 BELOW MA30,2026-09-14,14,NEAR EMA20,1.567,67,NO SIGNAL,2.985,3.913,2.657,66.0,LAGGING,0.0
XLB,49.31,50.066,-0.015,51.041,-0.034,51.375,-0.04,51.02,-0.034,50.241,-0.019,False,False,-1.352,-0.982,CROSS BELOW,2026-09-03,20,EMA20 BELOW MA30,2026-09-09,17,NEAR EMA20,28.619,45,NO SIGNAL,56.716,35.353,32.924,47.0,WATCH,0.0
XLY,110.55,111.258,-0.006,112.901,-0.021,114.193,-0.032,115.257,-0.041,115.908,-0.046,False,False,-1.114,-1.137,CROSS BELOW,2026-08-31,23,EMA20 BELOW MA30,2026-09-04,19,NEAR EMA20,37.761,33,NO SIGNAL,68.657,38.654,37.992,40.0,WATCH,0.0
ONLN,54.14,55.422,-0.023,56.457,-0.041,57.559,-0.059,56.807,-0.047,57.152,-0.053,False,False,-1.522,-1.463,CROSS BELOW,2026-08-31,23,EMA20 BELOW MA30,2026-09-02,21,NEAR EMA20,23.731,49,NO SIGNAL,40.299,31.67,26.341,56.0,LAGGING,0.0
AWAY,16.735,17.472,-0.042,18.196,-0.08,18.809,-0.11,18.223,-0.082,18.198,-0.08,False,False,-2.457,-2.981,CROSS BELOW,2026-08-31,23,EMA20 BELOW MA30,2026-09-03,20,NEAR EMA20,14.403,59,NO SIGNAL,26.866,20.985,17.503,62.0,LAGGING,0.0
IWM,283.3,284.661,-0.005,288.502,-0.018,292.056,-0.03,291.003,-0.026,275.135,0.03,False,False,-1.054,-1.205,CROSS BELOW,2026-08-28,24,EMA20 BELOW MA30,2026-09-02,21,NEAR EMA20,38.731,31,NO SIGNAL,61.194,58.889,52.358,24.0,WATCH,30.0
TIP,104.38,105.157,-0.007,105.936,-0.015,106.352,-0.019,106.934,-0.024,107.036,-0.025,False,False,-0.597,-0.469,CROSS BELOW,2026-08-28,24,EMA20 BELOW MA30,2026-09-09,17,NEAR EMA20,44.104,22,NO SIGNAL,67.164,45.357,40.56,37.0,WATCH,0.0
IEF,89.474,90.223,-0.008,90.973,-0.016,91.521,-0.022,92.119,-0.029,92.84,-0.036,False,False,-0.7,-0.575,CROSS BELOW,2026-08-28,24,EMA20 BELOW MA30,2026-09-02,21,NEAR EMA20,41.791,25,NO SIGNAL,65.672,40.646,37.992,39.0,WATCH,0.0
PEJ,62.45,62.945,-0.008,63.937,-0.023,65.327,-0.044,64.605,-0.033,62.452,-0.0,False,False,-0.657,-1.472,CROSS BELOW,2026-08-27,25,EMA20 BELOW MA30,2026-09-01,22,NEAR EMA20,40.224,28,NO SIGNAL,76.119,46.796,43.894,32.0,WATCH,0.0
REZ,88.28,90.196,-0.021,91.725,-0.038,93.247,-0.053,92.733,-0.048,88.987,-0.008,False,False,-1.225,-1.079,CROSS BELOW,2026-08-27,25,EMA20 BELOW MA30,2026-08-06,40,NEAR EMA20,28.545,46,NO SIGNAL,53.731,34.734,31.75,48.0,LAGGING,0.0
VNQ,90.1,92.117,-0.022,93.764,-0.039,95.434,-0.056,95.578,-0.057,92.74,-0.028,False,False,-1.498,-1.312,CROSS BELOW,2026-08-27,25,EMA20 BELOW MA30,2026-08-11,37,NEAR EMA20,27.127,47,NO SIGNAL,50.746,32.549,29.871,50.0,LAGGING,0.0
XLP,80.41,82.263,-0.023,83.297,-0.035,83.938,-0.042,83.628,-0.038,82.681,-0.027,False,False,-0.994,-0.792,CROSS BELOW,2026-08-27,25,EMA20 BELOW MA30,2026-09-03,20,NEAR EMA20,25.373,48,NO SIGNAL,35.821,35.167,26.572,54.0,WATCH,0.0
XLRE,41.07,42.099,-0.024,42.882,-0.042,43.624,-0.059,43.766,-0.062,42.526,-0.034,False,False,-1.597,-1.348,CROSS BELOW,2026-08-27,25,EMA20 BELOW MA30,2026-08-12,36,NEAR EMA20,22.761,52,NO SIGNAL,44.776,29.93,26.901,53.0,LAGGING,0.0
ITA,208.625,215.395,-0.031,220.006,-0.052,230.638,-0.095,231.705,-0.1,230.073,-0.093,False,False,-2.055,-2.89,CROSS BELOW,2026-08-19,31,EMA20 BELOW MA30,2026-08-27,25,NEAR EMA20,14.701,58,NO SIGNAL,43.284,16.026,20.197,59.0,LAGGING,0.0
XLI,169.71,170.607,-0.005,172.11,-0.014,176.453,-0.038,176.597,-0.039,171.478,-0.01,False,False,-0.728,-1.383,CROSS BELOW,2026-08-18,32,EMA20 BELOW MA30,2026-08-26,26,NEAR EMA20,39.627,29,NO SIGNAL,73.134,45.797,42.549,34.0,WATCH,0.0
IBIT,48.705,46.212,0.054,45.549,0.069,41.984,0.16,39.974,0.218,41.924,0.162,True,True,2.258,3.791,CROSS ABOVE,2026-08-17,33,EMA20 ABOVE MA30,2026-08-19,31,NEAR EMA20,95.672,3,EARLY ENTRY,94.03,81.013,89.665,5.0,LEADER,100.0
ETHE,21.92,20.847,0.051,20.489,0.07,18.495,0.185,16.707,0.312,18.138,0.209,True,True,2.548,4.534,CROSS ABOVE,2026-07-06,63,EMA20 ABOVE MA30,2026-07-10,59,NEAR EMA20,91.231,8,EARLY ENTRY,74.627,79.423,83.129,10.0,LEADER,100.0
