Market_Date,Archive_Time,System_Refresh_Time,Ticker,Lifecycle,Decision_Support,Detection,Signal_Window,ML_Quality,ML_Daily_Rank,ML_Signal_Date,Confirmation,Rotation,Structure,Structure_History,MA_Breadth,Pct_vs_EMA20,Pct_vs_MA50,Close
2026-09-15,2026-09-15 20:19:31,2026-09-15 17:15:27,AIQ,5 — WEAKENING / PULLBACK,● PULLBACK / REVIEW,▼ RECENT EMA20 BREAK,OUTSIDE BULLISH EARLY WINDOW,— NO CURRENT ML SIGNAL,,,● DEVELOPING,WATCH,▲ POSITIVE STRUCTURE,FULL LONG-TERM HISTORY AVAILABLE,3/5 ABOVE,-0.007,0.0135711640935654,62.959999084472656
2026-09-15,2026-09-15 20:19:31,2026-09-15 17:15:27,AIRR,6 — BELOW STRUCTURE,▼ STRUCTURAL CAUTION,▼ BELOW EMA20,OUTSIDE BULLISH EARLY WINDOW,— NO CURRENT ML SIGNAL,,,▼ DETERIORATING,LAGGING,▼ STRUCTURAL CAUTION,FULL LONG-TERM HISTORY AVAILABLE,0/5 ABOVE,-0.046,-0.1020907055062653,105.0500030517578
2026-09-15,2026-09-15 20:19:31,2026-09-15 17:15:27,AMLP,5 — WEAKENING / PULLBACK,● ESTABLISHED LEADER,▼ RECENT EMA20 BREAK,OUTSIDE BULLISH EARLY WINDOW,— NO CURRENT ML SIGNAL,,,▲ CONFIRMED LEADER,LEADER,▲ POSITIVE STRUCTURE,FULL LONG-TERM HISTORY AVAILABLE,4/5 ABOVE,-0.001,0.0190918472652217,55.29999923706055
2026-09-15,2026-09-15 20:19:31,2026-09-15 17:15:27,ARKG,3 — LEADING,▲ EARLY WATCH,▲ DAY 1 CONFIRMATION,DAY 1 — CONFIRMATION WINDOW,— NO CURRENT ML SIGNAL,,,▲ CONFIRMED LEADER,LEADER,▲ FULL BULL STRUCTURE,FULL LONG-TERM HISTORY AVAILABLE,5/5 ABOVE,0.029,0.0974880382775118,47.709999084472656
2026-09-15,2026-09-15 20:19:31,2026-09-15 17:15:27,AWAY,6 — BELOW STRUCTURE,▼ STRUCTURAL CAUTION,▼ BELOW EMA20,OUTSIDE BULLISH EARLY WINDOW,— NO CURRENT ML SIGNAL,,,▼ DETERIORATING,LAGGING,▼ STRUCTURAL CAUTION,FULL LONG-TERM HISTORY AVAILABLE,0/5 ABOVE,-0.062,-0.076553022380255,17.66010093688965
2026-09-15,2026-09-15 20:19:31,2026-09-15 17:15:27,BATT,6 — BELOW STRUCTURE,▼ STRUCTURAL CAUTION,▼ RECENT EMA20 BREAK,OUTSIDE BULLISH EARLY WINDOW,— NO CURRENT ML SIGNAL,,,▼ DETERIORATING,LAGGING,▼ STRUCTURAL CAUTION,FULL LONG-TERM HISTORY AVAILABLE,0/5 ABOVE,-0.049,-0.0290163716225209,14.59000015258789
2026-09-15,2026-09-15 20:19:31,2026-09-15 17:15:27,BETZ,5 — WEAKENING / PULLBACK,● PULLBACK / REVIEW,▼ RECENT EMA20 BREAK,OUTSIDE BULLISH EARLY WINDOW,— NO CURRENT ML SIGNAL,,,▲ EMERGING CONFIRMATION,EMERGING,▲ POSITIVE STRUCTURE,FULL LONG-TERM HISTORY AVAILABLE,3/5 ABOVE,-0.001,0.0006212144742971,19.32900047302246
2026-09-15,2026-09-15 20:19:31,2026-09-15 17:15:27,BOTZ,6 — BELOW STRUCTURE,▼ STRUCTURAL CAUTION,▼ BELOW EMA20,OUTSIDE BULLISH EARLY WINDOW,— NO CURRENT ML SIGNAL,,,▼ DETERIORATING,LAGGING,▼ STRUCTURAL CAUTION,FULL LONG-TERM HISTORY AVAILABLE,0/5 ABOVE,-0.026,-0.0330596973250683,34.630001068115234
2026-09-15,2026-09-15 20:19:31,2026-09-15 17:15:27,CIBR,3 — LEADING,▲ EARLY WATCH,▲ DAY 1 CONFIRMATION,DAY 1 — CONFIRMATION WINDOW,— NO CURRENT ML SIGNAL,,,▲ CONFIRMED LEADER,LEADER,▲ FULL BULL STRUCTURE,FULL LONG-TERM HISTORY AVAILABLE,5/5 ABOVE,0.049,0.067021636240703,101.0
2026-09-15,2026-09-15 20:19:31,2026-09-15 17:15:27,COPX,5 — WEAKENING / PULLBACK,● PULLBACK / REVIEW,▼ RECENT EMA20 BREAK,OUTSIDE BULLISH EARLY WINDOW,● MODERATE,,2026-09-04,— NOT CONFIRMED,WATCH,● LONG-TERM TREND INTACT,FULL LONG-TERM HISTORY AVAILABLE,2/5 ABOVE,-0.055,-0.0002954558884357,84.58999633789062
2026-09-15,2026-09-15 20:19:31,2026-09-15 17:15:27,CORN,3 — LEADING,● ESTABLISHED LEADER,▲ ESTABLISHED ABOVE EMA20,OUTSIDE BULLISH EARLY WINDOW,— NO CURRENT ML SIGNAL,,,▲ CONFIRMED LEADER,LEADER,▲ FULL BULL STRUCTURE,FULL LONG-TERM HISTORY AVAILABLE,5/5 ABOVE,0.021,0.0788694481830416,20.040000915527344
2026-09-15,2026-09-15 20:19:31,2026-09-15 17:15:27,CPER,5 — WEAKENING / PULLBACK,● PULLBACK / REVIEW,▼ RECENT EMA20 BREAK,OUTSIDE BULLISH EARLY WINDOW,— NO CURRENT ML SIGNAL,,,— NOT CONFIRMED,WATCH,● LONG-TERM TREND INTACT,FULL LONG-TERM HISTORY AVAILABLE,1/5 ABOVE,-0.022,-0.0159303745928338,38.66999816894531
2026-09-15,2026-09-15 20:19:31,2026-09-15 17:15:27,DBA,2 — CONFIRMING / BUILDING,— MONITOR,● NEAR EMA20,OUTSIDE BULLISH EARLY WINDOW,— NO CURRENT ML SIGNAL,,,▲ EARLY CONFIRMATION,WATCH,▲ FULL BULL STRUCTURE,FULL LONG-TERM HISTORY AVAILABLE,5/5 ABOVE,0.003,0.0244040862656071,28.8799991607666
2026-09-15,2026-09-15 20:19:31,2026-09-15 17:15:27,DIA,5 — WEAKENING / PULLBACK,● PULLBACK / REVIEW,▼ RECENT EMA20 BREAK,OUTSIDE BULLISH EARLY WINDOW,— NO CURRENT ML SIGNAL,,,— NOT CONFIRMED,WATCH,● LONG-TERM TREND INTACT,FULL LONG-TERM HISTORY AVAILABLE,2/5 ABOVE,-0.014,-0.014011505059237,521.22998046875
2026-09-15,2026-09-15 20:19:31,2026-09-15 17:15:27,DRAM,5 — WEAKENING / PULLBACK,— MONITOR,▼ RECENT EMA20 BREAK,OUTSIDE BULLISH EARLY WINDOW,★★ ELITE,,2026-09-04,— NOT CONFIRMED,WATCH,● PARTIAL-HISTORY MIXED STRUCTURE,MA200 NOT YET AVAILABLE,0/4 ABOVE,-0.034,-0.0144226462420495,55.0099983215332
2026-09-15,2026-09-15 20:19:31,2026-09-15 17:15:27,ETHE,2 — CONFIRMING / BUILDING,— MONITOR,● NEAR EMA20,OUTSIDE BULLISH EARLY WINDOW,— NO CURRENT ML SIGNAL,,,▲ EMERGING CONFIRMATION,EMERGING,▲ FULL BULL STRUCTURE,FULL LONG-TERM HISTORY AVAILABLE,5/5 ABOVE,0.016,0.1550133888723595,19.40999984741211
2026-09-15,2026-09-15 20:19:31,2026-09-15 17:15:27,GLD,6 — BELOW STRUCTURE,▼ STRUCTURAL CAUTION,▼ RECENT EMA20 BREAK,OUTSIDE BULLISH EARLY WINDOW,— NO CURRENT ML SIGNAL,,,— NOT CONFIRMED,WATCH,▼ STRUCTURAL CAUTION,FULL LONG-TERM HISTORY AVAILABLE,1/5 ABOVE,-0.02,0.0061237878141982,394.1499938964844
2026-09-15,2026-09-15 20:19:31,2026-09-15 17:15:27,IAI,5 — WEAKENING / PULLBACK,● PULLBACK / REVIEW,▼ RECENT EMA20 BREAK,OUTSIDE BULLISH EARLY WINDOW,— LOW,,2026-09-04,— NOT CONFIRMED,WATCH,● LONG-TERM TREND INTACT,FULL LONG-TERM HISTORY AVAILABLE,2/5 ABOVE,-0.032,-0.0271227034465372,185.22999572753903
2026-09-15,2026-09-15 20:19:31,2026-09-15 17:15:27,IBB,5 — WEAKENING / PULLBACK,● PULLBACK / REVIEW,▼ RECENT EMA20 BREAK,OUTSIDE BULLISH EARLY WINDOW,— NO CURRENT ML SIGNAL,,,▼ DETERIORATING,WEAKENING,▲ POSITIVE STRUCTURE,FULL LONG-TERM HISTORY AVAILABLE,3/5 ABOVE,-0.02,0.0129933954836543,202.0
2026-09-15,2026-09-15 20:19:31,2026-09-15 17:15:27,IBIT,2 — CONFIRMING / BUILDING,— MONITOR,● NEAR EMA20,OUTSIDE BULLISH EARLY WINDOW,— NO CURRENT ML SIGNAL,,,▲ EARLY CONFIRMATION,WATCH,▲ FULL BULL STRUCTURE,FULL LONG-TERM HISTORY AVAILABLE,5/5 ABOVE,0.004,0.0994363826477264,43.11000061035156
2026-09-15,2026-09-15 20:19:31,2026-09-15 17:15:27,IEF,6 — BELOW STRUCTURE,▼ STRUCTURAL CAUTION,● NEAR EMA20,OUTSIDE BULLISH EARLY WINDOW,— NO CURRENT ML SIGNAL,,,— NOT CONFIRMED,WATCH,▼ STRUCTURAL CAUTION,FULL LONG-TERM HISTORY AVAILABLE,0/5 ABOVE,-0.012,-0.0184168431974407,90.81999969482422
2026-09-15,2026-09-15 20:19:31,2026-09-15 17:15:27,IGV,2 — CONFIRMING / BUILDING,— MONITOR,▲ DAY 1 CONFIRMATION,DAY 1 — CONFIRMATION WINDOW,● MODERATE,,2026-09-04,● DEVELOPING,WATCH,▲ FULL BULL STRUCTURE,FULL LONG-TERM HISTORY AVAILABLE,5/5 ABOVE,0.018,0.0627693423013411,105.5500030517578
2026-09-15,2026-09-15 20:19:31,2026-09-15 17:15:27,ITA,6 — BELOW STRUCTURE,▼ STRUCTURAL CAUTION,▼ BELOW EMA20,OUTSIDE BULLISH EARLY WINDOW,— NO CURRENT ML SIGNAL,,,▼ DETERIORATING,LAGGING,▼ STRUCTURAL CAUTION,FULL LONG-TERM HISTORY AVAILABLE,0/5 ABOVE,-0.059,-0.0967377036033412,214.0
2026-09-15,2026-09-15 20:19:31,2026-09-15 17:15:27,IWM,5 — WEAKENING / PULLBACK,● PULLBACK / REVIEW,▼ BELOW EMA20,OUTSIDE BULLISH EARLY WINDOW,— NO CURRENT ML SIGNAL,,,— NOT CONFIRMED,WATCH,● LONG-TERM TREND INTACT,FULL LONG-TERM HISTORY AVAILABLE,1/5 ABOVE,-0.028,-0.0360769678038754,285.1400146484375
2026-09-15,2026-09-15 20:19:31,2026-09-15 17:15:27,KBE,5 — WEAKENING / PULLBACK,● PULLBACK / REVIEW,▼ RECENT EMA20 BREAK,OUTSIDE BULLISH EARLY WINDOW,— NO CURRENT ML SIGNAL,,,— NOT CONFIRMED,WATCH,● LONG-TERM TREND INTACT,FULL LONG-TERM HISTORY AVAILABLE,2/5 ABOVE,-0.009,-0.0193956186682828,67.94999694824219
2026-09-15,2026-09-15 20:19:31,2026-09-15 17:15:27,KBWD,6 — BELOW STRUCTURE,▼ STRUCTURAL CAUTION,▼ RECENT EMA20 BREAK,OUTSIDE BULLISH EARLY WINDOW,— LOW,,2026-09-04,▼ DETERIORATING,LAGGING,▼ STRUCTURAL CAUTION,FULL LONG-TERM HISTORY AVAILABLE,0/5 ABOVE,-0.033,-0.0337848865676513,11.84000015258789
2026-09-15,2026-09-15 20:19:31,2026-09-15 17:15:27,KRE,5 — WEAKENING / PULLBACK,● PULLBACK / REVIEW,▼ RECENT EMA20 BREAK,OUTSIDE BULLISH EARLY WINDOW,— NO CURRENT ML SIGNAL,,,— NOT CONFIRMED,WATCH,● LONG-TERM TREND INTACT,FULL LONG-TERM HISTORY AVAILABLE,2/5 ABOVE,-0.006,-0.0188284241629236,74.05000305175781
2026-09-15,2026-09-15 20:19:31,2026-09-15 17:15:27,LITP,6 — BELOW STRUCTURE,▼ STRUCTURAL CAUTION,▼ BELOW EMA20,OUTSIDE BULLISH EARLY WINDOW,— NO CURRENT ML SIGNAL,,,▼ DETERIORATING,LAGGING,▼ STRUCTURAL CAUTION,FULL LONG-TERM HISTORY AVAILABLE,0/5 ABOVE,-0.1,-0.090572512190717,10.07129955291748
2026-09-15,2026-09-15 20:19:31,2026-09-15 17:15:27,OIH,5 — WEAKENING / PULLBACK,● PULLBACK / REVIEW,▼ RECENT EMA20 BREAK,OUTSIDE BULLISH EARLY WINDOW,— NO CURRENT ML SIGNAL,,,— NOT CONFIRMED,WATCH,▲ POSITIVE STRUCTURE,FULL LONG-TERM HISTORY AVAILABLE,3/5 ABOVE,-0.013,0.0269137188845216,411.510009765625
2026-09-15,2026-09-15 20:19:31,2026-09-15 17:15:27,ONLN,6 — BELOW STRUCTURE,▼ STRUCTURAL CAUTION,▼ BELOW EMA20,OUTSIDE BULLISH EARLY WINDOW,— NO CURRENT ML SIGNAL,,,▼ DETERIORATING,LAGGING,▼ STRUCTURAL CAUTION,FULL LONG-TERM HISTORY AVAILABLE,0/5 ABOVE,-0.034,-0.0459791863765373,55.461700439453125
2026-09-15,2026-09-15 20:19:31,2026-09-15 17:15:27,PAVE,6 — BELOW STRUCTURE,▼ STRUCTURAL CAUTION,▼ BELOW EMA20,OUTSIDE BULLISH EARLY WINDOW,— NO CURRENT ML SIGNAL,,,▼ DETERIORATING,LAGGING,▼ STRUCTURAL CAUTION,FULL LONG-TERM HISTORY AVAILABLE,0/5 ABOVE,-0.037,-0.0623225440090856,52.84000015258789
2026-09-15,2026-09-15 20:19:31,2026-09-15 17:15:27,PDBC,3 — LEADING,● ESTABLISHED LEADER,▲ ESTABLISHED ABOVE EMA20,OUTSIDE BULLISH EARLY WINDOW,— NO CURRENT ML SIGNAL,,,▲ CONFIRMED LEADER,LEADER,▲ FULL BULL STRUCTURE,FULL LONG-TERM HISTORY AVAILABLE,5/5 ABOVE,0.056,0.1177844511177845,20.100000381469727
2026-09-15,2026-09-15 20:19:31,2026-09-15 17:15:27,PEJ,5 — WEAKENING / PULLBACK,● PULLBACK / REVIEW,▼ BELOW EMA20,OUTSIDE BULLISH EARLY WINDOW,— NO CURRENT ML SIGNAL,,,▼ DETERIORATING,LAGGING,● LONG-TERM TREND INTACT,FULL LONG-TERM HISTORY AVAILABLE,1/5 ABOVE,-0.039,-0.0585449005143986,62.40999984741211
2026-09-15,2026-09-15 20:19:31,2026-09-15 17:15:27,PPH,5 — WEAKENING / PULLBACK,● PULLBACK / REVIEW,▼ RECENT EMA20 BREAK,OUTSIDE BULLISH EARLY WINDOW,▲ HIGH,,2026-09-04,— NOT CONFIRMED,WATCH,● LONG-TERM TREND INTACT,FULL LONG-TERM HISTORY AVAILABLE,2/5 ABOVE,-0.016,-0.0100309885897503,110.53379821777344
2026-09-15,2026-09-15 20:19:31,2026-09-15 17:15:27,QQQ,5 — WEAKENING / PULLBACK,● PULLBACK / REVIEW,▼ RECENT EMA20 BREAK,OUTSIDE BULLISH EARLY WINDOW,— LOW,,2026-09-04,— NOT CONFIRMED,WATCH,● LONG-TERM TREND INTACT,FULL LONG-TERM HISTORY AVAILABLE,1/5 ABOVE,-0.012,-0.0076510059551644,704.5399780273438
2026-09-15,2026-09-15 20:19:31,2026-09-15 17:15:27,REZ,5 — WEAKENING / PULLBACK,● PULLBACK / REVIEW,▼ BELOW EMA20,OUTSIDE BULLISH EARLY WINDOW,— NO CURRENT ML SIGNAL,,,— NOT CONFIRMED,WATCH,● LONG-TERM TREND INTACT,FULL LONG-TERM HISTORY AVAILABLE,1/5 ABOVE,-0.023,-0.0419374757972514,91.54000091552734
2026-09-15,2026-09-15 20:19:31,2026-09-15 17:15:27,RSP,5 — WEAKENING / PULLBACK,● PULLBACK / REVIEW,● NEAR EMA20,OUTSIDE BULLISH EARLY WINDOW,— NO CURRENT ML SIGNAL,,,— NOT CONFIRMED,WATCH,● LONG-TERM TREND INTACT,FULL LONG-TERM HISTORY AVAILABLE,2/5 ABOVE,-0.016,-0.015365924371488,213.9600067138672
2026-09-15,2026-09-15 20:19:31,2026-09-15 17:15:27,SHY,5 — WEAKENING / PULLBACK,● PULLBACK / REVIEW,▼ RECENT EMA20 BREAK,OUTSIDE BULLISH EARLY WINDOW,— NO CURRENT ML SIGNAL,,,— NOT CONFIRMED,WATCH,● LONG-TERM TREND INTACT,FULL LONG-TERM HISTORY AVAILABLE,1/5 ABOVE,-0.003,-0.0031018966933535,81.30999755859375
2026-09-15,2026-09-15 20:19:31,2026-09-15 17:15:27,SKYY,3 — LEADING,▲ EARLY WATCH,▲ DAY 1 CONFIRMATION,DAY 1 — CONFIRMATION WINDOW,— NO CURRENT ML SIGNAL,,,▲ CONFIRMED LEADER,LEADER,▲ FULL BULL STRUCTURE,FULL LONG-TERM HISTORY AVAILABLE,5/5 ABOVE,0.017,0.0717562492161665,162.3699951171875
2026-09-15,2026-09-15 20:19:31,2026-09-15 17:15:27,SLV,6 — BELOW STRUCTURE,▼ STRUCTURAL CAUTION,▼ RECENT EMA20 BREAK,OUTSIDE BULLISH EARLY WINDOW,● MODERATE,,2026-09-04,▼ DETERIORATING,LAGGING,▼ STRUCTURAL CAUTION,FULL LONG-TERM HISTORY AVAILABLE,1/5 ABOVE,-0.022,0.017779743476338,57.52999877929688
2026-09-15,2026-09-15 20:19:31,2026-09-15 17:15:27,SLX,5 — WEAKENING / PULLBACK,● PULLBACK / REVIEW,▼ RECENT EMA20 BREAK,OUTSIDE BULLISH EARLY WINDOW,— NO CURRENT ML SIGNAL,,,— NOT CONFIRMED,WATCH,▲ POSITIVE STRUCTURE,FULL LONG-TERM HISTORY AVAILABLE,3/5 ABOVE,-0.017,0.0069821713702629,106.58000183105467
2026-09-15,2026-09-15 20:19:31,2026-09-15 17:15:27,SMH,5 — WEAKENING / PULLBACK,● PULLBACK / REVIEW,▼ RECENT EMA20 BREAK,OUTSIDE BULLISH EARLY WINDOW,— NO CURRENT ML SIGNAL,,,— NOT CONFIRMED,WATCH,● LONG-TERM TREND INTACT,FULL LONG-TERM HISTORY AVAILABLE,1/5 ABOVE,-0.032,-0.0436345802372434,542.1099853515625
2026-09-15,2026-09-15 20:19:31,2026-09-15 17:15:27,SOXX,5 — WEAKENING / PULLBACK,● PULLBACK / REVIEW,▼ RECENT EMA20 BREAK,OUTSIDE BULLISH EARLY WINDOW,— NO CURRENT ML SIGNAL,,,— NOT CONFIRMED,WATCH,● LONG-TERM TREND INTACT,FULL LONG-TERM HISTORY AVAILABLE,1/5 ABOVE,-0.035,-0.0560878878015181,498.8500061035156
2026-09-15,2026-09-15 20:19:31,2026-09-15 17:15:27,SPY,5 — WEAKENING / PULLBACK,● PULLBACK / REVIEW,▼ RECENT EMA20 BREAK,OUTSIDE BULLISH EARLY WINDOW,— LOW,,2026-09-04,— NOT CONFIRMED,WATCH,● LONG-TERM TREND INTACT,FULL LONG-TERM HISTORY AVAILABLE,2/5 ABOVE,-0.009,-0.0022014041032275,757.3900146484375
2026-09-15,2026-09-15 20:19:31,2026-09-15 17:15:27,SRVR,6 — BELOW STRUCTURE,▼ STRUCTURAL CAUTION,▼ RECENT EMA20 BREAK,OUTSIDE BULLISH EARLY WINDOW,— NO CURRENT ML SIGNAL,,,▼ DETERIORATING,LAGGING,▼ STRUCTURAL CAUTION,FULL LONG-TERM HISTORY AVAILABLE,0/5 ABOVE,-0.033,-0.0378703643142127,29.420000076293945
2026-09-15,2026-09-15 20:19:31,2026-09-15 17:15:27,TIP,6 — BELOW STRUCTURE,▼ STRUCTURAL CAUTION,● NEAR EMA20,OUTSIDE BULLISH EARLY WINDOW,— NO CURRENT ML SIGNAL,,,— NOT CONFIRMED,WATCH,▼ STRUCTURAL CAUTION,FULL LONG-TERM HISTORY AVAILABLE,0/5 ABOVE,-0.008,-0.0111513044128506,105.79000091552734
2026-09-15,2026-09-15 20:19:31,2026-09-15 17:15:27,TLT,6 — BELOW STRUCTURE,▼ STRUCTURAL CAUTION,● NEAR EMA20,OUTSIDE BULLISH EARLY WINDOW,— NO CURRENT ML SIGNAL,,,— NOT CONFIRMED,WATCH,▼ STRUCTURAL CAUTION,FULL LONG-TERM HISTORY AVAILABLE,0/5 ABOVE,-0.013,-0.020747391409852,80.70999908447266
2026-09-15,2026-09-15 20:19:31,2026-09-15 17:15:27,UNG,6 — BELOW STRUCTURE,▼ STRUCTURAL CAUTION,▲ DAY 1 CONFIRMATION,DAY 1 — CONFIRMATION WINDOW,— NO CURRENT ML SIGNAL,,,● DEVELOPING,WATCH,▼ STRUCTURAL CAUTION,FULL LONG-TERM HISTORY AVAILABLE,3/5 ABOVE,0.021,0.0233009708737863,10.539999961853027
2026-09-15,2026-09-15 20:19:31,2026-09-15 17:15:27,USO,4 — MATURE / EXTENDED,● ESTABLISHED LEADER,▲ ESTABLISHED ABOVE EMA20,OUTSIDE BULLISH EARLY WINDOW,— NO CURRENT ML SIGNAL,,,▲ CONFIRMED LEADER,LEADER,▲ FULL BULL STRUCTURE,FULL LONG-TERM HISTORY AVAILABLE,5/5 ABOVE,0.132,0.2467840581719587,161.86000061035156
2026-09-15,2026-09-15 20:19:31,2026-09-15 17:15:27,UUP,2 — CONFIRMING / BUILDING,▲ EARLY WATCH,▲ DAY 1 CONFIRMATION,DAY 1 — CONFIRMATION WINDOW,— NO CURRENT ML SIGNAL,,,▲ EMERGING CONFIRMATION,EMERGING,▲ FULL BULL STRUCTURE,FULL LONG-TERM HISTORY AVAILABLE,5/5 ABOVE,0.004,0.0005318205991846,28.21999931335449
2026-09-15,2026-09-15 20:19:31,2026-09-15 17:15:27,VIXY,6 — BELOW STRUCTURE,▼ STRUCTURAL CAUTION,▼ RECENT EMA20 BREAK,OUTSIDE BULLISH EARLY WINDOW,— NO CURRENT ML SIGNAL,,,▼ DETERIORATING,LAGGING,▼ STRUCTURAL CAUTION,FULL LONG-TERM HISTORY AVAILABLE,0/5 ABOVE,-0.021,-0.0944312428969934,17.530000686645508
2026-09-15,2026-09-15 20:19:31,2026-09-15 17:15:27,VNQ,5 — WEAKENING / PULLBACK,● PULLBACK / REVIEW,▼ BELOW EMA20,OUTSIDE BULLISH EARLY WINDOW,— NO CURRENT ML SIGNAL,,,— NOT CONFIRMED,WATCH,● LONG-TERM TREND INTACT,FULL LONG-TERM HISTORY AVAILABLE,1/5 ABOVE,-0.022,-0.0388642050967775,94.0999984741211
2026-09-15,2026-09-15 20:19:31,2026-09-15 17:15:27,VOO,5 — WEAKENING / PULLBACK,● PULLBACK / REVIEW,▼ RECENT EMA20 BREAK,OUTSIDE BULLISH EARLY WINDOW,— LOW,,2026-09-04,— NOT CONFIRMED,WATCH,● LONG-TERM TREND INTACT,FULL LONG-TERM HISTORY AVAILABLE,2/5 ABOVE,-0.009,-0.0021785243364099,696.2000122070312
2026-09-15,2026-09-15 20:19:31,2026-09-15 17:15:27,WEAT,5 — WEAKENING / PULLBACK,▲ NEW DETECTION,▲ DAY 0 DETECTION,DAY 0 — DETECTION,— NO CURRENT ML SIGNAL,,,▲ EARLY CONFIRMATION,WEAKENING,▲ FULL BULL STRUCTURE,FULL LONG-TERM HISTORY AVAILABLE,5/5 ABOVE,0.0,0.0439059215484074,26.31999969482422
2026-09-15,2026-09-15 20:19:31,2026-09-15 17:15:27,XBI,5 — WEAKENING / PULLBACK,● PULLBACK / REVIEW,▼ RECENT EMA20 BREAK,OUTSIDE BULLISH EARLY WINDOW,— NO CURRENT ML SIGNAL,,,▼ DETERIORATING,WEAKENING,● LONG-TERM TREND INTACT,FULL LONG-TERM HISTORY AVAILABLE,2/5 ABOVE,-0.038,-0.025157431726844,154.02999877929688
2026-09-15,2026-09-15 20:19:31,2026-09-15 17:15:27,XLB,5 — WEAKENING / PULLBACK,● PULLBACK / REVIEW,▼ BELOW EMA20,OUTSIDE BULLISH EARLY WINDOW,— NO CURRENT ML SIGNAL,,,— NOT CONFIRMED,WATCH,● LONG-TERM TREND INTACT,FULL LONG-TERM HISTORY AVAILABLE,1/5 ABOVE,-0.022,-0.0203916116324875,50.72999954223633
2026-09-15,2026-09-15 20:19:31,2026-09-15 17:15:27,XLC,2 — CONFIRMING / BUILDING,▲ EARLY WATCH,▲ DAY 2 CONFIRMATION,DAY 2 — CONFIRMATION WINDOW,— LOW,,2026-09-04,▲ EMERGING CONFIRMATION,EMERGING,▲ FULL BULL STRUCTURE,FULL LONG-TERM HISTORY AVAILABLE,5/5 ABOVE,0.016,0.0265204709949227,114.02999877929688
2026-09-15,2026-09-15 20:19:31,2026-09-15 17:15:27,XLE,3 — LEADING,● ESTABLISHED LEADER,▲ ESTABLISHED ABOVE EMA20,OUTSIDE BULLISH EARLY WINDOW,— NO CURRENT ML SIGNAL,,,▲ CONFIRMED LEADER,LEADER,▲ FULL BULL STRUCTURE,FULL LONG-TERM HISTORY AVAILABLE,5/5 ABOVE,0.034,0.0875769122911203,65.93000030517578
2026-09-15,2026-09-15 20:19:31,2026-09-15 17:15:27,XLF,5 — WEAKENING / PULLBACK,● PULLBACK / REVIEW,▼ RECENT EMA20 BREAK,OUTSIDE BULLISH EARLY WINDOW,— LOW,,2026-09-04,— NOT CONFIRMED,WATCH,● LONG-TERM TREND INTACT,FULL LONG-TERM HISTORY AVAILABLE,2/5 ABOVE,-0.01,-0.0053711706352677,56.84999847412109
2026-09-15,2026-09-15 20:19:31,2026-09-15 17:15:27,XLI,6 — BELOW STRUCTURE,▼ STRUCTURAL CAUTION,▼ BELOW EMA20,OUTSIDE BULLISH EARLY WINDOW,— NO CURRENT ML SIGNAL,,,▼ DETERIORATING,LAGGING,▼ STRUCTURAL CAUTION,FULL LONG-TERM HISTORY AVAILABLE,0/5 ABOVE,-0.036,-0.0604150088755585,168.85000610351562
2026-09-15,2026-09-15 20:19:31,2026-09-15 17:15:27,XLK,5 — WEAKENING / PULLBACK,● PULLBACK / REVIEW,▼ RECENT EMA20 BREAK,OUTSIDE BULLISH EARLY WINDOW,★ VERY HIGH,,2026-09-04,● DEVELOPING,WATCH,▲ POSITIVE STRUCTURE,FULL LONG-TERM HISTORY AVAILABLE,3/5 ABOVE,-0.008,0.0051202380691888,183.7400054931641
2026-09-15,2026-09-15 20:19:31,2026-09-15 17:15:27,XLP,5 — WEAKENING / PULLBACK,● PULLBACK / REVIEW,● NEAR EMA20,OUTSIDE BULLISH EARLY WINDOW,— NO CURRENT ML SIGNAL,,,— NOT CONFIRMED,WATCH,● LONG-TERM TREND INTACT,FULL LONG-TERM HISTORY AVAILABLE,1/5 ABOVE,-0.011,-0.0146513680494262,83.7300033569336
2026-09-15,2026-09-15 20:19:31,2026-09-15 17:15:27,XLRE,5 — WEAKENING / PULLBACK,● PULLBACK / REVIEW,▼ BELOW EMA20,OUTSIDE BULLISH EARLY WINDOW,— NO CURRENT ML SIGNAL,,,— NOT CONFIRMED,WATCH,● LONG-TERM TREND INTACT,FULL LONG-TERM HISTORY AVAILABLE,1/5 ABOVE,-0.021,-0.0364868794881546,43.06999969482422
2026-09-15,2026-09-15 20:19:31,2026-09-15 17:15:27,XLU,6 — BELOW STRUCTURE,▼ STRUCTURAL CAUTION,▼ RECENT EMA20 BREAK,OUTSIDE BULLISH EARLY WINDOW,— NO CURRENT ML SIGNAL,,,▼ DETERIORATING,LAGGING,▼ STRUCTURAL CAUTION,FULL LONG-TERM HISTORY AVAILABLE,0/5 ABOVE,-0.036,-0.0622092099589205,41.31999969482422
2026-09-15,2026-09-15 20:19:31,2026-09-15 17:15:27,XLV,5 — WEAKENING / PULLBACK,● PULLBACK / REVIEW,▼ RECENT EMA20 BREAK,OUTSIDE BULLISH EARLY WINDOW,— NO CURRENT ML SIGNAL,,,▲ EMERGING CONFIRMATION,EMERGING,▲ POSITIVE STRUCTURE,FULL LONG-TERM HISTORY AVAILABLE,3/5 ABOVE,-0.007,0.0073844416004229,167.66000366210938
2026-09-15,2026-09-15 20:19:31,2026-09-15 17:15:27,XLY,6 — BELOW STRUCTURE,▼ STRUCTURAL CAUTION,▼ BELOW EMA20,OUTSIDE BULLISH EARLY WINDOW,— NO CURRENT ML SIGNAL,,,▼ DETERIORATING,LAGGING,▼ STRUCTURAL CAUTION,FULL LONG-TERM HISTORY AVAILABLE,0/5 ABOVE,-0.033,-0.0417505682260114,110.87999725341795
2026-09-15,2026-09-15 20:19:31,2026-09-15 17:15:27,XOP,3 — LEADING,● ESTABLISHED LEADER,▲ ESTABLISHED ABOVE EMA20,OUTSIDE BULLISH EARLY WINDOW,— NO CURRENT ML SIGNAL,,,▲ CONFIRMED LEADER,LEADER,▲ FULL BULL STRUCTURE,FULL LONG-TERM HISTORY AVAILABLE,5/5 ABOVE,0.052,0.118736169855186,199.6999969482422
2026-09-14,2026-09-15 20:28:14,2026-09-15 20:28:09,AIQ,2 — CONFIRMING / BUILDING,▲ EARLY WATCH,▲ DAY 1 CONFIRMATION,DAY 1 — CONFIRMATION WINDOW,— NO CURRENT ML SIGNAL,,,▲ EARLY CONFIRMATION,WATCH,▲ FULL BULL STRUCTURE,FULL LONG-TERM HISTORY AVAILABLE,5/5 ABOVE,0.0,0.021501915215502,63.470001220703125
2026-09-14,2026-09-15 20:28:14,2026-09-15 20:28:09,AIRR,6 — BELOW STRUCTURE,▼ STRUCTURAL CAUTION,▼ BELOW EMA20,OUTSIDE BULLISH EARLY WINDOW,— NO CURRENT ML SIGNAL,,,▼ DETERIORATING,LAGGING,▼ STRUCTURAL CAUTION,FULL LONG-TERM HISTORY AVAILABLE,0/5 ABOVE,-0.053,-0.1077465448383333,104.77999877929688
2026-09-14,2026-09-15 20:28:14,2026-09-15 20:28:09,AMLP,3 — LEADING,● ESTABLISHED LEADER,● NEAR EMA20,OUTSIDE BULLISH EARLY WINDOW,— NO CURRENT ML SIGNAL,,,▲ CONFIRMED LEADER,LEADER,▲ FULL BULL STRUCTURE,FULL LONG-TERM HISTORY AVAILABLE,5/5 ABOVE,0.003,0.0240507964634437,55.47999954223633
2026-09-14,2026-09-15 20:28:14,2026-09-15 20:28:09,ARKG,5 — WEAKENING / PULLBACK,▲ NEW DETECTION,▲ DAY 0 DETECTION,DAY 0 — DETECTION,— NO CURRENT ML SIGNAL,,,● DEVELOPING,WEAKENING,▲ FULL BULL STRUCTURE,FULL LONG-TERM HISTORY AVAILABLE,5/5 ABOVE,0.012,0.0786143953536608,46.79999923706055
2026-09-14,2026-09-15 20:28:14,2026-09-15 20:28:09,AWAY,6 — BELOW STRUCTURE,▼ STRUCTURAL CAUTION,▼ BELOW EMA20,OUTSIDE BULLISH EARLY WINDOW,— NO CURRENT ML SIGNAL,,,▼ DETERIORATING,LAGGING,▼ STRUCTURAL CAUTION,FULL LONG-TERM HISTORY AVAILABLE,0/5 ABOVE,-0.057,-0.0669731480514053,17.860000610351562
2026-09-14,2026-09-15 20:28:14,2026-09-15 20:28:09,BATT,6 — BELOW STRUCTURE,▼ STRUCTURAL CAUTION,▼ RECENT EMA20 BREAK,OUTSIDE BULLISH EARLY WINDOW,— NO CURRENT ML SIGNAL,,,▼ DETERIORATING,LAGGING,▼ STRUCTURAL CAUTION,FULL LONG-TERM HISTORY AVAILABLE,0/5 ABOVE,-0.042,-0.0180827017683818,14.770000457763672
2026-09-14,2026-09-15 20:28:14,2026-09-15 20:28:09,BETZ,2 — CONFIRMING / BUILDING,— MONITOR,▲ DAY 1 CONFIRMATION,DAY 1 — CONFIRMATION WINDOW,— NO CURRENT ML SIGNAL,,,▲ EMERGING CONFIRMATION,EMERGING,▲ FULL BULL STRUCTURE,FULL LONG-TERM HISTORY AVAILABLE,5/5 ABOVE,0.001,0.0023296748809278,19.36100006103516
2026-09-14,2026-09-15 20:28:14,2026-09-15 20:28:09,BOTZ,6 — BELOW STRUCTURE,▼ STRUCTURAL CAUTION,▼ BELOW EMA20,OUTSIDE BULLISH EARLY WINDOW,— NO CURRENT ML SIGNAL,,,▼ DETERIORATING,LAGGING,▼ STRUCTURAL CAUTION,FULL LONG-TERM HISTORY AVAILABLE,0/5 ABOVE,-0.025,-0.0313771387170486,34.7599983215332
2026-09-14,2026-09-15 20:28:14,2026-09-15 20:28:09,CIBR,1 — EARLY DETECTION,▲ NEW DETECTION,▲ DAY 0 DETECTION,DAY 0 — DETECTION,— NO CURRENT ML SIGNAL,,,▲ CONFIRMED LEADER,LEADER,▲ FULL BULL STRUCTURE,FULL LONG-TERM HISTORY AVAILABLE,5/5 ABOVE,0.045,0.0587973839608864,100.0500030517578
2026-09-14,2026-09-15 20:28:14,2026-09-15 20:28:09,COPX,5 — WEAKENING / PULLBACK,● PULLBACK / REVIEW,▼ RECENT EMA20 BREAK,OUTSIDE BULLISH EARLY WINDOW,● MODERATE,,2026-09-04,— NOT CONFIRMED,WATCH,▲ POSITIVE STRUCTURE,FULL LONG-TERM HISTORY AVAILABLE,3/5 ABOVE,-0.049,0.0133383830613187,85.62000274658203
2026-09-14,2026-09-15 20:28:14,2026-09-15 20:28:09,CORN,3 — LEADING,● ESTABLISHED LEADER,▲ ESTABLISHED ABOVE EMA20,OUTSIDE BULLISH EARLY WINDOW,— NO CURRENT ML SIGNAL,,,▲ CONFIRMED LEADER,LEADER,▲ FULL BULL STRUCTURE,FULL LONG-TERM HISTORY AVAILABLE,5/5 ABOVE,0.023,0.0808184419370512,20.020000457763672
2026-09-14,2026-09-15 20:28:14,2026-09-15 20:28:09,CPER,5 — WEAKENING / PULLBACK,● PULLBACK / REVIEW,▼ RECENT EMA20 BREAK,OUTSIDE BULLISH EARLY WINDOW,— NO CURRENT ML SIGNAL,,,— NOT CONFIRMED,WATCH,● LONG-TERM TREND INTACT,FULL LONG-TERM HISTORY AVAILABLE,1/5 ABOVE,-0.035,-0.0259674134419553,38.2599983215332
2026-09-14,2026-09-15 20:28:14,2026-09-15 20:28:09,DBA,3 — LEADING,● ESTABLISHED LEADER,● NEAR EMA20,OUTSIDE BULLISH EARLY WINDOW,— NO CURRENT ML SIGNAL,,,▲ CONFIRMED LEADER,LEADER,▲ FULL BULL STRUCTURE,FULL LONG-TERM HISTORY AVAILABLE,5/5 ABOVE,0.006,0.0282265222794249,28.959999084472656
2026-09-14,2026-09-15 20:28:14,2026-09-15 20:28:09,DIA,5 — WEAKENING / PULLBACK,● PULLBACK / REVIEW,▼ RECENT EMA20 BREAK,OUTSIDE BULLISH EARLY WINDOW,— NO CURRENT ML SIGNAL,,,— NOT CONFIRMED,WATCH,● LONG-TERM TREND INTACT,FULL LONG-TERM HISTORY AVAILABLE,2/5 ABOVE,-0.009,-0.0081542808083177,524.489990234375
2026-09-14,2026-09-15 20:28:14,2026-09-15 20:28:09,DRAM,5 — WEAKENING / PULLBACK,— MONITOR,▼ RECENT EMA20 BREAK,OUTSIDE BULLISH EARLY WINDOW,★★ ELITE,,2026-09-04,— NOT CONFIRMED,WATCH,● PARTIAL-HISTORY MIXED STRUCTURE,MA200 NOT YET AVAILABLE,0/4 ABOVE,-0.041,-0.0216032851276557,54.79999923706055
2026-09-14,2026-09-15 20:28:14,2026-09-15 20:28:09,ETHE,3 — LEADING,● ESTABLISHED LEADER,▲ ESTABLISHED ABOVE EMA20,OUTSIDE BULLISH EARLY WINDOW,— NO CURRENT ML SIGNAL,,,▲ CONFIRMED LEADER,LEADER,▲ FULL BULL STRUCTURE,FULL LONG-TERM HISTORY AVAILABLE,5/5 ABOVE,0.071,0.2229139231413863,20.43000030517578
2026-09-14,2026-09-15 20:28:14,2026-09-15 20:28:09,GLD,6 — BELOW STRUCTURE,▼ STRUCTURAL CAUTION,▼ RECENT EMA20 BREAK,OUTSIDE BULLISH EARLY WINDOW,— NO CURRENT ML SIGNAL,,,— NOT CONFIRMED,WATCH,▼ STRUCTURAL CAUTION,FULL LONG-TERM HISTORY AVAILABLE,1/5 ABOVE,-0.025,0.0033945406387048,392.8399963378906
2026-09-14,2026-09-15 20:28:14,2026-09-15 20:28:09,IAI,5 — WEAKENING / PULLBACK,● PULLBACK / REVIEW,▼ RECENT EMA20 BREAK,OUTSIDE BULLISH EARLY WINDOW,— LOW,,2026-09-04,— NOT CONFIRMED,WATCH,● LONG-TERM TREND INTACT,FULL LONG-TERM HISTORY AVAILABLE,2/5 ABOVE,-0.016,-0.0084315084315084,188.8699951171875
2026-09-14,2026-09-15 20:28:14,2026-09-15 20:28:09,IBB,5 — WEAKENING / PULLBACK,● PULLBACK / REVIEW,▼ RECENT EMA20 BREAK,OUTSIDE BULLISH EARLY WINDOW,— NO CURRENT ML SIGNAL,,,▼ DETERIORATING,WEAKENING,▲ POSITIVE STRUCTURE,FULL LONG-TERM HISTORY AVAILABLE,3/5 ABOVE,-0.01,0.0267218667670303,204.6000061035156
2026-09-14,2026-09-15 20:28:14,2026-09-15 20:28:09,IBIT,3 — LEADING,● ESTABLISHED LEADER,▲ ESTABLISHED ABOVE EMA20,OUTSIDE BULLISH EARLY WINDOW,— NO CURRENT ML SIGNAL,,,▲ CONFIRMED LEADER,LEADER,▲ FULL BULL STRUCTURE,FULL LONG-TERM HISTORY AVAILABLE,5/5 ABOVE,0.042,0.1450948273655654,44.7400016784668
2026-09-14,2026-09-15 20:28:14,2026-09-15 20:28:09,IEF,6 — BELOW STRUCTURE,▼ STRUCTURAL CAUTION,● NEAR EMA20,OUTSIDE BULLISH EARLY WINDOW,— NO CURRENT ML SIGNAL,,,— NOT CONFIRMED,WATCH,▼ STRUCTURAL CAUTION,FULL LONG-TERM HISTORY AVAILABLE,0/5 ABOVE,-0.013,-0.0178012054699819,90.93000030517578
2026-09-14,2026-09-15 20:28:14,2026-09-15 20:28:09,IGV,1 — EARLY DETECTION,▲ NEW DETECTION,▲ DAY 0 DETECTION,DAY 0 — DETECTION,● MODERATE,,2026-09-04,▲ CONFIRMED LEADER,LEADER,▲ FULL BULL STRUCTURE,FULL LONG-TERM HISTORY AVAILABLE,5/5 ABOVE,0.03,0.0760847628657921,106.63999938964844
2026-09-14,2026-09-15 20:28:14,2026-09-15 20:28:09,ITA,6 — BELOW STRUCTURE,▼ STRUCTURAL CAUTION,▼ BELOW EMA20,OUTSIDE BULLISH EARLY WINDOW,— NO CURRENT ML SIGNAL,,,▼ DETERIORATING,LAGGING,▼ STRUCTURAL CAUTION,FULL LONG-TERM HISTORY AVAILABLE,0/5 ABOVE,-0.052,-0.0878756511567235,216.7700042724609
2026-09-14,2026-09-15 20:28:14,2026-09-15 20:28:09,IWM,5 — WEAKENING / PULLBACK,● PULLBACK / REVIEW,▼ BELOW EMA20,OUTSIDE BULLISH EARLY WINDOW,— NO CURRENT ML SIGNAL,,,— NOT CONFIRMED,WATCH,● LONG-TERM TREND INTACT,FULL LONG-TERM HISTORY AVAILABLE,1/5 ABOVE,-0.021,-0.0276168828756411,287.9100036621094
2026-09-14,2026-09-15 20:28:14,2026-09-15 20:28:09,KBE,5 — WEAKENING / PULLBACK,● PULLBACK / REVIEW,▼ RECENT EMA20 BREAK,OUTSIDE BULLISH EARLY WINDOW,— NO CURRENT ML SIGNAL,,,— NOT CONFIRMED,WATCH,● LONG-TERM TREND INTACT,FULL LONG-TERM HISTORY AVAILABLE,2/5 ABOVE,-0.007,-0.0170083238361776,68.13999938964844
2026-09-14,2026-09-15 20:28:14,2026-09-15 20:28:09,KBWD,6 — BELOW STRUCTURE,▼ STRUCTURAL CAUTION,▼ RECENT EMA20 BREAK,OUTSIDE BULLISH EARLY WINDOW,— LOW,,2026-09-04,▼ DETERIORATING,LAGGING,▼ STRUCTURAL CAUTION,FULL LONG-TERM HISTORY AVAILABLE,0/5 ABOVE,-0.028,-0.0261011419249592,11.9399995803833
2026-09-14,2026-09-15 20:28:14,2026-09-15 20:28:09,KRE,5 — WEAKENING / PULLBACK,● PULLBACK / REVIEW,▼ RECENT EMA20 BREAK,OUTSIDE BULLISH EARLY WINDOW,— NO CURRENT ML SIGNAL,,,— NOT CONFIRMED,WATCH,● LONG-TERM TREND INTACT,FULL LONG-TERM HISTORY AVAILABLE,2/5 ABOVE,-0.006,-0.0184235970384498,74.11000061035156
2026-09-14,2026-09-15 20:28:14,2026-09-15 20:28:09,LITP,6 — BELOW STRUCTURE,▼ STRUCTURAL CAUTION,▼ RECENT EMA20 BREAK,OUTSIDE BULLISH EARLY WINDOW,— NO CURRENT ML SIGNAL,,,▼ DETERIORATING,LAGGING,▼ STRUCTURAL CAUTION,FULL LONG-TERM HISTORY AVAILABLE,0/5 ABOVE,-0.087,-0.0721093328538032,10.31999969482422
2026-09-14,2026-09-15 20:28:14,2026-09-15 20:28:09,OIH,5 — WEAKENING / PULLBACK,● PULLBACK / REVIEW,▼ RECENT EMA20 BREAK,OUTSIDE BULLISH EARLY WINDOW,— NO CURRENT ML SIGNAL,,,— NOT CONFIRMED,WATCH,▲ POSITIVE STRUCTURE,FULL LONG-TERM HISTORY AVAILABLE,2/5 ABOVE,-0.037,0.0059245619126726,402.05999755859375
2026-09-14,2026-09-15 20:28:14,2026-09-15 20:28:09,ONLN,6 — BELOW STRUCTURE,▼ STRUCTURAL CAUTION,● NEAR EMA20,OUTSIDE BULLISH EARLY WINDOW,— NO CURRENT ML SIGNAL,,,— NOT CONFIRMED,WATCH,▼ STRUCTURAL CAUTION,FULL LONG-TERM HISTORY AVAILABLE,0/5 ABOVE,-0.016,-0.024969046636401,56.70000076293945
2026-09-14,2026-09-15 20:28:14,2026-09-15 20:28:09,PAVE,6 — BELOW STRUCTURE,▼ STRUCTURAL CAUTION,▼ BELOW EMA20,OUTSIDE BULLISH EARLY WINDOW,— NO CURRENT ML SIGNAL,,,▼ DETERIORATING,LAGGING,▼ STRUCTURAL CAUTION,FULL LONG-TERM HISTORY AVAILABLE,0/5 ABOVE,-0.038,-0.0607950116913482,53.02000045776367
2026-09-14,2026-09-15 20:28:14,2026-09-15 20:28:09,PDBC,3 — LEADING,● ESTABLISHED LEADER,▲ ESTABLISHED ABOVE EMA20,OUTSIDE BULLISH EARLY WINDOW,— NO CURRENT ML SIGNAL,,,▲ CONFIRMED LEADER,LEADER,▲ FULL BULL STRUCTURE,FULL LONG-TERM HISTORY AVAILABLE,5/5 ABOVE,0.045,0.1049044799463747,19.780000686645508
2026-09-14,2026-09-15 20:28:14,2026-09-15 20:28:09,PEJ,5 — WEAKENING / PULLBACK,● PULLBACK / REVIEW,▼ BELOW EMA20,OUTSIDE BULLISH EARLY WINDOW,— NO CURRENT ML SIGNAL,,,— NOT CONFIRMED,WATCH,● LONG-TERM TREND INTACT,FULL LONG-TERM HISTORY AVAILABLE,1/5 ABOVE,-0.024,-0.0408027965284474,63.65999984741211
2026-09-14,2026-09-15 20:28:14,2026-09-15 20:28:09,PPH,5 — WEAKENING / PULLBACK,● PULLBACK / REVIEW,▼ RECENT EMA20 BREAK,OUTSIDE BULLISH EARLY WINDOW,▲ HIGH,,2026-09-04,— NOT CONFIRMED,WATCH,● LONG-TERM TREND INTACT,FULL LONG-TERM HISTORY AVAILABLE,2/5 ABOVE,-0.012,-0.0044965156482327,111.13999938964844
2026-09-14,2026-09-15 20:28:14,2026-09-15 20:28:09,QQQ,5 — WEAKENING / PULLBACK,● PULLBACK / REVIEW,▼ RECENT EMA20 BREAK,OUTSIDE BULLISH EARLY WINDOW,— LOW,,2026-09-04,— NOT CONFIRMED,WATCH,● LONG-TERM TREND INTACT,FULL LONG-TERM HISTORY AVAILABLE,1/5 ABOVE,-0.006,-0.0016302098437644,709.1799926757812
2026-09-14,2026-09-15 20:28:14,2026-09-15 20:28:09,REZ,5 — WEAKENING / PULLBACK,● PULLBACK / REVIEW,● NEAR EMA20,OUTSIDE BULLISH EARLY WINDOW,— NO CURRENT ML SIGNAL,,,— NOT CONFIRMED,WATCH,● LONG-TERM TREND INTACT,FULL LONG-TERM HISTORY AVAILABLE,1/5 ABOVE,-0.016,-0.0335936764844263,92.43000030517578
2026-09-14,2026-09-15 20:28:14,2026-09-15 20:28:09,RSP,5 — WEAKENING / PULLBACK,● PULLBACK / REVIEW,▼ RECENT EMA20 BREAK,OUTSIDE BULLISH EARLY WINDOW,— NO CURRENT ML SIGNAL,,,— NOT CONFIRMED,WATCH,● LONG-TERM TREND INTACT,FULL LONG-TERM HISTORY AVAILABLE,2/5 ABOVE,-0.013,-0.0106294864715626,215.009994506836
2026-09-14,2026-09-15 20:28:14,2026-09-15 20:28:09,SHY,5 — WEAKENING / PULLBACK,● PULLBACK / REVIEW,▼ RECENT EMA20 BREAK,OUTSIDE BULLISH EARLY WINDOW,— NO CURRENT ML SIGNAL,,,— NOT CONFIRMED,WATCH,● LONG-TERM TREND INTACT,FULL LONG-TERM HISTORY AVAILABLE,1/5 ABOVE,-0.003,-0.0027707623274403,81.33999633789062
2026-09-14,2026-09-15 20:28:14,2026-09-15 20:28:09,SKYY,1 — EARLY DETECTION,▲ NEW DETECTION,▲ DAY 0 DETECTION,DAY 0 — DETECTION,— NO CURRENT ML SIGNAL,,,● DEVELOPING,WATCH,▲ FULL BULL STRUCTURE,FULL LONG-TERM HISTORY AVAILABLE,5/5 ABOVE,0.021,0.0779327426126805,162.77000427246094
2026-09-14,2026-09-15 20:28:14,2026-09-15 20:28:09,SLV,6 — BELOW STRUCTURE,▼ STRUCTURAL CAUTION,▼ RECENT EMA20 BREAK,OUTSIDE BULLISH EARLY WINDOW,● MODERATE,,2026-09-04,▼ DETERIORATING,LAGGING,▼ STRUCTURAL CAUTION,FULL LONG-TERM HISTORY AVAILABLE,1/5 ABOVE,-0.036,0.0060889266496744,56.84000015258789
2026-09-14,2026-09-15 20:28:14,2026-09-15 20:28:09,SLX,5 — WEAKENING / PULLBACK,● PULLBACK / REVIEW,▼ RECENT EMA20 BREAK,OUTSIDE BULLISH EARLY WINDOW,— NO CURRENT ML SIGNAL,,,— NOT CONFIRMED,WATCH,▲ POSITIVE STRUCTURE,FULL LONG-TERM HISTORY AVAILABLE,3/5 ABOVE,-0.023,0.0037649462691085,106.11000061035156
2026-09-14,2026-09-15 20:28:14,2026-09-15 20:28:09,SMH,5 — WEAKENING / PULLBACK,● PULLBACK / REVIEW,▼ RECENT EMA20 BREAK,OUTSIDE BULLISH EARLY WINDOW,— NO CURRENT ML SIGNAL,,,— NOT CONFIRMED,WATCH,● LONG-TERM TREND INTACT,FULL LONG-TERM HISTORY AVAILABLE,1/5 ABOVE,-0.036,-0.0468026080466406,541.5
2026-09-14,2026-09-15 20:28:14,2026-09-15 20:28:09,SOXX,5 — WEAKENING / PULLBACK,● PULLBACK / REVIEW,▼ RECENT EMA20 BREAK,OUTSIDE BULLISH EARLY WINDOW,— NO CURRENT ML SIGNAL,,,— NOT CONFIRMED,WATCH,● LONG-TERM TREND INTACT,FULL LONG-TERM HISTORY AVAILABLE,1/5 ABOVE,-0.041,-0.06176612058965,497.3999938964844
2026-09-14,2026-09-15 20:28:14,2026-09-15 20:28:09,SPY,5 — WEAKENING / PULLBACK,● PULLBACK / REVIEW,▼ RECENT EMA20 BREAK,OUTSIDE BULLISH EARLY WINDOW,— LOW,,2026-09-04,— NOT CONFIRMED,WATCH,▲ POSITIVE STRUCTURE,FULL LONG-TERM HISTORY AVAILABLE,3/5 ABOVE,-0.005,0.0025588387984263,760.8800048828125
2026-09-14,2026-09-15 20:28:14,2026-09-15 20:28:09,SRVR,6 — BELOW STRUCTURE,▼ STRUCTURAL CAUTION,▼ RECENT EMA20 BREAK,OUTSIDE BULLISH EARLY WINDOW,— NO CURRENT ML SIGNAL,,,▼ DETERIORATING,LAGGING,▼ STRUCTURAL CAUTION,FULL LONG-TERM HISTORY AVAILABLE,0/5 ABOVE,-0.038,-0.0398065233021766,29.3799991607666
2026-09-14,2026-09-15 20:28:14,2026-09-15 20:28:09,TIP,6 — BELOW STRUCTURE,▼ STRUCTURAL CAUTION,● NEAR EMA20,OUTSIDE BULLISH EARLY WINDOW,— NO CURRENT ML SIGNAL,,,— NOT CONFIRMED,WATCH,▼ STRUCTURAL CAUTION,FULL LONG-TERM HISTORY AVAILABLE,0/5 ABOVE,-0.009,-0.0112220965978639,105.81999969482422
2026-09-14,2026-09-15 20:28:14,2026-09-15 20:28:09,TLT,6 — BELOW STRUCTURE,▼ STRUCTURAL CAUTION,● NEAR EMA20,OUTSIDE BULLISH EARLY WINDOW,— NO CURRENT ML SIGNAL,,,▼ DETERIORATING,LAGGING,▼ STRUCTURAL CAUTION,FULL LONG-TERM HISTORY AVAILABLE,0/5 ABOVE,-0.012,-0.0190540835373687,80.93000030517578
2026-09-14,2026-09-15 20:28:14,2026-09-15 20:28:09,UNG,6 — BELOW STRUCTURE,▲ NEW DETECTION,▲ DAY 0 DETECTION,DAY 0 — DETECTION,— NO CURRENT ML SIGNAL,,,● DEVELOPING,WATCH,▼ STRUCTURAL CAUTION,FULL LONG-TERM HISTORY AVAILABLE,3/5 ABOVE,0.003,0.0006780974522908,10.329999923706056
2026-09-14,2026-09-15 20:28:14,2026-09-15 20:28:09,USO,4 — MATURE / EXTENDED,● ESTABLISHED LEADER,▲ ESTABLISHED ABOVE EMA20,OUTSIDE BULLISH EARLY WINDOW,— NO CURRENT ML SIGNAL,,,▲ CONFIRMED LEADER,LEADER,▲ FULL BULL STRUCTURE,FULL LONG-TERM HISTORY AVAILABLE,5/5 ABOVE,0.111,0.2175142999253916,156.66000366210938
2026-09-14,2026-09-15 20:28:14,2026-09-15 20:28:09,UUP,1 — EARLY DETECTION,▲ NEW DETECTION,▲ DAY 0 DETECTION,DAY 0 — DETECTION,— NO CURRENT ML SIGNAL,,,▲ EMERGING CONFIRMATION,EMERGING,● LONG-TERM TREND INTACT,FULL LONG-TERM HISTORY AVAILABLE,4/5 ABOVE,0.003,-0.0013117311305703,28.170000076293945
2026-09-14,2026-09-15 20:28:14,2026-09-15 20:28:09,VIXY,6 — BELOW STRUCTURE,▼ STRUCTURAL CAUTION,▼ RECENT EMA20 BREAK,OUTSIDE BULLISH EARLY WINDOW,— NO CURRENT ML SIGNAL,,,▼ DETERIORATING,LAGGING,▼ STRUCTURAL CAUTION,FULL LONG-TERM HISTORY AVAILABLE,0/5 ABOVE,-0.025,-0.099428453735647,17.489999771118164
2026-09-14,2026-09-15 20:28:14,2026-09-15 20:28:09,VNQ,5 — WEAKENING / PULLBACK,● PULLBACK / REVIEW,▼ BELOW EMA20,OUTSIDE BULLISH EARLY WINDOW,— NO CURRENT ML SIGNAL,,,— NOT CONFIRMED,WATCH,● LONG-TERM TREND INTACT,FULL LONG-TERM HISTORY AVAILABLE,1/5 ABOVE,-0.022,-0.0371345745549567,94.33000183105467
2026-09-14,2026-09-15 20:28:14,2026-09-15 20:28:09,VOO,5 — WEAKENING / PULLBACK,● PULLBACK / REVIEW,▼ RECENT EMA20 BREAK,OUTSIDE BULLISH EARLY WINDOW,— LOW,,2026-09-04,— NOT CONFIRMED,WATCH,▲ POSITIVE STRUCTURE,FULL LONG-TERM HISTORY AVAILABLE,3/5 ABOVE,-0.005,0.0024254309010218,699.2999877929688
2026-09-14,2026-09-15 20:28:14,2026-09-15 20:28:09,WEAT,5 — WEAKENING / PULLBACK,● PULLBACK / REVIEW,▼ RECENT EMA20 BREAK,OUTSIDE BULLISH EARLY WINDOW,— NO CURRENT ML SIGNAL,,,● DEVELOPING,WEAKENING,▲ POSITIVE STRUCTURE,FULL LONG-TERM HISTORY AVAILABLE,4/5 ABOVE,-0.005,0.0407635712865381,26.170000076293945
2026-09-14,2026-09-15 20:28:14,2026-09-15 20:28:09,XBI,5 — WEAKENING / PULLBACK,● PULLBACK / REVIEW,▼ RECENT EMA20 BREAK,OUTSIDE BULLISH EARLY WINDOW,— NO CURRENT ML SIGNAL,,,▼ DETERIORATING,WEAKENING,● LONG-TERM TREND INTACT,FULL LONG-TERM HISTORY AVAILABLE,2/5 ABOVE,-0.019,-0.003420997717227,157.60000610351562
2026-09-14,2026-09-15 20:28:14,2026-09-15 20:28:09,XLB,5 — WEAKENING / PULLBACK,● PULLBACK / REVIEW,▼ BELOW EMA20,OUTSIDE BULLISH EARLY WINDOW,— NO CURRENT ML SIGNAL,,,— NOT CONFIRMED,WATCH,● LONG-TERM TREND INTACT,FULL LONG-TERM HISTORY AVAILABLE,1/5 ABOVE,-0.029,-0.0254965161838219,50.4900016784668
2026-09-14,2026-09-15 20:28:14,2026-09-15 20:28:09,XLC,2 — CONFIRMING / BUILDING,▲ EARLY WATCH,▲ DAY 1 CONFIRMATION,DAY 1 — CONFIRMATION WINDOW,— LOW,,2026-09-04,▲ EMERGING CONFIRMATION,EMERGING,▲ FULL BULL STRUCTURE,FULL LONG-TERM HISTORY AVAILABLE,5/5 ABOVE,0.027,0.0365919573364081,115.06999969482422
2026-09-14,2026-09-15 20:28:14,2026-09-15 20:28:09,XLE,3 — LEADING,● ESTABLISHED LEADER,● NEAR EMA20,OUTSIDE BULLISH EARLY WINDOW,— NO CURRENT ML SIGNAL,,,▲ CONFIRMED LEADER,LEADER,▲ FULL BULL STRUCTURE,FULL LONG-TERM HISTORY AVAILABLE,5/5 ABOVE,0.015,0.0689969353101962,64.52999877929688
2026-09-14,2026-09-15 20:28:14,2026-09-15 20:28:09,XLF,5 — WEAKENING / PULLBACK,● PULLBACK / REVIEW,▼ RECENT EMA20 BREAK,OUTSIDE BULLISH EARLY WINDOW,— LOW,,2026-09-04,— NOT CONFIRMED,WATCH,● LONG-TERM TREND INTACT,FULL LONG-TERM HISTORY AVAILABLE,2/5 ABOVE,-0.008,-0.0019774950562623,57.02999877929688
2026-09-14,2026-09-15 20:28:14,2026-09-15 20:28:09,XLI,6 — BELOW STRUCTURE,▼ STRUCTURAL CAUTION,▼ BELOW EMA20,OUTSIDE BULLISH EARLY WINDOW,— NO CURRENT ML SIGNAL,,,▼ DETERIORATING,LAGGING,▼ STRUCTURAL CAUTION,FULL LONG-TERM HISTORY AVAILABLE,0/5 ABOVE,-0.033,-0.0561594303519753,169.92999267578125
2026-09-14,2026-09-15 20:28:14,2026-09-15 20:28:09,XLK,5 — WEAKENING / PULLBACK,● PULLBACK / REVIEW,▼ RECENT EMA20 BREAK,OUTSIDE BULLISH EARLY WINDOW,★ VERY HIGH,,2026-09-04,● DEVELOPING,WATCH,▲ POSITIVE STRUCTURE,FULL LONG-TERM HISTORY AVAILABLE,3/5 ABOVE,-0.006,0.0080962800875272,184.27999877929688
2026-09-14,2026-09-15 20:28:14,2026-09-15 20:28:09,XLP,5 — WEAKENING / PULLBACK,● PULLBACK / REVIEW,● NEAR EMA20,OUTSIDE BULLISH EARLY WINDOW,— NO CURRENT ML SIGNAL,,,— NOT CONFIRMED,WATCH,● LONG-TERM TREND INTACT,FULL LONG-TERM HISTORY AVAILABLE,2/5 ABOVE,-0.003,-0.0066248543826412,84.41999816894531
2026-09-14,2026-09-15 20:28:14,2026-09-15 20:28:09,XLRE,5 — WEAKENING / PULLBACK,● PULLBACK / REVIEW,▼ BELOW EMA20,OUTSIDE BULLISH EARLY WINDOW,— NO CURRENT ML SIGNAL,,,▼ DETERIORATING,LAGGING,● LONG-TERM TREND INTACT,FULL LONG-TERM HISTORY AVAILABLE,1/5 ABOVE,-0.022,-0.0358859698155394,43.119998931884766
2026-09-14,2026-09-15 20:28:14,2026-09-15 20:28:09,XLU,6 — BELOW STRUCTURE,▼ STRUCTURAL CAUTION,▼ RECENT EMA20 BREAK,OUTSIDE BULLISH EARLY WINDOW,— NO CURRENT ML SIGNAL,,,▼ DETERIORATING,LAGGING,▼ STRUCTURAL CAUTION,FULL LONG-TERM HISTORY AVAILABLE,0/5 ABOVE,-0.028,-0.0525815001925646,41.81999969482422
2026-09-14,2026-09-15 20:28:14,2026-09-15 20:28:09,XLV,5 — WEAKENING / PULLBACK,● PULLBACK / REVIEW,▼ RECENT EMA20 BREAK,OUTSIDE BULLISH EARLY WINDOW,— NO CURRENT ML SIGNAL,,,— NOT CONFIRMED,WATCH,▲ POSITIVE STRUCTURE,FULL LONG-TERM HISTORY AVAILABLE,3/5 ABOVE,-0.008,0.0086160765285567,167.75
2026-09-14,2026-09-15 20:28:14,2026-09-15 20:28:09,XLY,6 — BELOW STRUCTURE,▼ STRUCTURAL CAUTION,● NEAR EMA20,OUTSIDE BULLISH EARLY WINDOW,— NO CURRENT ML SIGNAL,,,▼ DETERIORATING,LAGGING,▼ STRUCTURAL CAUTION,FULL LONG-TERM HISTORY AVAILABLE,0/5 ABOVE,-0.019,-0.0259207789181117,112.8499984741211
2026-09-14,2026-09-15 20:28:14,2026-09-15 20:28:09,XOP,3 — LEADING,● ESTABLISHED LEADER,▲ ESTABLISHED ABOVE EMA20,OUTSIDE BULLISH EARLY WINDOW,— NO CURRENT ML SIGNAL,,,▲ CONFIRMED LEADER,LEADER,▲ FULL BULL STRUCTURE,FULL LONG-TERM HISTORY AVAILABLE,5/5 ABOVE,0.024,0.089419449293316,193.47000122070312
2026-09-16,2026-09-16 09:44:51,2026-09-16 09:44:47,AIQ,0 — MONITOR,— MONITOR,— UNKNOWN,OUTSIDE BULLISH EARLY WINDOW,— NO CURRENT ML SIGNAL,,,— NOT CONFIRMED,WATCH,— INSUFFICIENT HISTORY,LIMITED MOVING-AVERAGE HISTORY,,,,
2026-09-16,2026-09-16 09:44:51,2026-09-16 09:44:47,AIRR,0 — MONITOR,— MONITOR,— UNKNOWN,OUTSIDE BULLISH EARLY WINDOW,— NO CURRENT ML SIGNAL,,,— NOT CONFIRMED,WATCH,— INSUFFICIENT HISTORY,LIMITED MOVING-AVERAGE HISTORY,,,,
2026-09-16,2026-09-16 09:44:51,2026-09-16 09:44:47,AMLP,0 — MONITOR,— MONITOR,— UNKNOWN,OUTSIDE BULLISH EARLY WINDOW,— NO CURRENT ML SIGNAL,,,— NOT CONFIRMED,WATCH,— INSUFFICIENT HISTORY,LIMITED MOVING-AVERAGE HISTORY,,,,
2026-09-16,2026-09-16 09:44:51,2026-09-16 09:44:47,ARKG,0 — MONITOR,— MONITOR,— UNKNOWN,OUTSIDE BULLISH EARLY WINDOW,— NO CURRENT ML SIGNAL,,,— NOT CONFIRMED,WATCH,— INSUFFICIENT HISTORY,LIMITED MOVING-AVERAGE HISTORY,,,,
2026-09-16,2026-09-16 09:44:51,2026-09-16 09:44:47,AWAY,0 — MONITOR,— MONITOR,— UNKNOWN,OUTSIDE BULLISH EARLY WINDOW,— NO CURRENT ML SIGNAL,,,— NOT CONFIRMED,WATCH,— INSUFFICIENT HISTORY,LIMITED MOVING-AVERAGE HISTORY,,,,
2026-09-16,2026-09-16 09:44:51,2026-09-16 09:44:47,BATT,6 — BELOW STRUCTURE,▼ STRUCTURAL CAUTION,▼ RECENT EMA20 BREAK,OUTSIDE BULLISH EARLY WINDOW,— NO CURRENT ML SIGNAL,,,▼ DETERIORATING,LAGGING,▼ STRUCTURAL CAUTION,FULL LONG-TERM HISTORY AVAILABLE,0/5 ABOVE,-0.043,-0.0272231096911607,14.614999771118164
2026-09-16,2026-09-16 09:44:51,2026-09-16 09:44:47,BETZ,0 — MONITOR,— MONITOR,— UNKNOWN,OUTSIDE BULLISH EARLY WINDOW,— NO CURRENT ML SIGNAL,,,— NOT CONFIRMED,WATCH,— INSUFFICIENT HISTORY,LIMITED MOVING-AVERAGE HISTORY,,,,
2026-09-16,2026-09-16 09:44:51,2026-09-16 09:44:47,BOTZ,6 — BELOW STRUCTURE,▼ STRUCTURAL CAUTION,● NEAR EMA20,OUTSIDE BULLISH EARLY WINDOW,— NO CURRENT ML SIGNAL,,,▼ DETERIORATING,LAGGING,▼ STRUCTURAL CAUTION,FULL LONG-TERM HISTORY AVAILABLE,0/5 ABOVE,-0.014,-0.0224135039964227,34.97999954223633
2026-09-16,2026-09-16 09:44:51,2026-09-16 09:44:47,CIBR,3 — LEADING,▲ EARLY WATCH,▲ DAY 2 CONFIRMATION,DAY 2 — CONFIRMATION WINDOW,— NO CURRENT ML SIGNAL,,,▲ CONFIRMED LEADER,LEADER,▲ FULL BULL STRUCTURE,FULL LONG-TERM HISTORY AVAILABLE,5/5 ABOVE,0.045,0.0658736937563928,101.08000183105467
2026-09-16,2026-09-16 09:44:51,2026-09-16 09:44:47,COPX,0 — MONITOR,— MONITOR,— UNKNOWN,OUTSIDE BULLISH EARLY WINDOW,● MODERATE,,2026-09-04,— NOT CONFIRMED,WATCH,— INSUFFICIENT HISTORY,LIMITED MOVING-AVERAGE HISTORY,,,,
2026-09-16,2026-09-16 09:44:51,2026-09-16 09:44:47,CORN,3 — LEADING,● ESTABLISHED LEADER,● NEAR EMA20,OUTSIDE BULLISH EARLY WINDOW,— NO CURRENT ML SIGNAL,,,▲ CONFIRMED LEADER,LEADER,▲ FULL BULL STRUCTURE,FULL LONG-TERM HISTORY AVAILABLE,5/5 ABOVE,0.015,0.0715819997852003,19.95499992370605
2026-09-16,2026-09-16 09:44:51,2026-09-16 09:44:47,CPER,0 — MONITOR,— MONITOR,— UNKNOWN,OUTSIDE BULLISH EARLY WINDOW,— NO CURRENT ML SIGNAL,,,— NOT CONFIRMED,WATCH,— INSUFFICIENT HISTORY,LIMITED MOVING-AVERAGE HISTORY,,,,
2026-09-16,2026-09-16 09:44:51,2026-09-16 09:44:47,DBA,0 — MONITOR,— MONITOR,— UNKNOWN,OUTSIDE BULLISH EARLY WINDOW,— NO CURRENT ML SIGNAL,,,— NOT CONFIRMED,WATCH,— INSUFFICIENT HISTORY,LIMITED MOVING-AVERAGE HISTORY,,,,
2026-09-16,2026-09-16 09:44:51,2026-09-16 09:44:47,DIA,5 — WEAKENING / PULLBACK,● PULLBACK / REVIEW,● NEAR EMA20,OUTSIDE BULLISH EARLY WINDOW,— NO CURRENT ML SIGNAL,,,— NOT CONFIRMED,WATCH,● LONG-TERM TREND INTACT,FULL LONG-TERM HISTORY AVAILABLE,2/5 ABOVE,-0.014,-0.014671878961729,520.739990234375
2026-09-16,2026-09-16 09:44:51,2026-09-16 09:44:47,DRAM,0 — MONITOR,— MONITOR,— UNKNOWN,OUTSIDE BULLISH EARLY WINDOW,★★ ELITE,,2026-09-04,— NOT CONFIRMED,WATCH,— INSUFFICIENT HISTORY,LIMITED MOVING-AVERAGE HISTORY,,,,
2026-09-16,2026-09-16 09:44:51,2026-09-16 09:44:47,ETHE,0 — MONITOR,— MONITOR,— UNKNOWN,OUTSIDE BULLISH EARLY WINDOW,— NO CURRENT ML SIGNAL,,,— NOT CONFIRMED,WATCH,— INSUFFICIENT HISTORY,LIMITED MOVING-AVERAGE HISTORY,,,,
2026-09-16,2026-09-16 09:44:51,2026-09-16 09:44:47,GLD,0 — MONITOR,— MONITOR,— UNKNOWN,OUTSIDE BULLISH EARLY WINDOW,— NO CURRENT ML SIGNAL,,,— NOT CONFIRMED,WATCH,— INSUFFICIENT HISTORY,LIMITED MOVING-AVERAGE HISTORY,,,,
2026-09-16,2026-09-16 09:44:51,2026-09-16 09:44:47,IAI,0 — MONITOR,— MONITOR,— UNKNOWN,OUTSIDE BULLISH EARLY WINDOW,— LOW,,2026-09-04,— NOT CONFIRMED,WATCH,— INSUFFICIENT HISTORY,LIMITED MOVING-AVERAGE HISTORY,,,,
2026-09-16,2026-09-16 09:44:51,2026-09-16 09:44:47,IBB,5 — WEAKENING / PULLBACK,● PULLBACK / REVIEW,● NEAR EMA20,OUTSIDE BULLISH EARLY WINDOW,— NO CURRENT ML SIGNAL,,,▼ DETERIORATING,WEAKENING,▲ POSITIVE STRUCTURE,FULL LONG-TERM HISTORY AVAILABLE,3/5 ABOVE,-0.015,0.0166825404782193,202.8179931640625
2026-09-16,2026-09-16 09:44:51,2026-09-16 09:44:47,IBIT,5 — WEAKENING / PULLBACK,● PULLBACK / REVIEW,▼ RECENT EMA20 BREAK,OUTSIDE BULLISH EARLY WINDOW,— NO CURRENT ML SIGNAL,,,● DEVELOPING,WATCH,▲ POSITIVE STRUCTURE,FULL LONG-TERM HISTORY AVAILABLE,4/5 ABOVE,-0.002,0.0888295844452917,42.84000015258789
2026-09-16,2026-09-16 09:44:51,2026-09-16 09:44:47,IEF,6 — BELOW STRUCTURE,▼ STRUCTURAL CAUTION,● NEAR EMA20,OUTSIDE BULLISH EARLY WINDOW,— NO CURRENT ML SIGNAL,,,— NOT CONFIRMED,WATCH,▼ STRUCTURAL CAUTION,FULL LONG-TERM HISTORY AVAILABLE,0/5 ABOVE,-0.009,-0.0149754014164459,91.0999984741211
2026-09-16,2026-09-16 09:44:51,2026-09-16 09:44:47,IGV,3 — LEADING,▲ EARLY WATCH,▲ DAY 2 CONFIRMATION,DAY 2 — CONFIRMATION WINDOW,● MODERATE,,2026-09-04,▲ CONFIRMED LEADER,LEADER,▲ FULL BULL STRUCTURE,FULL LONG-TERM HISTORY AVAILABLE,5/5 ABOVE,0.015,0.0587597070553842,105.38999938964844
2026-09-16,2026-09-16 09:44:51,2026-09-16 09:44:47,ITA,6 — BELOW STRUCTURE,▼ STRUCTURAL CAUTION,▼ BELOW EMA20,OUTSIDE BULLISH EARLY WINDOW,— NO CURRENT ML SIGNAL,,,▼ DETERIORATING,LAGGING,▼ STRUCTURAL CAUTION,FULL LONG-TERM HISTORY AVAILABLE,0/5 ABOVE,-0.043,-0.0840315488948567,216.2400054931641
2026-09-16,2026-09-16 09:44:51,2026-09-16 09:44:47,IWM,0 — MONITOR,— MONITOR,— UNKNOWN,OUTSIDE BULLISH EARLY WINDOW,— NO CURRENT ML SIGNAL,,,— NOT CONFIRMED,WATCH,— INSUFFICIENT HISTORY,LIMITED MOVING-AVERAGE HISTORY,,,,
2026-09-16,2026-09-16 09:44:51,2026-09-16 09:44:47,KBE,0 — MONITOR,— MONITOR,— UNKNOWN,OUTSIDE BULLISH EARLY WINDOW,— NO CURRENT ML SIGNAL,,,— NOT CONFIRMED,WATCH,— INSUFFICIENT HISTORY,LIMITED MOVING-AVERAGE HISTORY,,,,
2026-09-16,2026-09-16 09:44:51,2026-09-16 09:44:47,KBWD,0 — MONITOR,— MONITOR,— UNKNOWN,OUTSIDE BULLISH EARLY WINDOW,— LOW,,2026-09-04,— NOT CONFIRMED,WATCH,— INSUFFICIENT HISTORY,LIMITED MOVING-AVERAGE HISTORY,,,,
2026-09-16,2026-09-16 09:44:51,2026-09-16 09:44:47,KRE,5 — WEAKENING / PULLBACK,● PULLBACK / REVIEW,● NEAR EMA20,OUTSIDE BULLISH EARLY WINDOW,— NO CURRENT ML SIGNAL,,,— NOT CONFIRMED,WATCH,● LONG-TERM TREND INTACT,FULL LONG-TERM HISTORY AVAILABLE,2/5 ABOVE,-0.009,-0.0219365100404266,73.79000091552734
2026-09-16,2026-09-16 09:44:51,2026-09-16 09:44:47,LITP,6 — BELOW STRUCTURE,▼ STRUCTURAL CAUTION,▼ BELOW EMA20,OUTSIDE BULLISH EARLY WINDOW,— NO CURRENT ML SIGNAL,,,▼ DETERIORATING,LAGGING,▼ STRUCTURAL CAUTION,FULL LONG-TERM HISTORY AVAILABLE,0/5 ABOVE,-0.088,-0.084322072276062,10.109999656677246
2026-09-16,2026-09-16 09:44:51,2026-09-16 09:44:47,OIH,5 — WEAKENING / PULLBACK,● PULLBACK / REVIEW,▼ RECENT EMA20 BREAK,OUTSIDE BULLISH EARLY WINDOW,— NO CURRENT ML SIGNAL,,,— NOT CONFIRMED,WATCH,▲ POSITIVE STRUCTURE,FULL LONG-TERM HISTORY AVAILABLE,2/5 ABOVE,-0.024,0.0103309490127319,405.6600036621094
2026-09-16,2026-09-16 09:44:51,2026-09-16 09:44:47,ONLN,0 — MONITOR,— MONITOR,— UNKNOWN,OUTSIDE BULLISH EARLY WINDOW,— NO CURRENT ML SIGNAL,,,— NOT CONFIRMED,WATCH,— INSUFFICIENT HISTORY,LIMITED MOVING-AVERAGE HISTORY,,,,
2026-09-16,2026-09-16 09:44:51,2026-09-16 09:44:47,PAVE,0 — MONITOR,— MONITOR,— UNKNOWN,OUTSIDE BULLISH EARLY WINDOW,— NO CURRENT ML SIGNAL,,,— NOT CONFIRMED,WATCH,— INSUFFICIENT HISTORY,LIMITED MOVING-AVERAGE HISTORY,,,,
2026-09-16,2026-09-16 09:44:51,2026-09-16 09:44:47,PDBC,0 — MONITOR,— MONITOR,— UNKNOWN,OUTSIDE BULLISH EARLY WINDOW,— NO CURRENT ML SIGNAL,,,— NOT CONFIRMED,WATCH,— INSUFFICIENT HISTORY,LIMITED MOVING-AVERAGE HISTORY,,,,
2026-09-16,2026-09-16 09:44:51,2026-09-16 09:44:47,PEJ,0 — MONITOR,— MONITOR,— UNKNOWN,OUTSIDE BULLISH EARLY WINDOW,— NO CURRENT ML SIGNAL,,,— NOT CONFIRMED,WATCH,— INSUFFICIENT HISTORY,LIMITED MOVING-AVERAGE HISTORY,,,,
2026-09-16,2026-09-16 09:44:51,2026-09-16 09:44:47,PPH,0 — MONITOR,— MONITOR,— UNKNOWN,OUTSIDE BULLISH EARLY WINDOW,▲ HIGH,,2026-09-04,— NOT CONFIRMED,WATCH,— INSUFFICIENT HISTORY,LIMITED MOVING-AVERAGE HISTORY,,,,
2026-09-16,2026-09-16 09:44:51,2026-09-16 09:44:47,QQQ,0 — MONITOR,— MONITOR,— UNKNOWN,OUTSIDE BULLISH EARLY WINDOW,— LOW,,2026-09-04,— NOT CONFIRMED,WATCH,— INSUFFICIENT HISTORY,LIMITED MOVING-AVERAGE HISTORY,,,,
2026-09-16,2026-09-16 09:44:51,2026-09-16 09:44:47,REZ,5 — WEAKENING / PULLBACK,● PULLBACK / REVIEW,● NEAR EMA20,OUTSIDE BULLISH EARLY WINDOW,— NO CURRENT ML SIGNAL,,,— NOT CONFIRMED,WATCH,● LONG-TERM TREND INTACT,FULL LONG-TERM HISTORY AVAILABLE,1/5 ABOVE,-0.016,-0.0353759418304441,91.53810119628906
2026-09-16,2026-09-16 09:44:51,2026-09-16 09:44:47,RSP,0 — MONITOR,— MONITOR,— UNKNOWN,OUTSIDE BULLISH EARLY WINDOW,— NO CURRENT ML SIGNAL,,,— NOT CONFIRMED,WATCH,— INSUFFICIENT HISTORY,LIMITED MOVING-AVERAGE HISTORY,,,,
2026-09-16,2026-09-16 09:44:51,2026-09-16 09:44:47,SHY,0 — MONITOR,— MONITOR,— UNKNOWN,OUTSIDE BULLISH EARLY WINDOW,— NO CURRENT ML SIGNAL,,,— NOT CONFIRMED,WATCH,— INSUFFICIENT HISTORY,LIMITED MOVING-AVERAGE HISTORY,,,,
2026-09-16,2026-09-16 09:44:51,2026-09-16 09:44:47,SKYY,0 — MONITOR,— MONITOR,— UNKNOWN,OUTSIDE BULLISH EARLY WINDOW,— NO CURRENT ML SIGNAL,,,— NOT CONFIRMED,WATCH,— INSUFFICIENT HISTORY,LIMITED MOVING-AVERAGE HISTORY,,,,
2026-09-16,2026-09-16 09:44:51,2026-09-16 09:44:47,SLV,6 — BELOW STRUCTURE,▼ STRUCTURAL CAUTION,▼ RECENT EMA20 BREAK,OUTSIDE BULLISH EARLY WINDOW,● MODERATE,,2026-09-04,▼ DETERIORATING,LAGGING,▼ STRUCTURAL CAUTION,FULL LONG-TERM HISTORY AVAILABLE,1/5 ABOVE,-0.009,0.028798586572438,58.22969818115234
2026-09-16,2026-09-16 09:44:51,2026-09-16 09:44:47,SLX,5 — WEAKENING / PULLBACK,● PULLBACK / REVIEW,▼ RECENT EMA20 BREAK,OUTSIDE BULLISH EARLY WINDOW,— NO CURRENT ML SIGNAL,,,▼ DETERIORATING,WEAKENING,▲ POSITIVE STRUCTURE,FULL LONG-TERM HISTORY AVAILABLE,3/5 ABOVE,-0.008,0.013478461814169,107.4499969482422
2026-09-16,2026-09-16 09:44:51,2026-09-16 09:44:47,SMH,0 — MONITOR,— MONITOR,— UNKNOWN,OUTSIDE BULLISH EARLY WINDOW,— NO CURRENT ML SIGNAL,,,— NOT CONFIRMED,WATCH,— INSUFFICIENT HISTORY,LIMITED MOVING-AVERAGE HISTORY,,,,
2026-09-16,2026-09-16 09:44:51,2026-09-16 09:44:47,SOXX,0 — MONITOR,— MONITOR,— UNKNOWN,OUTSIDE BULLISH EARLY WINDOW,— NO CURRENT ML SIGNAL,,,— NOT CONFIRMED,WATCH,— INSUFFICIENT HISTORY,LIMITED MOVING-AVERAGE HISTORY,,,,
2026-09-16,2026-09-16 09:44:51,2026-09-16 09:44:47,SPY,0 — MONITOR,— MONITOR,— UNKNOWN,OUTSIDE BULLISH EARLY WINDOW,— LOW,,2026-09-04,— NOT CONFIRMED,WATCH,— INSUFFICIENT HISTORY,LIMITED MOVING-AVERAGE HISTORY,,,,
2026-09-16,2026-09-16 09:44:51,2026-09-16 09:44:47,SRVR,0 — MONITOR,— MONITOR,— UNKNOWN,OUTSIDE BULLISH EARLY WINDOW,— NO CURRENT ML SIGNAL,,,— NOT CONFIRMED,WATCH,— INSUFFICIENT HISTORY,LIMITED MOVING-AVERAGE HISTORY,,,,
2026-09-16,2026-09-16 09:44:51,2026-09-16 09:44:47,TIP,6 — BELOW STRUCTURE,▼ STRUCTURAL CAUTION,● NEAR EMA20,OUTSIDE BULLISH EARLY WINDOW,— NO CURRENT ML SIGNAL,,,— NOT CONFIRMED,WATCH,▼ STRUCTURAL CAUTION,FULL LONG-TERM HISTORY AVAILABLE,0/5 ABOVE,-0.006,-0.0094339622641509,105.94499969482422
2026-09-16,2026-09-16 09:44:51,2026-09-16 09:44:47,TLT,6 — BELOW STRUCTURE,▼ STRUCTURAL CAUTION,● NEAR EMA20,OUTSIDE BULLISH EARLY WINDOW,— NO CURRENT ML SIGNAL,,,— NOT CONFIRMED,WATCH,▼ STRUCTURAL CAUTION,FULL LONG-TERM HISTORY AVAILABLE,0/5 ABOVE,-0.007,-0.0154072167451799,81.09500122070312
2026-09-16,2026-09-16 09:44:51,2026-09-16 09:44:47,UNG,0 — MONITOR,— MONITOR,— UNKNOWN,OUTSIDE BULLISH EARLY WINDOW,— NO CURRENT ML SIGNAL,,,— NOT CONFIRMED,WATCH,— INSUFFICIENT HISTORY,LIMITED MOVING-AVERAGE HISTORY,,,,
2026-09-16,2026-09-16 09:44:51,2026-09-16 09:44:47,USO,4 — MATURE / EXTENDED,● ESTABLISHED LEADER,▲ ESTABLISHED ABOVE EMA20,OUTSIDE BULLISH EARLY WINDOW,— NO CURRENT ML SIGNAL,,,▲ CONFIRMED LEADER,LEADER,▲ FULL BULL STRUCTURE,FULL LONG-TERM HISTORY AVAILABLE,5/5 ABOVE,0.092,0.205828835303292,157.72000122070312
2026-09-16,2026-09-16 09:44:51,2026-09-16 09:44:47,UUP,0 — MONITOR,— MONITOR,— UNKNOWN,OUTSIDE BULLISH EARLY WINDOW,— NO CURRENT ML SIGNAL,,,— NOT CONFIRMED,WATCH,— INSUFFICIENT HISTORY,LIMITED MOVING-AVERAGE HISTORY,,,,
2026-09-16,2026-09-16 09:44:51,2026-09-16 09:44:47,VIXY,0 — MONITOR,— MONITOR,— UNKNOWN,OUTSIDE BULLISH EARLY WINDOW,— NO CURRENT ML SIGNAL,,,— NOT CONFIRMED,WATCH,— INSUFFICIENT HISTORY,LIMITED MOVING-AVERAGE HISTORY,,,,
2026-09-16,2026-09-16 09:44:51,2026-09-16 09:44:47,VNQ,5 — WEAKENING / PULLBACK,● PULLBACK / REVIEW,● NEAR EMA20,OUTSIDE BULLISH EARLY WINDOW,— NO CURRENT ML SIGNAL,,,— NOT CONFIRMED,WATCH,● LONG-TERM TREND INTACT,FULL LONG-TERM HISTORY AVAILABLE,1/5 ABOVE,-0.017,-0.0345102528980024,94.4499969482422
2026-09-16,2026-09-16 09:44:51,2026-09-16 09:44:47,VOO,0 — MONITOR,— MONITOR,— UNKNOWN,OUTSIDE BULLISH EARLY WINDOW,— LOW,,2026-09-04,— NOT CONFIRMED,WATCH,— INSUFFICIENT HISTORY,LIMITED MOVING-AVERAGE HISTORY,,,,
2026-09-16,2026-09-16 09:44:51,2026-09-16 09:44:47,WEAT,0 — MONITOR,— MONITOR,— UNKNOWN,OUTSIDE BULLISH EARLY WINDOW,— NO CURRENT ML SIGNAL,,,— NOT CONFIRMED,WATCH,— INSUFFICIENT HISTORY,LIMITED MOVING-AVERAGE HISTORY,,,,
2026-09-16,2026-09-16 09:44:51,2026-09-16 09:44:47,XBI,5 — WEAKENING / PULLBACK,● PULLBACK / REVIEW,▼ BELOW EMA20,OUTSIDE BULLISH EARLY WINDOW,— NO CURRENT ML SIGNAL,,,▼ DETERIORATING,WEAKENING,● LONG-TERM TREND INTACT,FULL LONG-TERM HISTORY AVAILABLE,2/5 ABOVE,-0.029,-0.0182288201638503,154.9499969482422
2026-09-16,2026-09-16 09:44:51,2026-09-16 09:44:47,XLB,0 — MONITOR,— MONITOR,— UNKNOWN,OUTSIDE BULLISH EARLY WINDOW,— NO CURRENT ML SIGNAL,,,— NOT CONFIRMED,WATCH,— INSUFFICIENT HISTORY,LIMITED MOVING-AVERAGE HISTORY,,,,
2026-09-16,2026-09-16 09:44:51,2026-09-16 09:44:47,XLC,2 — CONFIRMING / BUILDING,▲ EARLY WATCH,▲ DAY 3 CONFIRMATION,DAY 3 — CONFIRMATION WINDOW,— LOW,,2026-09-04,▲ EMERGING CONFIRMATION,EMERGING,▲ FULL BULL STRUCTURE,FULL LONG-TERM HISTORY AVAILABLE,5/5 ABOVE,0.017,0.0285650022492127,114.3249969482422
2026-09-16,2026-09-16 09:44:51,2026-09-16 09:44:47,XLE,2 — CONFIRMING / BUILDING,— MONITOR,● NEAR EMA20,OUTSIDE BULLISH EARLY WINDOW,— NO CURRENT ML SIGNAL,,,▲ EARLY CONFIRMATION,WATCH,▲ FULL BULL STRUCTURE,FULL LONG-TERM HISTORY AVAILABLE,5/5 ABOVE,0.009,0.0586852144172587,64.38500213623047
2026-09-16,2026-09-16 09:44:51,2026-09-16 09:44:47,XLF,5 — WEAKENING / PULLBACK,● PULLBACK / REVIEW,● NEAR EMA20,OUTSIDE BULLISH EARLY WINDOW,— LOW,,2026-09-04,— NOT CONFIRMED,WATCH,● LONG-TERM TREND INTACT,FULL LONG-TERM HISTORY AVAILABLE,2/5 ABOVE,-0.011,-0.0080461780654189,56.709999084472656
2026-09-16,2026-09-16 09:44:51,2026-09-16 09:44:47,XLI,0 — MONITOR,— MONITOR,— UNKNOWN,OUTSIDE BULLISH EARLY WINDOW,— NO CURRENT ML SIGNAL,,,— NOT CONFIRMED,WATCH,— INSUFFICIENT HISTORY,LIMITED MOVING-AVERAGE HISTORY,,,,
2026-09-16,2026-09-16 09:44:51,2026-09-16 09:44:47,XLK,0 — MONITOR,— MONITOR,— UNKNOWN,OUTSIDE BULLISH EARLY WINDOW,★ VERY HIGH,,2026-09-04,— NOT CONFIRMED,WATCH,— INSUFFICIENT HISTORY,LIMITED MOVING-AVERAGE HISTORY,,,,
2026-09-16,2026-09-16 09:44:51,2026-09-16 09:44:47,XLP,0 — MONITOR,— MONITOR,— UNKNOWN,OUTSIDE BULLISH EARLY WINDOW,— NO CURRENT ML SIGNAL,,,— NOT CONFIRMED,WATCH,— INSUFFICIENT HISTORY,LIMITED MOVING-AVERAGE HISTORY,,,,
2026-09-16,2026-09-16 09:44:51,2026-09-16 09:44:47,XLRE,0 — MONITOR,— MONITOR,— UNKNOWN,OUTSIDE BULLISH EARLY WINDOW,— NO CURRENT ML SIGNAL,,,— NOT CONFIRMED,WATCH,— INSUFFICIENT HISTORY,LIMITED MOVING-AVERAGE HISTORY,,,,
2026-09-16,2026-09-16 09:44:51,2026-09-16 09:44:47,XLU,6 — BELOW STRUCTURE,▼ STRUCTURAL CAUTION,▼ RECENT EMA20 BREAK,OUTSIDE BULLISH EARLY WINDOW,— NO CURRENT ML SIGNAL,,,▼ DETERIORATING,LAGGING,▼ STRUCTURAL CAUTION,FULL LONG-TERM HISTORY AVAILABLE,0/5 ABOVE,-0.03,-0.0577587775150081,41.4359016418457
2026-09-16,2026-09-16 09:44:51,2026-09-16 09:44:47,XLV,0 — MONITOR,— MONITOR,— UNKNOWN,OUTSIDE BULLISH EARLY WINDOW,— NO CURRENT ML SIGNAL,,,— NOT CONFIRMED,WATCH,— INSUFFICIENT HISTORY,LIMITED MOVING-AVERAGE HISTORY,,,,
2026-09-16,2026-09-16 09:44:51,2026-09-16 09:44:47,XLY,0 — MONITOR,— MONITOR,— UNKNOWN,OUTSIDE BULLISH EARLY WINDOW,— NO CURRENT ML SIGNAL,,,— NOT CONFIRMED,WATCH,— INSUFFICIENT HISTORY,LIMITED MOVING-AVERAGE HISTORY,,,,
2026-09-16,2026-09-16 09:44:51,2026-09-16 09:44:47,XOP,0 — MONITOR,— MONITOR,— UNKNOWN,OUTSIDE BULLISH EARLY WINDOW,— NO CURRENT ML SIGNAL,,,— NOT CONFIRMED,WATCH,— INSUFFICIENT HISTORY,LIMITED MOVING-AVERAGE HISTORY,,,,
