Date,Ticker,Price,EMA20,MA30,MA50,MA100,MA200,AboveEMA20,Pct_Above_EMA20,Above30,Pct_Above_30,Above50,Pct_Above_50,Above100,Pct_Above_100,Above200,Pct_Above_200
2026-10-09,AIQ,66.599998,65.544243,64.909001,64.1158,63.5842,57.736801,Yes,0.016108,Yes,0.026052,Yes,0.038745,Yes,0.04743,Yes,0.15351
2026-10-09,AIRR,104.190002,105.940306,105.966334,111.3016,118.6485,117.253495,No,-0.016522,No,-0.016763,No,-0.063895,No,-0.12186,No,-0.111412
2026-10-09,AMLP,52.560001,53.356317,54.239,54.349187,53.124145,51.111868,No,-0.014924,No,-0.030956,No,-0.03292,No,-0.010619,Yes,0.028333
2026-10-09,ARKG,51.299999,51.32495,50.110667,47.9562,42.5305,35.910625,No,-0.000486,Yes,0.023734,Yes,0.069726,Yes,0.206193,Yes,0.428547
2026-10-09,AWAY,16.950001,17.206714,17.6444,18.61212,18.22074,18.0913,No,-0.014919,No,-0.039355,No,-0.089303,No,-0.069741,No,-0.063086
2026-10-09,BATT,14.68,14.708089,14.924567,15.12516,15.35069,15.457168,No,-0.00191,No,-0.016387,No,-0.029432,No,-0.043691,No,-0.050279
2026-10-09,BETZ,16.8146,17.319945,18.078287,18.573452,18.862286,18.852833,No,-0.029177,No,-0.069901,No,-0.094697,No,-0.10856,No,-0.108113
2026-10-09,BOTZ,35.48,35.514031,35.401833,35.9177,36.586342,36.859533,No,-0.000958,Yes,0.002208,No,-0.012186,No,-0.030239,No,-0.037427
2026-10-09,CIBR,110.0,103.523849,100.8058,99.230562,93.620512,80.719034,Yes,0.062557,Yes,0.091207,Yes,0.108529,Yes,0.174956,Yes,0.362752
2026-10-09,COPX,85.75,86.034771,87.66,87.9804,84.26293,83.085144,No,-0.00331,No,-0.021789,No,-0.025351,Yes,0.017648,Yes,0.032074
2026-10-09,CORN,18.42,19.267519,19.666333,19.1578,18.3268,18.1657,No,-0.043987,No,-0.063374,No,-0.038512,Yes,0.005085,Yes,0.013999
2026-10-09,CPER,40.310001,39.894319,39.841333,39.9056,39.1618,37.61095,Yes,0.01042,Yes,0.011763,Yes,0.010134,Yes,0.029319,Yes,0.071762
2026-10-09,DBA,28.33,28.47132,28.704666,28.4114,27.8263,27.2008,No,-0.004964,No,-0.013052,No,-0.002865,Yes,0.018102,Yes,0.041513
2026-10-09,DIA,516.109985,515.581883,519.191094,524.972748,519.559518,500.550971,Yes,0.001024,No,-0.005934,No,-0.016882,No,-0.006639,Yes,0.031084
2026-10-09,DRAM,57.189999,59.450995,59.092,57.282,59.5732,,No,-0.038031,No,-0.032187,No,-0.001606,No,-0.040005,,
2026-10-09,ETHE,19.85,20.721605,20.62181,19.021425,16.835996,18.066268,No,-0.042063,No,-0.037427,Yes,0.04356,Yes,0.179021,Yes,0.098733
2026-10-09,GLD,384.579987,387.159459,393.072,397.027801,391.5552,415.6548,No,-0.006663,No,-0.021604,No,-0.031353,No,-0.017814,No,-0.074761
2026-10-09,IAI,178.490005,180.510627,184.479315,186.749028,185.120827,179.659125,No,-0.011194,No,-0.032466,No,-0.044225,No,-0.035819,No,-0.006507
2026-10-09,IBB,206.490005,206.20486,207.191228,205.278984,192.891867,181.878595,Yes,0.001383,No,-0.003384,Yes,0.005899,Yes,0.070496,Yes,0.135318
2026-10-09,IBIT,46.549999,46.58029,45.992667,43.0672,40.0802,41.872175,No,-0.00065,Yes,0.012118,Yes,0.080869,Yes,0.161421,Yes,0.111717
2026-10-09,IEF,89.400002,89.806247,90.405139,91.20438,91.9557,92.732251,No,-0.004524,No,-0.011118,No,-0.019784,No,-0.027793,No,-0.035934
2026-10-09,IGV,112.669998,107.775134,106.566667,104.9168,98.872463,93.695233,Yes,0.045417,Yes,0.057272,Yes,0.073899,Yes,0.139549,Yes,0.202516
2026-10-09,ITA,206.649994,211.648193,215.179438,227.188365,230.890125,229.962963,No,-0.023616,No,-0.039639,No,-0.090402,No,-0.104986,No,-0.101377
2026-10-09,IWM,278.940002,282.543824,285.340482,290.902865,291.011838,275.911761,No,-0.012755,No,-0.022431,No,-0.041123,No,-0.041482,Yes,0.010975
2026-10-09,KBE,63.130001,64.762422,65.855943,67.348597,66.830154,64.218994,No,-0.025206,No,-0.041392,No,-0.062638,No,-0.055367,No,-0.016957
2026-10-09,KBWD,10.635,11.189914,11.558526,11.84421,11.866818,12.107723,No,-0.04959,No,-0.0799,No,-0.102093,No,-0.103804,No,-0.121635
2026-10-09,KRE,69.010002,70.827269,71.833413,73.402063,72.939997,69.924905,No,-0.025658,No,-0.039305,No,-0.059836,No,-0.05388,No,-0.013084
2026-10-09,LITP,8.5488,9.513597,10.179327,10.620956,11.816228,13.022384,No,-0.101412,No,-0.16018,No,-0.195101,No,-0.27652,No,-0.34353
2026-10-09,OIH,388.649994,393.141809,403.671335,404.7566,401.574099,390.74555,No,-0.011425,No,-0.037212,No,-0.039793,No,-0.032184,No,-0.005363
2026-10-09,ONLN,57.293301,55.621235,55.905443,57.500466,56.761909,57.069997,Yes,0.030062,Yes,0.024825,No,-0.003603,Yes,0.009362,Yes,0.003913
2026-10-09,PAVE,53.450001,53.653868,53.657334,55.187,56.038552,54.431276,No,-0.0038,No,-0.003864,No,-0.031475,No,-0.046192,No,-0.018028
2026-10-09,PDBC,19.66,19.414123,19.431333,18.8136,17.9709,16.9412,Yes,0.012665,Yes,0.011768,Yes,0.044989,Yes,0.093991,Yes,0.160484
2026-10-09,PEJ,63.349998,62.968908,63.091769,64.943081,64.80157,62.499422,Yes,0.006052,Yes,0.004093,No,-0.02453,No,-0.0224,Yes,0.013609
2026-10-09,PPH,110.489998,109.964905,110.745315,111.398276,108.903476,106.15087,Yes,0.004775,No,-0.002305,No,-0.008153,Yes,0.014568,Yes,0.040877
2026-10-09,QQQ,751.27002,740.323429,729.487673,724.002267,719.133281,670.876425,Yes,0.014786,Yes,0.02986,Yes,0.037663,Yes,0.044688,Yes,0.119834
2026-10-09,REZ,87.839996,88.961433,90.297001,92.159877,92.586408,89.12177,No,-0.012606,No,-0.02721,No,-0.046874,No,-0.051265,No,-0.014382
2026-10-09,RSP,213.039993,211.955771,213.08502,215.722703,212.850623,204.788803,Yes,0.005115,No,-0.000211,No,-0.012436,Yes,0.00089,Yes,0.040291
2026-10-09,SHY,81.199997,81.110855,81.1452,81.271633,81.179533,81.033055,Yes,0.001099,Yes,0.000675,No,-0.000881,Yes,0.000252,Yes,0.00206
2026-10-09,SKYY,174.884995,166.870029,164.5985,162.214899,149.23155,133.781025,Yes,0.048031,Yes,0.062494,Yes,0.078107,Yes,0.171904,Yes,0.307248
2026-10-09,SLV,54.779999,56.166112,57.505,57.9434,58.1182,65.7736,No,-0.024679,No,-0.047387,No,-0.054595,No,-0.057438,No,-0.167143
2026-10-09,SLX,103.800003,104.637973,106.338667,107.053,105.6292,100.75205,No,-0.008008,No,-0.023873,No,-0.030387,No,-0.017317,Yes,0.030252
2026-10-09,SMH,603.330017,602.273186,584.766335,578.238003,587.238001,506.236601,Yes,0.001755,Yes,0.031745,Yes,0.043394,Yes,0.027403,Yes,0.191795
2026-10-09,SOXX,559.400024,560.849945,542.610377,537.153488,552.096724,461.752556,No,-0.002585,Yes,0.030942,Yes,0.041416,Yes,0.013228,Yes,0.211471
2026-10-09,SPY,778.570007,769.652286,766.341172,766.283654,754.179814,719.65783,Yes,0.011587,Yes,0.015957,Yes,0.016034,Yes,0.03234,Yes,0.081861
2026-10-09,SRVR,29.18,29.091648,29.504493,30.145752,31.005708,31.206536,Yes,0.003037,No,-0.010998,No,-0.032036,No,-0.058883,No,-0.064939
2026-10-09,TIP,104.419998,104.800578,105.406333,106.09012,106.757387,106.983807,No,-0.003631,No,-0.009357,No,-0.015742,No,-0.021894,No,-0.023964
2026-10-09,TLT,77.980003,78.791777,79.883067,80.653745,82.216554,83.550305,No,-0.010303,No,-0.023823,No,-0.033151,No,-0.051529,No,-0.06667
2026-10-09,UNG,11.01,10.64896,10.569333,10.3518,10.7702,11.3225,Yes,0.033904,Yes,0.041693,Yes,0.063583,Yes,0.022265,No,-0.0276
2026-10-09,USO,148.199997,146.705669,147.673001,139.1642,131.4683,117.1202,Yes,0.010186,Yes,0.003569,Yes,0.064929,Yes,0.127268,Yes,0.265367
2026-10-09,UUP,29.02,28.710691,28.477333,28.3162,28.2503,27.78495,Yes,0.010773,Yes,0.019056,Yes,0.024855,Yes,0.027246,Yes,0.04445
2026-10-09,VIXY,16.299999,16.821172,17.020333,17.7992,20.1505,24.34205,No,-0.030983,No,-0.042322,No,-0.084229,No,-0.191087,No,-0.330377
2026-10-09,VNQ,90.650002,91.093494,92.373647,94.415213,95.363598,92.831634,No,-0.004869,No,-0.018659,No,-0.039879,No,-0.049428,No,-0.023501
2026-10-09,VOO,715.590027,707.435301,704.38752,704.321003,693.152607,661.355644,Yes,0.011527,Yes,0.015904,Yes,0.016,Yes,0.03237,Yes,0.082005
2026-10-09,WEAT,24.41,25.304063,26.012667,25.5306,24.5258,23.30605,No,-0.035333,No,-0.061611,No,-0.043892,No,-0.004722,Yes,0.047368
2026-10-09,XBI,153.770004,155.232526,157.458332,158.255599,151.610427,139.491696,No,-0.009421,No,-0.023424,No,-0.028344,Yes,0.014244,Yes,0.10236
2026-10-09,XLB,49.43,49.766141,50.376923,51.160216,50.941666,50.360715,No,-0.006754,No,-0.018797,No,-0.03382,No,-0.029674,No,-0.018481
2026-10-09,XLC,110.379997,111.606119,111.93251,111.573329,111.026886,113.026659,No,-0.010986,No,-0.01387,No,-0.010695,No,-0.005826,No,-0.023416
2026-10-09,XLE,65.080002,63.317091,63.522884,62.41051,59.300099,56.404005,Yes,0.027843,Yes,0.024513,Yes,0.042773,Yes,0.097469,Yes,0.153819
2026-10-09,XLF,54.73,54.741408,55.603212,56.391621,55.097793,53.328273,No,-0.000208,No,-0.015704,No,-0.029466,No,-0.006675,Yes,0.026285
2026-10-09,XLI,169.25,170.121846,170.544216,175.381585,176.468806,171.871524,No,-0.005125,No,-0.007589,No,-0.034961,No,-0.040907,No,-0.015253
2026-10-09,XLK,198.779999,195.362177,191.612894,188.897062,185.757318,166.037241,Yes,0.017495,Yes,0.037404,Yes,0.052319,Yes,0.070106,Yes,0.197201
2026-10-09,XLP,83.43,82.326184,82.731066,83.636642,83.553167,82.814025,Yes,0.013408,Yes,0.008448,No,-0.002471,No,-0.001474,Yes,0.007438
2026-10-09,XLRE,41.610001,41.648758,42.245704,43.173773,43.651715,42.569282,No,-0.000931,No,-0.015048,No,-0.03622,No,-0.046773,No,-0.022535
2026-10-09,XLU,41.41,40.769177,41.089869,42.014272,43.274428,43.769283,Yes,0.015718,Yes,0.007791,No,-0.014383,No,-0.043084,No,-0.053903
2026-10-09,XLV,170.809998,168.577112,168.659026,168.465962,161.801934,155.911922,Yes,0.013245,Yes,0.012753,Yes,0.013914,Yes,0.055673,Yes,0.095554
2026-10-09,XLY,112.849998,111.406049,111.952297,114.234324,114.971697,115.674545,Yes,0.012961,Yes,0.008019,No,-0.012118,No,-0.018454,No,-0.024418
2026-10-09,XOP,191.520004,186.948313,188.388473,184.462872,173.925327,164.023298,Yes,0.024454,Yes,0.016623,Yes,0.038258,Yes,0.101162,Yes,0.167639
