Ticker,1W%,2W%,1M%,3M%,6M%,9M%,12M%
AIQ,1.13,4.03,5.76,4.5,41.14,31.17,33.84
AIRR,1.57,0.21,0.38,-15.98,-5.49,8.56,10.19
AMLP,-0.92,-4.4,-5.79,3.15,4.25,18.45,21.36
ARKG,1.31,4.69,14.66,24.08,97.59,86.61,87.38
AWAY,-0.7,-3.55,-12.86,-9.77,4.33,-19.23,-24.79
BATT,-0.2,-0.81,-5.44,-5.13,-2.66,5.66,13.1
BETZ,-5.47,-9.82,-14.29,-14.93,-10.02,-21.69,-27.21
BOTZ,2.18,3.02,2.79,-5.44,8.35,-0.12,1.78
CIBR,4.6,5.73,12.89,13.65,64.64,48.17,38.72
COPX,-0.61,-1.24,-4.12,9.84,12.53,20.48,46.24
CORN,-3.6,-3.45,-5.93,9.0,4.56,7.28,8.38
CPER,-2.51,-1.59,0.15,4.62,15.18,13.24,31.31
DBA,-0.89,0.48,-3.37,2.71,4.14,10.83,9.31
DIA,-1.13,-0.82,-3.35,-3.15,10.8,7.63,11.83
DRAM,0.44,4.31,10.62,-3.98,123.99,,
ETHE,1.29,3.3,13.91,51.83,31.56,-8.77,-37.69
GLD,-2.64,-4.52,-4.9,0.24,-10.8,-3.35,7.59
IAI,-1.89,-3.97,-6.75,-6.01,7.37,-0.12,3.26
IBB,-2.0,0.5,-3.84,5.27,21.36,21.93,38.71
IBIT,2.39,5.83,11.22,34.84,28.27,-1.9,-27.02
IEF,-0.24,-1.12,-2.6,-4.0,-4.14,-4.13,-3.56
IGV,3.24,4.88,5.82,15.46,36.25,3.57,-4.87
ITA,-2.43,-2.44,-6.49,-16.71,-5.81,-2.58,-0.05
IWM,0.47,-0.28,-3.39,-4.97,13.3,15.87,18.02
KBE,-1.16,-2.48,-4.95,-6.12,8.42,8.25,11.95
KBWD,-2.03,-4.36,-9.67,-7.55,-6.39,-10.32,-6.65
KRE,-0.8,-1.88,-3.85,-5.53,8.79,11.43,15.4
LITP,-6.37,-10.58,-24.67,-28.25,-33.89,-25.72,5.21
OIH,-2.91,-4.14,-12.45,6.22,-4.22,34.22,46.86
ONLN,-0.68,-3.03,-5.97,-3.9,1.93,-8.41,-10.79
PAVE,0.69,1.66,-0.81,-6.9,5.14,12.86,14.05
PDBC,-1.95,-2.75,0.31,18.76,9.13,44.3,48.12
PEJ,0.26,1.19,-4.18,-5.71,6.85,2.27,4.45
PPH,-2.69,-2.54,-6.21,-1.46,4.62,6.49,16.91
QQQ,1.27,4.62,6.42,4.42,29.16,23.15,25.57
REZ,-1.03,-1.6,-5.5,-7.85,4.96,8.04,6.12
RSP,-0.34,-0.52,-3.39,-1.77,9.8,11.15,12.43
SHY,0.19,0.15,-0.34,-0.15,0.27,0.58,1.54
SKYY,2.87,4.56,6.34,23.15,51.49,30.24,25.96
SLV,-4.73,-7.58,-6.23,-1.28,-15.81,-14.02,29.08
SLX,-1.08,-2.28,-5.98,3.54,12.09,22.17,42.02
SMH,4.67,10.8,15.33,5.06,61.83,76.29,90.86
SOXX,3.92,11.64,18.76,2.41,75.44,97.96,116.05
SPY,0.13,1.4,1.19,3.06,18.36,14.14,16.79
SRVR,-1.4,-3.28,-4.39,-5.9,-8.41,2.92,-5.9
TIP,-0.15,-0.85,-2.32,-3.08,-2.58,-1.78,-2.04
TLT,-1.03,-3.38,-4.2,-7.4,-7.8,-7.16,-8.37
UNG,-7.01,-0.58,-3.72,-11.61,-8.81,-15.58,-24.01
USO,-3.86,-7.29,1.03,36.66,3.4,106.2,94.98
UUP,0.84,1.66,2.45,1.91,3.59,6.77,8.53
VIXY,1.29,-1.55,-2.63,-18.52,-49.82,-34.38,-47.59
VNQ,-0.98,-2.18,-5.11,-6.54,1.61,4.72,2.13
VOO,0.13,1.42,1.18,3.06,18.38,14.18,16.84
WEAT,-2.27,-3.63,-10.55,8.68,8.96,24.79,20.68
XBI,0.18,-0.9,-6.08,-3.42,20.55,27.5,53.84
XLB,-0.98,-0.91,-6.45,-4.7,-1.36,10.13,13.22
XLC,-1.69,0.55,-0.89,1.09,0.01,-4.81,-3.67
XLE,0.34,-2.62,-3.8,17.87,6.46,42.0,43.34
XLF,-2.22,-3.67,-6.68,-4.15,9.02,-0.9,2.01
XLI,-0.42,0.25,-1.51,-8.3,4.16,10.28,11.61
XLK,2.5,6.23,9.7,9.71,48.28,40.23,42.08
XLP,-2.01,-2.25,-5.37,-3.76,-0.48,5.51,5.58
XLRE,-1.18,-2.62,-5.29,-6.49,0.41,4.24,0.92
XLU,1.34,-1.86,-5.47,-10.96,-12.4,-4.25,-6.46
XLV,-2.59,-0.88,-3.49,3.06,14.2,8.75,17.84
XLY,-0.01,-0.21,-3.54,-6.12,2.65,-6.84,-7.56
XOP,0.83,-3.61,-4.88,19.34,3.89,46.82,38.84
