Event_ID,Detected_At,Published_At,Source_Name,Source_Type,Source_URL,Headline,Event_Summary,Event_Category_Code,Direction,Magnitude,Persistence,Confidence,Classification_Evidence,Event_Centrality,Centrality_Evidence,Provider_Sentiment_Score,Provider_Relevance_Score,Provider_Topics,Relevance_Score,Monitor_Eligible,Gate_Reasons,Why_It_Matters,Confirmation_Watch,Event_Family,Event_Category_Name,Ticker,Asset_Class,Sector,Peer_Group,Exposure_Class,Exposure_Score,Exposure_Reason,Crosswalk_Match,Matched_37A_Terms,Driver_Match,Example_Asset_Match,Matched_Event_Drivers,Matched_Asset_Drivers,Evidence,Mapper_Version
AV-3e3e8e0a0b18d38a,2026-10-06T11:36:29.140631+00:00,2026-10-06T10:44:48+00:00,AD HOC NEWS,Financial News,https://www.ad-hoc-news.de/boerse/news/corporate-news/centerpoint-energy-sells-ohio-unit-as-centerpoint-energy-stock-trades/70241515,CenterPoint Energy sells Ohio unit as CenterPoint Energy stock trades below EUR 33.64,"CenterPoint Energy has completed the sale of its Ohio natural gas business for $2.62 billion, consisting of $1.42 billion in cash and a $1.20 billion promissory note. The proceeds will support the company's $66.7 billion, 10-year capital plan. The stock was trading slightly below its prior close at EUR 33.63 on October 6, 2026, while the company reported strong Q2 earnings and maintained its full-year guidance.",TREASURY_YIELDS,Neutral,Low,Short,0.72,10-year,0.3,lead:10-year,0.0141,0.3393,mergers_and_acquisitions | earnings | financial_markets | energy_transportation,52.9,False,confidence 0.72 | event centrality 0.30 | 4 primary/7 transmission exposures,"Treasury-yield moves change financing costs and valuation pressure, especially for long-duration equities, real estate, banks, bonds, and gold.","Watch TLT/IEF direction, QQQ/XLK sensitivity, real-estate response, financials, and gold confirmation.",Rates,Treasury Yield Movement,IEF,Fixed Income,Treasuries,Intermediate Treasuries,Primary,100,Curated primary economic exposure,True,Treasury Market,True,True,Real Yields,Treasury Yields,37A-to-37B crosswalk | Economic-driver text match | 37B example exposure,1.2
AV-3e3e8e0a0b18d38a,2026-10-06T11:36:29.140631+00:00,2026-10-06T10:44:48+00:00,AD HOC NEWS,Financial News,https://www.ad-hoc-news.de/boerse/news/corporate-news/centerpoint-energy-sells-ohio-unit-as-centerpoint-energy-stock-trades/70241515,CenterPoint Energy sells Ohio unit as CenterPoint Energy stock trades below EUR 33.64,"CenterPoint Energy has completed the sale of its Ohio natural gas business for $2.62 billion, consisting of $1.42 billion in cash and a $1.20 billion promissory note. The proceeds will support the company's $66.7 billion, 10-year capital plan. The stock was trading slightly below its prior close at EUR 33.63 on October 6, 2026, while the company reported strong Q2 earnings and maintained its full-year guidance.",TREASURY_YIELDS,Neutral,Low,Short,0.72,10-year,0.3,lead:10-year,0.0141,0.3393,mergers_and_acquisitions | earnings | financial_markets | energy_transportation,52.9,False,confidence 0.72 | event centrality 0.30 | 4 primary/7 transmission exposures,"Treasury-yield moves change financing costs and valuation pressure, especially for long-duration equities, real estate, banks, bonds, and gold.","Watch TLT/IEF direction, QQQ/XLK sensitivity, real-estate response, financials, and gold confirmation.",Rates,Treasury Yield Movement,SHY,Fixed Income,Treasuries,Short Treasuries,Primary,100,Curated primary economic exposure,True,Treasury Market,True,True,Real Yields,Short-Term Treasury Yields,37A-to-37B crosswalk | Economic-driver text match | 37B example exposure,1.2
AV-3e3e8e0a0b18d38a,2026-10-06T11:36:29.140631+00:00,2026-10-06T10:44:48+00:00,AD HOC NEWS,Financial News,https://www.ad-hoc-news.de/boerse/news/corporate-news/centerpoint-energy-sells-ohio-unit-as-centerpoint-energy-stock-trades/70241515,CenterPoint Energy sells Ohio unit as CenterPoint Energy stock trades below EUR 33.64,"CenterPoint Energy has completed the sale of its Ohio natural gas business for $2.62 billion, consisting of $1.42 billion in cash and a $1.20 billion promissory note. The proceeds will support the company's $66.7 billion, 10-year capital plan. The stock was trading slightly below its prior close at EUR 33.63 on October 6, 2026, while the company reported strong Q2 earnings and maintained its full-year guidance.",TREASURY_YIELDS,Neutral,Low,Short,0.72,10-year,0.3,lead:10-year,0.0141,0.3393,mergers_and_acquisitions | earnings | financial_markets | energy_transportation,52.9,False,confidence 0.72 | event centrality 0.30 | 4 primary/7 transmission exposures,"Treasury-yield moves change financing costs and valuation pressure, especially for long-duration equities, real estate, banks, bonds, and gold.","Watch TLT/IEF direction, QQQ/XLK sensitivity, real-estate response, financials, and gold confirmation.",Rates,Treasury Yield Movement,TIP,Fixed Income,Treasuries,Inflation-Protected Bonds,Primary,100,Curated primary economic exposure,True,Treasury Market,True,True,Real Yields,Real Yields | Treasury Yields,37A-to-37B crosswalk | Economic-driver text match | 37B example exposure,1.2
AV-3e3e8e0a0b18d38a,2026-10-06T11:36:29.140631+00:00,2026-10-06T10:44:48+00:00,AD HOC NEWS,Financial News,https://www.ad-hoc-news.de/boerse/news/corporate-news/centerpoint-energy-sells-ohio-unit-as-centerpoint-energy-stock-trades/70241515,CenterPoint Energy sells Ohio unit as CenterPoint Energy stock trades below EUR 33.64,"CenterPoint Energy has completed the sale of its Ohio natural gas business for $2.62 billion, consisting of $1.42 billion in cash and a $1.20 billion promissory note. The proceeds will support the company's $66.7 billion, 10-year capital plan. The stock was trading slightly below its prior close at EUR 33.63 on October 6, 2026, while the company reported strong Q2 earnings and maintained its full-year guidance.",TREASURY_YIELDS,Neutral,Low,Short,0.72,10-year,0.3,lead:10-year,0.0141,0.3393,mergers_and_acquisitions | earnings | financial_markets | energy_transportation,52.9,False,confidence 0.72 | event centrality 0.30 | 4 primary/7 transmission exposures,"Treasury-yield moves change financing costs and valuation pressure, especially for long-duration equities, real estate, banks, bonds, and gold.","Watch TLT/IEF direction, QQQ/XLK sensitivity, real-estate response, financials, and gold confirmation.",Rates,Treasury Yield Movement,TLT,Fixed Income,Treasuries,Long Treasuries,Primary,100,Curated primary economic exposure,True,Treasury Market,True,True,Real Yields,Long-Term Treasury Yields,37A-to-37B crosswalk | Economic-driver text match | 37B example exposure,1.2
AV-3e3e8e0a0b18d38a,2026-10-06T11:36:29.140631+00:00,2026-10-06T10:44:48+00:00,AD HOC NEWS,Financial News,https://www.ad-hoc-news.de/boerse/news/corporate-news/centerpoint-energy-sells-ohio-unit-as-centerpoint-energy-stock-trades/70241515,CenterPoint Energy sells Ohio unit as CenterPoint Energy stock trades below EUR 33.64,"CenterPoint Energy has completed the sale of its Ohio natural gas business for $2.62 billion, consisting of $1.42 billion in cash and a $1.20 billion promissory note. The proceeds will support the company's $66.7 billion, 10-year capital plan. The stock was trading slightly below its prior close at EUR 33.63 on October 6, 2026, while the company reported strong Q2 earnings and maintained its full-year guidance.",TREASURY_YIELDS,Neutral,Low,Short,0.72,10-year,0.3,lead:10-year,0.0141,0.3393,mergers_and_acquisitions | earnings | financial_markets | energy_transportation,52.9,False,confidence 0.72 | event centrality 0.30 | 4 primary/7 transmission exposures,"Treasury-yield moves change financing costs and valuation pressure, especially for long-duration equities, real estate, banks, bonds, and gold.","Watch TLT/IEF direction, QQQ/XLK sensitivity, real-estate response, financials, and gold confirmation.",Rates,Treasury Yield Movement,GLD,Commodities,Precious Metals,Precious Metals,Transmission,70,Defined financial transmission exposure,False,,True,True,Real Yields,Real Yields,Economic-driver text match | 37B example exposure,1.2
AV-3e3e8e0a0b18d38a,2026-10-06T11:36:29.140631+00:00,2026-10-06T10:44:48+00:00,AD HOC NEWS,Financial News,https://www.ad-hoc-news.de/boerse/news/corporate-news/centerpoint-energy-sells-ohio-unit-as-centerpoint-energy-stock-trades/70241515,CenterPoint Energy sells Ohio unit as CenterPoint Energy stock trades below EUR 33.64,"CenterPoint Energy has completed the sale of its Ohio natural gas business for $2.62 billion, consisting of $1.42 billion in cash and a $1.20 billion promissory note. The proceeds will support the company's $66.7 billion, 10-year capital plan. The stock was trading slightly below its prior close at EUR 33.63 on October 6, 2026, while the company reported strong Q2 earnings and maintained its full-year guidance.",TREASURY_YIELDS,Neutral,Low,Short,0.72,10-year,0.3,lead:10-year,0.0141,0.3393,mergers_and_acquisitions | earnings | financial_markets | energy_transportation,52.9,False,confidence 0.72 | event centrality 0.30 | 4 primary/7 transmission exposures,"Treasury-yield moves change financing costs and valuation pressure, especially for long-duration equities, real estate, banks, bonds, and gold.","Watch TLT/IEF direction, QQQ/XLK sensitivity, real-estate response, financials, and gold confirmation.",Rates,Treasury Yield Movement,KRE,Equities,Financials,Banking,Transmission,70,Defined financial transmission exposure,False,,True,False,10Y Yield | 2Y Yield | 30Y Yield | Yield Curve,Yield Curve,Economic-driver text match,1.2
AV-3e3e8e0a0b18d38a,2026-10-06T11:36:29.140631+00:00,2026-10-06T10:44:48+00:00,AD HOC NEWS,Financial News,https://www.ad-hoc-news.de/boerse/news/corporate-news/centerpoint-energy-sells-ohio-unit-as-centerpoint-energy-stock-trades/70241515,CenterPoint Energy sells Ohio unit as CenterPoint Energy stock trades below EUR 33.64,"CenterPoint Energy has completed the sale of its Ohio natural gas business for $2.62 billion, consisting of $1.42 billion in cash and a $1.20 billion promissory note. The proceeds will support the company's $66.7 billion, 10-year capital plan. The stock was trading slightly below its prior close at EUR 33.63 on October 6, 2026, while the company reported strong Q2 earnings and maintained its full-year guidance.",TREASURY_YIELDS,Neutral,Low,Short,0.72,10-year,0.3,lead:10-year,0.0141,0.3393,mergers_and_acquisitions | earnings | financial_markets | energy_transportation,52.9,False,confidence 0.72 | event centrality 0.30 | 4 primary/7 transmission exposures,"Treasury-yield moves change financing costs and valuation pressure, especially for long-duration equities, real estate, banks, bonds, and gold.","Watch TLT/IEF direction, QQQ/XLK sensitivity, real-estate response, financials, and gold confirmation.",Rates,Treasury Yield Movement,QQQ,Equities,Broad Market,Large Cap Growth,Transmission,70,Defined financial transmission exposure,False,,False,True,,,37B example exposure,1.2
AV-3e3e8e0a0b18d38a,2026-10-06T11:36:29.140631+00:00,2026-10-06T10:44:48+00:00,AD HOC NEWS,Financial News,https://www.ad-hoc-news.de/boerse/news/corporate-news/centerpoint-energy-sells-ohio-unit-as-centerpoint-energy-stock-trades/70241515,CenterPoint Energy sells Ohio unit as CenterPoint Energy stock trades below EUR 33.64,"CenterPoint Energy has completed the sale of its Ohio natural gas business for $2.62 billion, consisting of $1.42 billion in cash and a $1.20 billion promissory note. The proceeds will support the company's $66.7 billion, 10-year capital plan. The stock was trading slightly below its prior close at EUR 33.63 on October 6, 2026, while the company reported strong Q2 earnings and maintained its full-year guidance.",TREASURY_YIELDS,Neutral,Low,Short,0.72,10-year,0.3,lead:10-year,0.0141,0.3393,mergers_and_acquisitions | earnings | financial_markets | energy_transportation,52.9,False,confidence 0.72 | event centrality 0.30 | 4 primary/7 transmission exposures,"Treasury-yield moves change financing costs and valuation pressure, especially for long-duration equities, real estate, banks, bonds, and gold.","Watch TLT/IEF direction, QQQ/XLK sensitivity, real-estate response, financials, and gold confirmation.",Rates,Treasury Yield Movement,VNQ,Equities,Real Estate,Real Estate,Transmission,70,Defined financial transmission exposure,False,,True,False,Real Yields,Real Estate Cash Flows,Economic-driver text match,1.2
AV-3e3e8e0a0b18d38a,2026-10-06T11:36:29.140631+00:00,2026-10-06T10:44:48+00:00,AD HOC NEWS,Financial News,https://www.ad-hoc-news.de/boerse/news/corporate-news/centerpoint-energy-sells-ohio-unit-as-centerpoint-energy-stock-trades/70241515,CenterPoint Energy sells Ohio unit as CenterPoint Energy stock trades below EUR 33.64,"CenterPoint Energy has completed the sale of its Ohio natural gas business for $2.62 billion, consisting of $1.42 billion in cash and a $1.20 billion promissory note. The proceeds will support the company's $66.7 billion, 10-year capital plan. The stock was trading slightly below its prior close at EUR 33.63 on October 6, 2026, while the company reported strong Q2 earnings and maintained its full-year guidance.",TREASURY_YIELDS,Neutral,Low,Short,0.72,10-year,0.3,lead:10-year,0.0141,0.3393,mergers_and_acquisitions | earnings | financial_markets | energy_transportation,52.9,False,confidence 0.72 | event centrality 0.30 | 4 primary/7 transmission exposures,"Treasury-yield moves change financing costs and valuation pressure, especially for long-duration equities, real estate, banks, bonds, and gold.","Watch TLT/IEF direction, QQQ/XLK sensitivity, real-estate response, financials, and gold confirmation.",Rates,Treasury Yield Movement,XLF,Equities,Financials,Financials,Transmission,70,Defined financial transmission exposure,False,,True,False,10Y Yield | 2Y Yield | 30Y Yield | Yield Curve,Yield Curve,Economic-driver text match,1.2
AV-3e3e8e0a0b18d38a,2026-10-06T11:36:29.140631+00:00,2026-10-06T10:44:48+00:00,AD HOC NEWS,Financial News,https://www.ad-hoc-news.de/boerse/news/corporate-news/centerpoint-energy-sells-ohio-unit-as-centerpoint-energy-stock-trades/70241515,CenterPoint Energy sells Ohio unit as CenterPoint Energy stock trades below EUR 33.64,"CenterPoint Energy has completed the sale of its Ohio natural gas business for $2.62 billion, consisting of $1.42 billion in cash and a $1.20 billion promissory note. The proceeds will support the company's $66.7 billion, 10-year capital plan. The stock was trading slightly below its prior close at EUR 33.63 on October 6, 2026, while the company reported strong Q2 earnings and maintained its full-year guidance.",TREASURY_YIELDS,Neutral,Low,Short,0.72,10-year,0.3,lead:10-year,0.0141,0.3393,mergers_and_acquisitions | earnings | financial_markets | energy_transportation,52.9,False,confidence 0.72 | event centrality 0.30 | 4 primary/7 transmission exposures,"Treasury-yield moves change financing costs and valuation pressure, especially for long-duration equities, real estate, banks, bonds, and gold.","Watch TLT/IEF direction, QQQ/XLK sensitivity, real-estate response, financials, and gold confirmation.",Rates,Treasury Yield Movement,XLK,Equities,Technology,Technology,Transmission,70,Defined financial transmission exposure,False,,False,True,,,37B example exposure,1.2
AV-3e3e8e0a0b18d38a,2026-10-06T11:36:29.140631+00:00,2026-10-06T10:44:48+00:00,AD HOC NEWS,Financial News,https://www.ad-hoc-news.de/boerse/news/corporate-news/centerpoint-energy-sells-ohio-unit-as-centerpoint-energy-stock-trades/70241515,CenterPoint Energy sells Ohio unit as CenterPoint Energy stock trades below EUR 33.64,"CenterPoint Energy has completed the sale of its Ohio natural gas business for $2.62 billion, consisting of $1.42 billion in cash and a $1.20 billion promissory note. The proceeds will support the company's $66.7 billion, 10-year capital plan. The stock was trading slightly below its prior close at EUR 33.63 on October 6, 2026, while the company reported strong Q2 earnings and maintained its full-year guidance.",TREASURY_YIELDS,Neutral,Low,Short,0.72,10-year,0.3,lead:10-year,0.0141,0.3393,mergers_and_acquisitions | earnings | financial_markets | energy_transportation,52.9,False,confidence 0.72 | event centrality 0.30 | 4 primary/7 transmission exposures,"Treasury-yield moves change financing costs and valuation pressure, especially for long-duration equities, real estate, banks, bonds, and gold.","Watch TLT/IEF direction, QQQ/XLK sensitivity, real-estate response, financials, and gold confirmation.",Rates,Treasury Yield Movement,XLRE,Equities,Real Estate,Real Estate,Transmission,70,Defined financial transmission exposure,False,,True,False,Real Yields,Real Estate Cash Flows,Economic-driver text match,1.2
