Ticker,Price,Return_1W,Return_2W,Return_1M,Return_3M,Return_6M,Return_9M,Return_12M,Momentum_Score,Momentum_Rank,Acceleration_Raw,Acceleration_Score,Acceleration_Rank,Trend_Score,Trend_Structure,Rotation_Readiness_Score,Rotation_Readiness_Rank,Rotation_State,EMA20,MA30,MA50,MA100,MA200,Pct_Above_EMA20,Pct_Above_30,Pct_Above_50,Pct_Above_100,Pct_Above_200,AboveEMA20,Above30,Above50,Above100,Above200,Major_MAs_Above
SMH,617.809998,2.88,10.2,13.31,4.31,57.62,70.05,89.89,90.27476255088195,2,2.0869999999999997,97.01492537313433,3,100.0,Strong Uptrend,94.72812075983717,1,LEADER,587.522207,572.160667,568.838001,583.820301,498.082646,0.051552,0.079784,0.086091,0.058219,0.240376,Yes,True,True,True,True,4
SOXX,576.330017,1.81,11.02,15.27,1.83,70.43,89.34,113.26,88.79918588873812,4,1.6833333333333327,94.02985074626866,5,100.0,Strong Uptrend,93.16858887381275,2,LEADER,547.632694,530.213114,528.755757,548.442635,453.243761,0.052403,0.086978,0.089974,0.050848,0.271567,Yes,True,True,True,True,4
XLK,197.809998,1.59,5.31,7.84,9.66,46.97,36.53,41.08,88.60244233378562,5,0.4698333333333332,89.55223880597015,8,100.0,Strong Uptrend,91.73677069199456,3,LEADER,191.56272,188.202169,185.69937,184.325952,164.290806,0.032612,0.051051,0.065216,0.073153,0.204024,Yes,True,True,True,True,4
IBIT,47.959999,0.31,10.76,9.6,37.54,24.12,-3.75,-26.22,80.74174581637268,9,1.833333333333333,95.52238805970148,4,100.0,Strong Uptrend,89.99050203527815,4,LEADER,45.949446,45.299,41.7434,39.9513,41.923375,0.043756,0.058743,0.148924,0.200462,0.143992,Yes,True,True,True,True,4
ETHE,21.690001,0.09,10.21,11.55,58.43,25.47,-9.32,-35.81,79.90502035278156,12,1.3341666666666667,92.53731343283582,6,100.0,Strong Uptrend,88.71845318860245,5,LEADER,20.73359,20.382172,18.358057,16.675852,18.147021,0.046129,0.064165,0.181498,0.300683,0.195238,Yes,True,True,True,True,4
QQQ,742.030029,0.13,3.61,4.97,4.24,27.26,20.2,24.18,80.80506558118499,8,0.21066666666666645,86.56716417910447,10,100.0,Strong Uptrend,87.33242876526458,6,LEADER,729.50102,721.068378,715.058545,716.520212,666.524875,0.017175,0.02907,0.037719,0.035602,0.113282,Yes,True,True,True,True,4
AIQ,65.669998,-0.47,2.02,4.14,6.18,38.72,27.86,33.08,81.87471732247852,7,-0.8226666666666667,68.65671641791045,22,100.0,Strong Uptrend,82.44063772048847,7,LEADER,64.774456,64.257334,63.0862,63.2959,57.242538,0.013826,0.021984,0.040957,0.037508,0.147224,Yes,True,True,True,True,4
IGV,108.230003,1.01,2.32,1.93,15.67,35.7,1.18,-5.88,78.62279511533242,13,-0.4716666666666668,73.13432835820896,19,100.0,Strong Uptrend,82.32055630936227,8,LEADER,105.616249,105.262667,102.5576,97.697544,93.584034,0.024748,0.02819,0.055309,0.107807,0.156501,Yes,True,True,True,True,4
UUP,28.959999,0.94,2.04,2.66,2.19,4.44,7.06,8.87,66.52985074626865,20,0.7404999999999999,91.04477611940298,7,100.0,Strong Uptrend,82.25186567164178,9,EMERGING,28.492166,28.275,28.2574,28.1661,27.727109,0.01642,0.024226,0.024864,0.028186,0.044465,Yes,True,True,True,True,4
CIBR,103.779999,0.57,2.09,7.88,14.46,64.48,44.04,37.27,89.66417910447761,3,-1.3028333333333337,55.223880597014926,31,100.0,Strong Uptrend,81.9160447761194,10,LEADER,100.540765,98.366253,97.064255,91.844788,79.681377,0.032218,0.055037,0.069189,0.12995,0.302437,Yes,True,True,True,True,4
PDBC,19.559999,-1.21,-0.76,2.68,23.25,14.39,45.75,51.3,79.90615106286751,11,-1.2861666666666667,56.71641791044776,30,100.0,Strong Uptrend,77.97269335142471,11,LEADER,19.345438,19.217,18.5858,17.9231,16.74929,0.011091,0.017849,0.052416,0.091329,0.167811,Yes,True,True,True,True,4
SKYY,166.960007,0.03,1.56,3.88,23.8,51.33,27.1,24.21,86.72659430122118,6,-1.5146666666666666,46.26865671641791,37,100.0,Strong Uptrend,77.90756445047491,12,LEADER,163.397501,162.594667,157.9992,146.6362,132.5713,0.021803,0.026848,0.056714,0.1386,0.259398,Yes,True,True,True,True,4
VOO,702.349976,-0.4,0.45,0.55,2.82,17.25,12.14,16.01,71.43147896879242,16,-0.6020000000000001,71.64179104477611,20,85.0,Strong Uptrend,74.88670284938942,13,LEADER,702.727787,702.234782,699.97561,691.023535,658.498856,-0.000538,0.000164,0.003392,0.016391,0.066593,No,True,True,True,True,4
ARKG,53.169998,-0.67,3.06,13.51,23.91,96.27,83.34,91.47,92.90366350067843,1,-2.368,19.402985074626866,55,100.0,Strong Uptrend,72.62754409769335,14,LEADER,50.84762,49.485,46.2712,41.1453,35.233075,0.045673,0.074467,0.149095,0.29225,0.509093,Yes,True,True,True,True,4
XLE,62.700001,0.16,-2.18,-2.62,18.51,7.73,42.22,44.36,73.59452736318408,14,-1.1941666666666664,59.70149253731343,28,85.0,Uptrend,72.27798507462687,15,LEADER,62.684044,63.234573,61.745647,58.922045,55.781683,0.000255,-0.008454,0.015456,0.064118,0.124025,Yes,False,True,True,True,3
SPY,763.98999,-0.42,0.43,0.54,2.83,17.19,12.07,15.92,70.5257801899593,17,-0.6116666666666668,70.1492537313433,21,70.0,Uptrend,70.28137720488468,16,EMERGING,764.541734,764.015108,761.562876,751.880733,716.558478,-0.000722,-3.3e-05,0.003187,0.016105,0.066193,No,False,True,True,True,3
USO,150.020004,-2.01,-3.41,6.4,44.28,20.9,115.11,103.42,80.61623699683402,10,-2.5701666666666663,16.417910447761194,57,100.0,Strong Uptrend,66.20267978290367,17,WEAKENING,147.183137,144.637667,137.2094,131.3639,114.77535,0.019274,0.037213,0.093365,0.142018,0.307075,Yes,True,True,True,True,4
IBB,205.960007,-1.57,-0.54,-2.3,5.25,21.08,22.06,42.95,71.55020352781547,15,-1.5111666666666668,47.76119402985074,36,70.0,Uptrend,64.02594979647219,18,WATCH,207.753179,209.078594,203.433764,190.794489,180.810595,-0.008631,-0.014916,0.012418,0.079486,0.139093,No,False,True,True,True,3
SHY,81.099998,0.31,-0.02,-0.3,-0.13,0.29,0.52,1.63,54.575983717774754,27,0.06549999999999999,85.07462686567165,11,45.0,Downtrend,61.33158073270013,19,WATCH,81.081923,81.226767,81.275556,81.167423,81.015685,0.000223,-0.001561,-0.00216,-0.000831,0.001041,Yes,False,False,False,True,1
XOP,184.300003,0.14,-3.92,-3.99,19.66,6.34,46.5,42.25,67.60402532790593,19,-1.6764999999999994,37.3134328358209,43,70.0,Uptrend,59.11584124830394,20,WATCH,184.904232,187.634416,182.340695,172.756911,162.074897,-0.003268,-0.017771,0.010745,0.066817,0.137129,No,False,True,True,True,3
BOTZ,35.43,0.6,0.9,0.8,-5.24,4.57,-3.1,0.48,55.21144278606965,24,0.3799999999999999,88.05970149253731,9,30.0,Downtrend,58.76305970149254,21,WATCH,35.386753,35.413167,35.7309,36.889719,36.85653,0.001222,0.000475,-0.008421,-0.03957,-0.038705,Yes,True,False,False,False,1
CPER,39.509998,-2.8,-0.38,1.13,5.95,15.06,12.09,31.7,69.3407960199005,18,-1.4796666666666665,49.25373134328358,35,50.0,Mixed,58.4794776119403,22,WATCH,39.928305,39.882,39.7534,39.1385,37.4153,-0.010476,-0.009328,-0.006123,0.009492,0.055985,No,False,False,True,True,2
DBA,28.129999,-1.47,-1.02,-4.61,5.2,3.8,10.01,8.91,55.11080958842153,25,-1.1398333333333335,61.19402985074627,27,50.0,Mixed,55.658073270013574,23,WATCH,28.493959,28.705,28.336,27.8186,27.107476,-0.012773,-0.020031,-0.00727,0.011194,0.037721,No,False,False,True,True,2
RSP,209.0,-0.6,-1.65,-3.59,-2.38,9.38,9.47,11.94,57.42763455450022,22,-1.045,67.16417910447761,23,30.0,Downtrend,53.491689280868385,24,WATCH,212.257096,214.936428,216.041724,212.258642,204.139729,-0.015345,-0.027619,-0.032594,-0.015352,0.023809,No,False,False,False,True,1
DIA,508.619995,-0.79,-1.65,-3.4,-3.32,10.05,6.33,11.3,55.099502487562184,26,-1.0991666666666666,62.68656716417911,26,30.0,Downtrend,51.100746268656714,25,WATCH,517.763316,522.982084,525.648469,518.453567,499.451431,-0.017659,-0.027462,-0.032395,-0.018967,0.018357,No,False,False,False,True,1
XLV,166.199997,-2.16,-1.17,-2.82,1.89,13.43,8.08,21.42,59.75802804161014,21,-1.5606666666666666,38.80597014925373,42,50.0,Mixed,51.03290366350068,26,WATCH,168.805854,169.649922,167.911098,160.37676,155.437354,-0.015437,-0.020336,-0.010191,0.03631,0.069241,No,False,False,True,True,2
XBI,154.509995,-0.99,-2.36,-5.44,-3.71,20.31,27.12,54.86,55.658073270013574,23,-1.7741666666666667,34.32835820895522,45,50.0,Mixed,47.84464043419268,27,WEAKENING,157.661136,160.264666,158.008399,150.441694,138.579707,-0.019987,-0.035907,-0.022141,0.027042,0.114954,No,False,False,True,True,2
PAVE,53.040001,-0.06,0.25,-1.63,-7.19,2.79,9.96,12.31,51.22116689280868,30,-0.010166666666666657,82.08955223880598,13,0.0,Strong Downtrend,47.6763907734057,28,WATCH,53.599457,54.111333,55.5518,56.176253,54.263701,-0.010438,-0.019799,-0.045215,-0.055829,-0.022551,No,False,False,False,False,0
IWM,279.019989,-0.94,-2.25,-3.72,-5.99,12.36,13.26,16.49,53.12867480777929,28,-1.3426666666666667,53.73134328358209,32,30.0,Downtrend,47.527306648575305,29,WATCH,284.804566,288.955409,292.216655,291.009294,274.96547,-0.020311,-0.034384,-0.045161,-0.041199,0.014746,No,False,False,False,True,1
XLI,168.639999,-0.11,0.05,-2.11,-8.06,3.09,8.67,10.59,48.60357304387154,32,-0.09466666666666668,80.59701492537313,14,0.0,Strong Downtrend,46.050712347354136,30,WATCH,170.701133,172.429362,176.687802,176.64099,171.405901,-0.012075,-0.021976,-0.045548,-0.045295,-0.016137,No,False,False,False,False,0
TIP,104.309998,0.01,-1.32,-2.34,-3.0,-2.25,-2.05,-1.93,47.30212573496156,35,-0.319,79.1044776119403,15,0.0,Strong Downtrend,45.01729986431479,31,WATCH,105.238364,106.041,106.398073,106.971808,107.044848,-0.008822,-0.016324,-0.019625,-0.024883,-0.025549,No,False,False,False,False,0
AIRR,104.379997,-0.02,-1.58,-1.57,-17.1,-7.76,4.89,8.06,37.90705563093623,45,0.06416666666666648,83.5820895522388,12,0.0,Strong Downtrend,42.13280189959294,32,WATCH,106.346995,107.494666,112.7718,120.0411,117.07303,-0.018496,-0.028975,-0.074414,-0.130465,-0.10842,No,False,False,False,False,0
VIXY,17.08,1.07,0.59,-4.04,-19.55,-49.12,-32.94,-47.12,27.84373586612393,54,2.2296666666666667,98.50746268656717,2,0.0,Strong Downtrend,42.081919945725915,33,LAGGING,17.187914,17.344667,18.421,20.7812,24.6883,-0.006278,-0.015259,-0.072797,-0.178103,-0.308174,No,False,False,False,False,0
PEJ,61.82,-0.29,-0.41,-4.29,-7.96,5.59,0.47,2.61,43.588873812754414,38,-0.4576666666666668,74.6268656716418,18,0.0,Strong Downtrend,42.003052917232026,34,WATCH,62.997375,64.106768,65.367449,64.571828,62.444921,-0.018689,-0.035671,-0.054269,-0.042617,-0.010008,No,False,False,False,False,0
IEF,89.300003,-0.09,-1.8,-2.71,-4.12,-4.1,-4.64,-3.43,41.52985074626866,41,-0.4071666666666667,77.61194029850746,16,0.0,Strong Downtrend,41.97201492537313,35,WATCH,90.301369,91.06897,91.568862,92.154556,92.858165,-0.011089,-0.019424,-0.024778,-0.030976,-0.038318,No,False,False,False,False,0
KRE,69.949997,-1.4,-3.29,-3.13,-6.23,7.46,8.76,13.14,48.595658073270016,33,-1.5438333333333336,40.298507462686565,41,30.0,Downtrend,41.45759837177748,36,WATCH,71.765709,72.71092,74.081297,72.77167,69.803485,-0.025301,-0.037971,-0.055767,-0.038774,0.002099,No,False,False,False,True,1
PPH,108.139999,-2.35,-2.84,-5.25,-2.6,4.29,6.02,22.65,43.097014925373145,39,-1.7771666666666666,32.83582089552239,46,30.0,Downtrend,36.74440298507463,37,WATCH,110.769834,112.102354,111.703778,108.386359,105.883505,-0.023741,-0.035346,-0.031904,-0.002273,0.021311,No,False,False,False,True,1
WEAT,24.719999,-3.32,-5.79,-11.71,10.31,8.28,23.11,20.29,48.34464043419268,34,-3.4768333333333334,5.970149253731343,64,50.0,Mixed,36.04613297150611,38,WATCH,25.661502,26.236333,25.5248,24.5196,23.15995,-0.036689,-0.057795,-0.03153,0.008173,0.06736,No,False,False,True,True,2
ONLN,54.139999,-0.68,-2.47,-5.28,-3.08,1.61,-9.04,-10.62,37.14721845318861,46,-1.0878333333333337,64.17910447761194,25,0.0,Strong Downtrend,35.96997964721845,39,WATCH,55.55681,56.631333,57.5698,56.837912,57.175579,-0.025502,-0.043992,-0.059576,-0.047467,-0.053092,No,False,False,False,False,0
CORN,18.98,-3.56,-4.29,-6.46,12.57,4.4,7.05,8.77,45.10402532790593,36,-2.8196666666666665,8.955223880597014,62,50.0,Mixed,35.48337856173677,40,WATCH,19.577706,19.766667,19.0522,18.3129,18.13095,-0.03053,-0.039798,-0.00379,0.036428,0.046829,No,False,False,True,True,2
COPX,83.400002,-3.3,-3.71,-6.54,8.81,7.08,15.43,43.2,51.689280868385346,29,-2.627333333333333,14.925373134328357,58,30.0,Downtrend,35.23778833107191,41,WATCH,86.9796,89.569667,87.102,84.389965,82.569216,-0.041154,-0.068881,-0.042502,-0.011731,0.010062,No,False,False,False,True,1
XLY,108.809998,-1.37,-2.1,-4.83,-6.89,-0.49,-9.03,-8.44,32.43215739484396,50,-1.0463333333333336,65.67164179104478,24,0.0,Strong Downtrend,34.29596336499321,42,LAGGING,111.332289,113.097061,114.152874,115.340093,115.959042,-0.022656,-0.037906,-0.046805,-0.056616,-0.061651,No,False,False,False,False,0
XLU,39.68,0.81,-4.12,-6.08,-12.65,-12.76,-5.71,-6.41,22.822252374491182,59,-0.4548333333333335,76.11940298507463,17,0.0,Strong Downtrend,33.10583446404342,43,LAGGING,40.69812,41.532334,42.547582,43.469225,43.798704,-0.025016,-0.0446,-0.067397,-0.08717,-0.094037,No,False,False,False,False,0
AMLP,52.259998,-2.13,-5.0,-6.44,2.29,4.21,17.32,20.54,44.3973315241972,37,-2.3895,17.91044776119403,56,30.0,Downtrend,32.85193351424695,44,WATCH,53.819301,54.676333,54.461689,53.105928,50.857631,-0.028973,-0.044193,-0.040426,-0.015929,0.027574,No,False,False,False,True,1
XLF,53.459999,-1.96,-3.99,-6.21,-3.54,8.89,-1.93,0.8,39.73993668023519,44,-2.1333333333333333,23.88059701492537,52,30.0,Downtrend,32.547150610583444,45,WATCH,55.290626,56.329408,56.691819,54.914126,53.32804,-0.033109,-0.05094,-0.057007,-0.02648,0.002474,No,False,False,False,True,1
SLX,101.809998,-2.88,-6.05,-6.03,3.69,9.21,19.34,42.68,50.67390321121665,31,-3.0465,7.462686567164178,63,30.0,Downtrend,32.542062415196746,46,WATCH,105.525635,107.172334,107.093,105.8812,100.155669,-0.035211,-0.050035,-0.049331,-0.038451,0.016518,No,False,False,False,True,1
GLD,382.76001,-2.28,-3.92,-3.53,1.22,-12.58,-4.04,7.68,36.28222523744911,48,-1.4415,52.23880597014925,33,0.0,Strong Downtrend,31.998643147896875,47,WATCH,392.80479,401.614001,396.120201,394.3549,416.2336,-0.025572,-0.046946,-0.033728,-0.029402,-0.08042,No,False,False,False,False,0
XLP,80.330002,-1.68,-3.15,-5.15,-4.86,-0.05,4.77,5.31,36.90072365445499,47,-1.4663333333333333,50.74626865671642,34,0.0,Strong Downtrend,31.82920624151967,48,WATCH,82.458084,83.442214,83.983059,83.646492,82.666206,-0.025808,-0.037298,-0.043498,-0.039649,-0.028261,No,False,False,False,False,0
XLC,109.940002,-3.55,-1.82,-0.52,0.64,-0.58,-6.21,-5.97,42.212799638172775,40,-1.5373333333333332,41.7910447761194,40,0.0,Strong Downtrend,31.53307327001357,49,WATCH,111.924611,112.002638,111.087146,111.296684,113.142745,-0.017732,-0.018416,-0.010327,-0.01219,-0.028307,No,False,False,False,False,0
KBE,63.639999,-1.79,-4.02,-4.41,-6.73,7.06,5.65,9.64,40.42401628222523,43,-1.8856666666666668,29.850746268656714,48,0.0,Strong Downtrend,27.14603120759837,50,WATCH,65.725646,66.769359,67.997476,66.708644,64.145755,-0.031733,-0.046868,-0.064083,-0.046001,-0.007884,No,False,False,False,False,0
BATT,14.33,-2.12,-3.04,-7.31,-5.29,-4.72,3.24,12.35,29.867706919945725,53,-1.516,44.776119402985074,38,0.0,Strong Downtrend,26.873303934871096,51,LAGGING,14.789117,15.1875,15.06798,15.51434,15.423676,-0.031044,-0.056461,-0.048977,-0.076338,-0.070909,No,False,False,False,False,0
ITA,208.039993,-2.22,-2.73,-7.62,-16.08,-6.8,-3.59,-0.33,18.241745816372685,63,-1.2348333333333334,58.2089552238806,29,0.0,Strong Downtrend,25.671472184531886,52,LAGGING,216.107968,220.960893,231.22478,231.874139,230.075877,-0.037333,-0.058476,-0.100269,-0.102789,-0.095777,No,False,False,False,False,0
XLB,48.540001,-2.29,-3.84,-6.35,-6.24,-3.0,7.51,10.28,30.791497060153773,52,-1.7605,35.82089552238806,44,0.0,Strong Downtrend,24.602442333785618,53,LAGGING,50.145165,51.136391,51.389737,51.044882,50.216525,-0.03201,-0.050774,-0.055453,-0.049072,-0.033386,No,False,False,False,False,0
REZ,87.68,-1.59,-3.79,-6.51,-9.49,5.92,6.38,5.5,32.42876526458617,51,-1.7891666666666666,31.343283582089555,47,0.0,Strong Downtrend,23.995929443690642,54,LAGGING,90.397594,91.956113,93.428753,92.754416,88.955974,-0.030063,-0.046502,-0.061531,-0.054708,-0.014344,No,False,False,False,False,0
TLT,77.709999,-1.76,-4.59,-4.7,-8.04,-7.8,-8.47,-8.7,23.955223880597014,57,-1.5165,43.28358208955223,39,0.0,Strong Downtrend,23.764925373134325,55,LAGGING,79.839002,80.819666,81.23959,82.54487,83.761743,-0.026666,-0.038477,-0.043447,-0.058573,-0.072249,No,False,False,False,False,0
IAI,176.289993,-2.65,-3.41,-7.64,-4.07,7.51,-1.76,0.87,34.65513342379014,49,-2.212,22.388059701492537,53,0.0,Strong Downtrend,22.311227951153324,56,LAGGING,183.349413,187.814279,187.907505,185.153013,179.673273,-0.038503,-0.06136,-0.061826,-0.047869,-0.01883,No,False,False,False,False,0
OIH,381.119995,-3.32,-4.86,-10.72,5.98,-3.8,32.85,49.18,41.38398914518318,42,-2.7199999999999998,10.44776119402985,61,0.0,Strong Downtrend,21.757123473541384,57,WATCH,397.749631,408.340668,403.754199,404.735799,387.593967,-0.041809,-0.066662,-0.056059,-0.058349,-0.016703,No,False,False,False,False,0
VNQ,89.169998,-2.19,-4.12,-6.6,-8.24,1.93,2.79,1.23,25.56761646313885,56,-1.944,28.35820895522388,49,0.0,Strong Downtrend,20.012890094979646,58,LAGGING,92.329435,94.018718,95.589234,95.627008,92.721659,-0.034219,-0.051572,-0.067154,-0.067523,-0.038305,No,False,False,False,False,0
XLRE,40.68,-2.33,-4.47,-6.85,-8.19,1.05,2.31,-0.03,23.611488014473085,58,-2.0574999999999997,25.37313432835821,51,0.0,Strong Downtrend,18.23710990502035,59,LAGGING,42.207008,43.003414,43.694443,43.793294,42.517863,-0.036179,-0.054029,-0.068989,-0.071091,-0.043226,No,False,False,False,False,0
AWAY,16.735001,-0.36,-5.35,-12.38,-9.76,3.24,-19.77,-24.84,21.111488014473093,61,-2.009833333333333,26.865671641791046,50,0.0,Strong Downtrend,17.559871099050206,60,LAGGING,17.549075,18.3068,18.82732,18.22966,18.21939,-0.046388,-0.085859,-0.111132,-0.081991,-0.081473,No,False,False,False,False,0
SLV,55.02,-4.51,-6.7,-5.01,0.0,-19.25,-20.24,29.86,27.394843962008146,55,-2.636833333333333,13.432835820895523,59,0.0,Strong Downtrend,16.357530529172323,61,LAGGING,57.529627,59.034667,57.687,59.3484,65.93085,-0.043623,-0.068005,-0.046232,-0.072932,-0.165489,No,False,False,False,False,0
SRVR,28.17,-3.4,-5.5,-6.07,-7.58,-8.41,0.77,-6.96,20.625282677521483,62,-2.2918333333333334,20.8955223880597,54,0.0,Strong Downtrend,15.550033921302578,62,LAGGING,29.433725,29.998268,30.353443,31.31064,31.175146,-0.042935,-0.060946,-0.071934,-0.100306,-0.096396,No,False,False,False,False,0
UNG,10.16,-12.03,-1.65,-3.97,-12.26,-11.03,-22.56,-22.26,21.16236996834012,60,-3.6479999999999997,4.477611940298507,65,0.0,Strong Downtrend,10.866350067842607,63,LAGGING,10.525467,10.456333,10.2798,10.7955,11.3658,-0.034722,-0.02834,-0.011654,-0.058867,-0.10609,No,False,False,False,False,0
KBWD,10.99,-2.83,-6.65,-9.98,-8.53,-6.04,-11.06,-7.28,13.364993215739483,64,-2.6670000000000003,11.940298507462686,60,0.0,Strong Downtrend,9.596336499321573,64,LAGGING,11.563379,11.87795,11.973634,11.945753,12.159085,-0.049586,-0.074756,-0.08215,-0.080008,-0.096149,No,False,False,False,False,0
BETZ,16.322001,-6.38,-13.53,-14.28,-14.32,-10.18,-23.06,-28.51,5.862731795567616,65,-5.432500000000001,2.9850746268656714,66,0.0,Strong Downtrend,3.5337516960651287,65,LAGGING,17.896131,18.693,18.89252,18.96714,18.982061,-0.087959,-0.126839,-0.13606,-0.139459,-0.140135,No,False,False,False,False,0
LITP,8.9,-9.0,-12.85,-25.71,-27.88,-34.15,-27.64,6.35,4.223202170963365,66,-5.595,1.4925373134328357,67,0.0,Strong Downtrend,2.348202170963365,66,LAGGING,10.086433,10.800733,10.78004,12.29756,13.10043,-0.117627,-0.175982,-0.1744,-0.276279,-0.320633,No,False,False,False,False,0
DRAM,62.029999,2.16,7.36,12.66,2.31,,,,,,3.660625,100.0,1,100.0,Uptrend,,,WATCH,59.647922,58.488667,56.3178,59.1535,,0.039936,0.060547,0.101428,0.048628,,Yes,True,True,True,,3
