Ticker,Price,EMA20,MA30,MA50,MA100,MA200,AboveEMA20,Above30,Above50,Above100,Above200,Pct_Above_EMA20,Pct_Above_30,Pct_Above_50,Pct_Above_100,Pct_Above_200,Major_MAs_Above,Trend_Structure
AIQ,66.669998,65.415544,64.756001,63.7652,63.4798,57.584806,Yes,True,True,True,True,0.019177,0.029557,0.045555,0.050255,0.157771,4,Strong Uptrend
AIRR,104.480003,106.333448,106.537,111.6466,119.0927,117.2194,No,False,False,False,False,-0.01743,-0.019308,-0.06419,-0.1227,-0.10868,0,Strong Downtrend
AMLP,52.360001,53.499102,54.417333,54.392578,53.134653,51.026607,No,False,False,False,True,-0.021292,-0.037807,-0.037369,-0.014579,0.026131,1,Downtrend
ARKG,50.139999,51.542058,50.068333,47.4796,42.0872,35.708825,No,True,True,True,True,-0.027202,0.001431,0.056032,0.191336,0.404135,4,Strong Uptrend
AWAY,16.635,17.282446,17.8529,18.7057,18.21559,18.13432,No,False,False,False,False,-0.037463,-0.068219,-0.110699,-0.086771,-0.082679,0,Strong Downtrend
BATT,14.54,14.746945,15.0249,15.11036,15.38889,15.449236,No,False,False,False,False,-0.014033,-0.032273,-0.037746,-0.055163,-0.058853,0,Strong Downtrend
BETZ,16.450001,17.432943,18.2616,18.6779,18.89338,18.89521,No,False,False,False,False,-0.056384,-0.099203,-0.11928,-0.129325,-0.129409,0,Strong Downtrend
BOTZ,35.669998,35.589993,35.4505,35.8831,36.683442,36.868843,Yes,True,False,False,False,0.002248,0.006192,-0.005939,-0.027627,-0.032516,1,Downtrend
CIBR,106.57,102.488692,100.080613,98.482659,93.056792,80.368812,Yes,True,True,True,True,0.039822,0.064842,0.082119,0.145215,0.326012,4,Strong Uptrend
COPX,83.580002,86.469457,88.460667,87.7338,84.226645,82.940817,No,False,False,False,True,-0.033416,-0.055173,-0.047345,-0.007677,0.007707,1,Downtrend
CORN,19.049999,19.398493,19.748,19.122,18.3218,18.1572,No,False,False,True,True,-0.017965,-0.035345,-0.003765,0.039745,0.049171,2,Mixed
CPER,39.810001,39.891675,39.850333,39.864,39.1295,37.54875,No,False,False,True,True,-0.002047,-0.001012,-0.001355,0.017391,0.060222,2,Mixed
DBA,28.49,28.501584,28.729333,28.3774,27.8199,27.17109,No,False,True,True,True,-0.000406,-0.008331,0.003968,0.024087,0.048541,3,Uptrend
DIA,511.019989,515.934324,520.498783,525.091113,519.144975,500.183048,No,False,False,False,True,-0.009525,-0.018211,-0.026797,-0.015651,0.021666,1,Downtrend
DRAM,60.009998,59.979415,59.062,56.9434,59.4362,,Yes,True,True,True,,0.00051,0.016051,0.053853,0.009654,,3,Uptrend
ETHE,20.620001,20.924232,20.633677,18.842299,16.790022,18.10968,No,False,True,True,True,-0.01454,-0.000663,0.094346,0.22811,0.138618,3,Uptrend
GLD,375.880005,388.358454,395.762668,396.728601,392.2804,415.87505,No,False,False,False,False,-0.032131,-0.050239,-0.052551,-0.041808,-0.096171,0,Strong Downtrend
IAI,175.860001,181.188937,185.627908,187.05822,185.120373,179.682584,No,False,False,False,False,-0.029411,-0.052621,-0.059865,-0.050024,-0.021274,0,Strong Downtrend
IBB,203.339996,206.774302,207.959124,204.708977,192.130123,181.55701,No,False,False,True,True,-0.016609,-0.022212,-0.006687,0.058345,0.119979,2,Mixed
IBIT,47.209999,46.617529,45.890667,42.665,40.0356,41.908125,Yes,True,True,True,True,0.012709,0.028749,0.106528,0.1792,0.126512,4,Strong Uptrend
IEF,89.110001,89.891011,90.618245,91.316205,92.005288,92.77159,No,False,False,False,False,-0.008688,-0.016644,-0.02416,-0.031469,-0.039469,0,Strong Downtrend
IGV,109.839996,107.01461,106.248333,104.1852,98.496017,93.66728,Yes,True,True,True,True,0.026402,0.033804,0.054276,0.115172,0.172661,4,Strong Uptrend
ITA,203.600006,212.942142,217.131607,228.434579,231.141694,230.066234,No,False,False,False,False,-0.043872,-0.06232,-0.108716,-0.119155,-0.115037,0,Strong Downtrend
IWM,277.700012,283.486665,286.696158,291.365587,290.954918,275.634068,No,False,False,False,True,-0.020412,-0.031379,-0.046902,-0.045557,0.007495,1,Downtrend
KBE,62.889999,65.079967,66.178214,67.581934,66.791271,64.199138,No,False,False,False,False,-0.03365,-0.049687,-0.069426,-0.05841,-0.020392,0,Strong Downtrend
KBWD,10.64,11.302886,11.669772,11.890409,11.891597,12.125789,No,False,False,False,False,-0.058647,-0.088243,-0.105161,-0.105251,-0.122531,0,Strong Downtrend
KRE,68.889999,71.168936,72.149633,73.654438,72.88746,69.890276,No,False,False,False,False,-0.032022,-0.045179,-0.064686,-0.054844,-0.014312,0,Strong Downtrend
LITP,8.84,9.719908,10.402,10.67696,11.95524,13.05673,No,False,False,False,False,-0.090526,-0.150163,-0.172049,-0.260575,-0.322955,0,Strong Downtrend
OIH,381.540009,394.364594,405.161003,404.1292,402.7671,389.694755,No,False,False,False,False,-0.03252,-0.0583,-0.055896,-0.052703,-0.020926,0,Strong Downtrend
ONLN,55.509998,55.389989,56.048667,57.5112,56.7518,57.098617,Yes,False,False,False,False,0.002167,-0.009611,-0.034797,-0.021881,-0.027822,0,Strong Downtrend
PAVE,53.290001,53.720099,53.843,55.2748,56.070925,54.381683,No,False,False,False,False,-0.008006,-0.010271,-0.035908,-0.049597,-0.020074,0,Strong Downtrend
PDBC,19.41,19.360688,19.341,18.7288,17.9511,16.876555,Yes,True,True,True,True,0.002547,0.003568,0.036372,0.081271,0.150116,4,Strong Uptrend
PEJ,62.66,62.891824,63.366023,65.105835,64.717986,62.482609,No,False,False,False,True,-0.003686,-0.011142,-0.037567,-0.031799,0.002839,1,Downtrend
PPH,109.489998,109.986436,111.062442,111.490477,108.70823,106.057743,No,False,False,True,True,-0.004514,-0.014158,-0.017943,0.007191,0.032362,2,Mixed
QQQ,757.72998,738.286013,727.225635,720.902858,718.262639,669.538539,Yes,True,True,True,True,0.026337,0.041946,0.051085,0.054948,0.13172,4,Strong Uptrend
REZ,86.050003,89.305739,90.804795,92.543693,92.616535,89.060697,No,False,False,False,False,-0.036456,-0.052363,-0.070169,-0.0709,-0.033805,0,Strong Downtrend
RSP,210.600006,211.838658,213.651317,215.814414,212.614439,204.569743,No,False,False,False,True,-0.005847,-0.014282,-0.024162,-0.009475,0.029478,1,Downtrend
SHY,81.160004,81.0911,81.169051,81.274173,81.172883,81.026792,Yes,False,False,False,True,0.00085,-0.000111,-0.001405,-0.000159,0.001644,1,Downtrend
SKYY,170.779999,165.593332,163.98,160.886199,148.3592,133.3837,Yes,True,True,True,True,0.031322,0.041468,0.061496,0.151125,0.280366,4,Strong Uptrend
SLV,53.82,56.613284,58.042667,57.8842,58.4257,65.84945,No,False,False,False,False,-0.04934,-0.072751,-0.070213,-0.07883,-0.182681,0,Strong Downtrend
SLX,102.43,105.017357,106.757667,107.139,105.6878,100.56372,No,False,False,False,True,-0.024637,-0.040537,-0.043952,-0.030825,0.018558,1,Downtrend
SMH,625.030029,601.624248,582.038668,574.888403,586.157001,503.757726,Yes,True,True,True,True,0.038904,0.073863,0.08722,0.066318,0.240735,4,Strong Uptrend
SOXX,582.820007,560.762836,539.859374,534.077817,550.902498,459.152146,Yes,True,True,True,True,0.039334,0.079577,0.091264,0.057937,0.26934,4,Strong Uptrend
SPY,777.219971,768.164483,765.703583,764.583772,753.358528,718.669519,Yes,True,True,True,True,0.011788,0.01504,0.016527,0.031673,0.081471,4,Strong Uptrend
SRVR,28.719999,29.168911,29.673115,30.206192,31.090676,31.194765,No,False,False,False,False,-0.01539,-0.032121,-0.049202,-0.07625,-0.079333,0,Strong Downtrend
TIP,104.239998,104.87439,105.606667,106.190123,106.816584,107.00138,No,False,False,False,False,-0.006049,-0.012941,-0.018364,-0.024122,-0.025807,0,Strong Downtrend
TLT,77.150002,78.983251,80.192388,80.810671,82.298001,83.616128,No,False,False,False,False,-0.023211,-0.037939,-0.045299,-0.062553,-0.077331,0,Strong Downtrend
UNG,11.03,10.590003,10.536667,10.3142,10.7807,11.3336,Yes,True,True,True,False,0.041548,0.046821,0.069399,0.023125,-0.026788,3,Uptrend
USO,143.910004,146.439779,146.392334,138.3844,131.4857,116.3301,No,False,True,True,True,-0.017275,-0.016957,0.039929,0.094492,0.237083,3,Uptrend
UUP,29.040001,28.646356,28.412,28.2874,28.225,27.765815,Yes,True,True,True,True,0.013742,0.022103,0.026606,0.028875,0.04589,4,Strong Uptrend
VIXY,16.190001,16.915614,17.099667,18.0152,20.3548,24.4439,No,False,False,False,False,-0.042896,-0.053198,-0.101314,-0.20461,-0.337667,0,Strong Downtrend
VNQ,88.690002,91.328617,92.859395,94.783793,95.42019,92.787439,No,False,False,False,False,-0.028891,-0.0449,-0.064291,-0.070532,-0.044159,0,Strong Downtrend
VOO,714.340027,706.081844,703.802724,702.762631,692.393228,660.444961,Yes,True,True,True,True,0.011696,0.014972,0.016474,0.031697,0.081604,4,Strong Uptrend
WEAT,24.9,25.465351,26.180666,25.5296,24.5252,23.2611,No,False,False,True,True,-0.022201,-0.048917,-0.024662,0.015282,0.070457,2,Mixed
XBI,150.229996,156.028211,158.576998,158.181799,151.160893,139.219841,No,False,False,False,True,-0.037161,-0.052637,-0.05027,-0.006158,0.079085,1,Downtrend
XLB,48.98,49.857474,50.633933,51.244344,50.951534,50.315493,No,False,False,False,False,-0.0176,-0.032665,-0.044187,-0.038694,-0.026542,0,Strong Downtrend
XLC,111.260002,111.699941,111.960314,111.431932,111.119303,113.067914,No,False,False,True,False,-0.003939,-0.006255,-0.001543,0.001266,-0.01599,1,Downtrend
XLE,63.360001,62.909576,63.311652,62.142411,59.181464,56.183692,Yes,True,True,True,True,0.00716,0.000764,0.019594,0.070605,0.127729,4,Strong Uptrend
XLF,53.75,54.796567,55.828892,56.478003,55.029389,53.326674,No,False,False,False,True,-0.019099,-0.037237,-0.048302,-0.023249,0.007938,1,Downtrend
XLI,167.839996,170.404527,171.228462,175.710551,176.496261,171.732801,No,False,False,False,False,-0.01505,-0.019789,-0.044793,-0.049045,-0.022668,0,Strong Downtrend
XLK,201.389999,194.710028,190.761462,187.803883,185.28966,165.496943,Yes,True,True,True,True,0.034307,0.055716,0.072342,0.086893,0.21688,4,Strong Uptrend
XLP,81.699997,82.082624,82.843747,83.733658,83.567249,82.745193,No,False,False,False,False,-0.004661,-0.013806,-0.024287,-0.022344,-0.012632,0,Strong Downtrend
XLRE,40.57,41.737347,42.463733,43.334538,43.682162,42.547983,No,False,False,False,False,-0.027969,-0.044596,-0.063795,-0.071246,-0.046488,0,Strong Downtrend
XLU,41.150002,40.662956,41.20911,42.142996,43.315787,43.77213,Yes,False,False,False,False,0.011978,-0.001434,-0.023563,-0.05,-0.059904,0,Strong Downtrend
XLV,168.809998,168.361236,168.820166,168.256617,161.296625,155.746029,Yes,False,True,True,True,0.002665,-6e-05,0.003289,0.046581,0.08388,3,Uptrend
XLY,111.360001,111.20606,112.217893,114.213279,115.04486,115.763954,Yes,False,False,False,False,0.001384,-0.007645,-0.024982,-0.03203,-0.038043,0,Strong Downtrend
XOP,188.240005,185.727827,187.836834,183.673317,173.547694,163.331757,Yes,True,True,True,True,0.013526,0.002146,0.024863,0.084659,0.152501,4,Strong Uptrend
