Ticker,Price,EMA20,MA30,Pct_Above_EMA20,Pct_Above_MA30,EMA20_vs_MA30_Pct,EMA20_Slope_5D_Pct,MA30_Slope_5D_Pct,Above_EMA20,Above_MA30,EMA20_Above_MA30,Price_Cross_EMA20_Today,Price_Cross_MA30_Today,EMA20_Cross_MA30_Today,Return_1W,Return_1M,Acceleration_Score,Momentum_Score,Early_Rotation_Score,Early_Rotation_Rank,Early_Rotation_State,Rotation_Readiness_Score,Rotation_State
UNG,10.9315,10.622527,10.55405,2.9086581752157503,3.5763522060251685,0.6488220161928293,0.9221443571102217,0.9345245603788577,True,True,True,False,False,False,7.59,8.34,95.52238805970148,61.16010854816825,95.0,1,EARLY ENTRY,73.67876526458616,EMERGING
CIBR,107.210098,102.938349,100.532373,4.149813010892567,6.642362853605377,2.393235062699639,2.3846884395598344,2.2020966885868853,True,True,True,False,False,False,3.31,13.48,76.11940298507463,93.40682948891904,93.88059701492537,2,EARLY ENTRY,89.86889416553596,LEADER
QQQ,755.440002,739.919727,728.719318,2.0975619967488868,3.666800555436911,1.5369990507099418,1.4281963581078916,1.0610560986214823,True,True,True,False,False,False,1.81,5.57,86.56716417910447,82.78720036182723,90.44776119402985,3,EARLY ENTRY,88.22438941655359,LEADER
IGV,110.279999,107.325599,106.511333,2.7527449439159524,3.5382770019412035,0.7644876625476194,1.6184536150303908,1.1862382320219966,True,True,True,False,False,False,1.89,8.3,71.64179104477611,83.96992311171415,89.62686567164178,4,EARLY ENTRY,84.2790027137042,LEADER
XLK,200.610001,195.27193,191.360899,2.733660183519482,4.833329090913208,2.0437984041870694,1.936290109056693,1.6783706674496468,True,True,True,False,False,False,1.42,6.91,74.6268656716418,86.53776571687021,89.17910447761196,5,EARLY ENTRY,86.33005427408413,LEADER
SPY,775.960022,768.906915,766.096171,0.9172900987631127,1.2875473567665052,0.3668917958865592,0.5709539199595826,0.27238505864728424,True,True,True,False,False,False,1.57,2.03,85.07462686567165,74.4109000452284,85.59701492537314,6,EARLY ENTRY,84.00729308005428,LEADER
VOO,713.25,706.764525,704.164594,0.9176288241122377,1.29023896932825,0.3692220571942073,0.5744383635707839,0.27481008481291536,True,True,True,False,False,False,1.55,2.03,83.5820895522388,75.53369516056082,85.44776119402985,7,EARLY ENTRY,84.06478968792402,LEADER
SKYY,170.889999,166.097777,164.347333,2.885181298964623,3.9809991927280075,1.065088169091255,1.652580965727246,1.077935723439194,True,True,True,False,False,False,2.35,8.06,49.25373134328358,92.20149253731344,85.29850746268657,8,BUILDING,81.26679104477613,LEADER
SMH,619.789978,603.354318,584.172666,2.724047795743134,6.097052134240055,3.283558631961059,2.6947255459230712,2.0994101294977696,True,True,True,False,False,False,0.32,7.92,64.17910447761194,81.85888738127544,85.1865671641791,9,EARLY ENTRY,81.09023066485753,LEADER
XLE,64.980003,63.10676,63.408948,2.9683713757448382,2.4776550464139513,-0.47656996296484566,0.6743598099701487,0.27575895863169997,True,True,False,False,False,False,3.64,0.09,94.02985074626866,85.8016734509272,84.59701492537314,10,EARLY ENTRY,91.81970827679784,LEADER
XOP,192.429993,186.366129,188.12692,3.253737163795467,2.2873244296988338,-0.935959085493987,0.7906238727948711,0.2624806314850181,True,True,False,False,False,False,4.41,-0.93,98.50746268656717,86.3285843509724,84.29850746268656,11,EARLY ENTRY,93.40010176390774,LEADER
UUP,28.995001,28.67956,28.4445,1.0998808907807467,1.9353512981419962,0.826381198474202,0.6577035947354704,0.5994694960212321,True,True,True,False,False,False,0.12,3.63,82.08955223880598,65.79262777023972,82.61194029850748,12,EARLY ENTRY,79.23354816824967,EMERGING
SOXX,575.440002,562.160661,541.871931,2.3621967742065264,6.194834808669958,3.74419283216203,2.652866996286374,2.198892613584058,True,True,True,False,False,False,-0.15,8.24,40.298507462686565,78.65445499773858,78.73134328358209,13,BUILDING,72.48405698778834,LEADER
AIQ,66.190002,65.489302,64.860001,1.069945744726386,2.050571969618087,0.9702451284266944,1.1035924408226538,0.9378960540130654,True,True,True,False,False,False,0.79,3.24,41.7910447761194,79.73541383989145,77.76119402985074,14,BUILDING,73.41824966078697,LEADER
PDBC,19.7166,19.394584,19.39222,1.6603398144554138,1.6727326732060677,0.012190455760086039,0.254044390207131,0.9117968465421233,True,True,True,False,False,False,0.8,0.59,44.776119402985074,81.77521483491633,75.18656716417911,15,BUILDING,75.23168249660787,LEADER
XLP,82.684998,82.139993,82.743036,0.6635074828895915,-0.07014245887715376,-0.7288142049803437,-0.3857608430484438,-0.8379188021065742,True,False,False,True,False,False,2.93,0.22,92.53731343283582,63.2722749886929,67.58955223880598,16,BUILDING,59.98371777476255,WATCH
XLC,111.790001,111.708518,111.945311,0.07294251276344088,-0.13873738758026777,-0.2115256082499073,-0.19307013718368182,-0.05118361587161946,True,False,False,True,False,False,1.68,1.2,80.59701492537313,53.56852103120761,67.14179104477613,17,BUILDING,62.03493894165537,WATCH
IBIT,46.705002,46.62586,45.9655,0.16973842412773,1.6088196582219272,1.4366426994158799,1.472083036648586,1.471334908055355,True,True,True,False,False,False,-2.62,5.45,13.432835820895525,63.90660334690185,66.49253731343283,18,BUILDING,57.78782225237449,WEAKENING
XLU,41.044998,40.699341,41.137529,0.8492938497456359,-0.22493086543919905,-1.0651782220560735,0.003000138581321643,-0.9505967085789102,True,False,False,False,False,False,3.44,-3.71,100.0,37.67526006331976,66.26119402985074,19,BUILDING,50.70386702849389,WATCH
USO,149.25,146.707419,147.122334,1.7330964018936301,1.4461883129178732,-0.2820204035099194,-0.3232150161332714,1.7178561100546608,True,True,False,True,True,False,-0.51,-0.48,14.925373134328357,76.78991406603348,65.27611940298507,20,BUILDING,64.03307327001357,WEAKENING
XLY,111.230003,111.20834,112.028809,0.019479654133847113,-0.7130362333852891,-0.7323732237481728,-0.11133248145108743,-0.9445444386923518,True,False,False,False,False,False,2.22,-0.88,91.04477611940298,47.583672546359125,61.992537313432834,21,BUILDING,52.4760854816825,WATCH
ONLN,55.560001,55.406181,55.931333,0.27762245515532413,-0.6639069374584805,-0.9389227322724514,-0.2711260779731606,-1.2360648477054093,True,False,False,False,False,False,2.62,-0.36,97.01492537313432,50.62754409769335,61.3955223880597,22,BUILDING,55.63687245590231,WATCH
SHY,81.119904,81.093843,81.15429,0.03213684175751297,-0.04237114267157116,-0.07448404760856953,0.014701180681186976,-0.08922797579766772,True,False,False,False,False,False,0.02,-0.33,77.61194029850746,53.51537765716871,60.14179104477611,23,BUILDING,58.61550203527816,WATCH
BOTZ,35.02,35.535708,35.430167,-1.4512388496663586,-1.157677297992965,0.29788456825508014,0.42093435359835674,0.04800474354635931,False,False,True,False,False,False,-1.16,-0.45,55.223880597014926,41.38625056535505,51.25373134328359,24,EARLY WATCH,35.19097693351425,WATCH
PEJ,62.849998,62.88784,63.192415,-0.06017379512477383,-0.5418640828966592,-0.4819803136183354,-0.17387232404525443,-1.4262971422923765,False,False,False,False,False,False,1.67,0.07,89.55223880597015,56.13975576662144,48.58208955223881,25,NO SIGNAL,59.62856173677069,WATCH
PAVE,53.060001,53.657233,53.738,-1.1130503132727676,-1.2616751646879254,-0.15029774089099224,0.10779213677480914,-0.6899349531825472,False,False,False,False,False,False,0.04,-2.09,79.1044776119403,45.65694255992764,47.55223880597015,26,EARLY WATCH,44.27696743554952,WATCH
DBA,28.355,28.487624,28.7215,-0.4655495312631208,-1.2760475601900967,-0.8142889473042758,-0.02223278274527951,0.05748127503919509,False,False,False,False,False,False,0.8,-2.22,59.70149253731343,59.61329715061059,46.992537313432834,27,NO SIGNAL,57.2364314789688,WATCH
CPER,39.77,39.880087,39.840666,-0.2760450347061627,-0.17737153289555385,0.09894663909484347,-0.12076144980358583,-0.10364074018354152,False,False,True,False,False,False,0.66,-3.12,38.80597014925373,64.56354590682949,43.38805970149254,28,NO SIGNAL,53.19538670284939,WATCH
ARKG,48.91,51.291386,50.050333,-4.642857574564285,-2.2783724535858862,2.479609875922306,0.87273701305981,1.1424330605233957,False,False,True,False,False,False,-8.01,5.61,1.4925373134328357,74.53980099502488,43.04477611940299,29,NO SIGNAL,51.490671641791046,WEAKENING
AIRR,104.330002,106.142643,106.259,-1.707740592063467,-1.815373756575922,-0.10950319502347483,-0.19215587614863638,-1.149513781455902,False,False,False,False,False,False,-0.05,-2.07,88.05970149253731,30.975802804161017,42.6865671641791,30,NO SIGNAL,40.357021709633656,LAGGING
ETHE,20.264999,20.861448,20.646406,-2.8590968373815695,-1.847328779643287,1.041546891986922,0.6166708225637807,1.2963976557552215,False,False,True,False,False,False,-6.57,2.25,4.477611940298507,57.55088195386703,42.5223880597015,31,NO SIGNAL,44.74118046132971,WEAKENING
RSP,210.304993,211.692594,213.285543,-0.6554792370299101,-1.3974458643922216,-0.7468621537091158,-0.2659520037907148,-0.7680805973010796,False,False,False,False,False,False,0.62,-1.65,70.1492537313433,59.01854364540931,42.38805970149254,32,NO SIGNAL,55.103120759837175,WATCH
TIP,104.217697,104.811848,105.496923,-0.5668738900586834,-1.212571858612399,-0.6493791292851214,-0.4052856617953515,-0.5130817325374126,False,False,False,False,False,False,-0.09,-2.42,73.13432835820896,42.15626413387607,40.0,33,NO SIGNAL,40.91061736770692,WATCH
DIA,510.0,515.369151,519.732068,-1.0418068271222491,-1.8725163597178796,-0.8394550324341443,-0.46240548941787196,-0.6214396414335188,False,False,False,False,False,False,0.27,-2.46,58.2089552238806,53.55269109000453,37.23880597014926,34,NO SIGNAL,49.06139755766622,WATCH
AMLP,52.8699,53.439178,54.33033,-1.065282104451526,-2.6880565606724582,-1.6402477216685418,-0.7062949405455932,-0.6328204197600495,False,False,False,False,False,False,1.17,-5.91,56.71641791044776,58.082315694256,37.014925373134325,35,NO SIGNAL,50.65196743554952,WATCH
IEF,89.029999,89.809009,90.497036,-0.8674074112097196,-1.6210884520018842,-0.7602757288094897,-0.5452409032691286,-0.628022914940185,False,False,False,False,False,False,-0.3,-2.79,68.65671641791045,37.29308005427408,36.417910447761194,36,NO SIGNAL,37.37890094979648,WATCH
DRAM,58.4095,59.8299,59.129317,-2.374063804218296,-1.2173605861200754,1.1848318829727145,0.30508690646424697,1.0953404015858315,False,False,True,False,False,False,-5.84,-5.15,2.985074626865672,,36.32835820895522,37,NO SIGNAL,,WATCH
XLB,48.945,49.770572,50.484629,-1.6587552982111564,-3.0496985528010834,-1.4144047686276862,-0.7470171850067597,-1.2745561179708709,False,False,False,False,False,False,0.83,-4.32,67.16417910447761,43.03595658073271,36.19402985074627,38,NO SIGNAL,39.515434192673,WATCH
XLI,167.735001,170.150286,170.824408,-1.419500993374756,-1.808527853935249,-0.39462861770901414,-0.3226967450766782,-0.9307892701012177,False,False,False,False,False,False,-0.54,-2.1,62.68656716417911,39.82473993668023,35.373134328358205,39,NO SIGNAL,36.72710312075984,WATCH
BATT,14.47,14.72057,14.9749,-1.7021759347633947,-3.3716418807471116,-1.6983752813040431,-0.4634962317222824,-1.3998353909465022,False,False,False,False,False,False,0.98,-8.24,65.67164179104478,36.36137494346449,34.17910447761194,40,NO SIGNAL,36.064111261872455,WATCH
XLV,165.830002,168.120166,168.585221,-1.3622184979284468,-1.6343182300659564,-0.27585751422419813,-0.4061991831160072,-0.6275870848912124,False,False,False,False,False,False,-0.22,-0.07,31.343283582089555,62.808683853459975,32.23880597014926,41,NO SIGNAL,50.166892808683855,WEAKENING
WEAT,24.9533,25.416584,26.112777,-1.8227626497722915,-4.440266923736235,-2.6661009665881252,-0.9544180227642141,-0.47093471484752625,False,False,False,False,False,False,0.94,-5.05,32.83582089552239,64.65174129353235,31.56716417910448,42,NO SIGNAL,51.44402985074628,WEAKENING
OIH,385.549988,393.525108,404.516669,-2.026584794177866,-4.688726683844024,-2.717208422380235,-1.062106076473024,-0.936472729676785,False,False,False,False,False,False,1.16,-10.2,53.73134328358209,45.41836273179557,31.417910447761194,43,NO SIGNAL,36.55766621438264,WATCH
SRVR,28.3799,29.093767,29.577304,-2.453676761761381,-4.048387912569728,-1.634824458645734,-1.1549948231153184,-1.4032943501938067,False,False,False,False,False,False,0.75,-7.62,61.19402985074627,24.17232021709634,29.253731343283583,44,NO SIGNAL,29.235753052917232,LAGGING
XLF,53.654999,54.687846,55.682241,-1.8886225652405497,-3.64073349705879,-1.7858386841865692,-1.090202885386038,-1.14889721546515,False,False,False,False,False,False,0.36,-5.63,43.28358208955223,43.350293984622354,28.35820895522388,45,NO SIGNAL,39.99270691994573,WATCH
SLX,102.139999,104.743323,106.542334,-2.4854319353606935,-4.132005405475714,-1.6885410075585527,-0.7413478251042882,-0.5878382755012179,False,False,False,False,False,False,0.32,-8.06,28.35820895522388,51.51854364540932,27.05223880597015,46,NO SIGNAL,39.19080732700136,WATCH
PPH,107.559998,109.755347,110.797812,-2.0002205450637467,-2.9222725084137924,-0.9408714677506369,-0.9158513318707318,-1.1637061608893662,False,False,False,False,False,False,-0.54,-2.0,35.82089552238806,49.74559023066486,26.044776119402982,47,NO SIGNAL,40.6317842605156,WATCH
TLT,77.290001,78.821989,80.01375,-1.9436048486419222,-3.4041011701113844,-1.4894452515973766,-1.2738298006280124,-0.9971780878183734,False,False,False,False,False,False,-0.54,-5.05,50.74626865671642,26.824966078697425,25.970149253731343,48,NO SIGNAL,27.295115332428765,LAGGING
CORN,18.959999,19.356731,19.712333,-2.049581615821394,-3.8165649900496312,-1.803956944112095,-1.1287073163730121,-0.2748768924978662,False,False,False,False,False,False,-0.11,-4.39,19.402985074626866,55.48846675712348,24.92537313432836,49,NO SIGNAL,43.29070556309362,WEAKENING
BETZ,16.674999,17.360758,18.164967,-3.95005218090132,-8.202426131575146,-4.427252744252163,-2.991557225413688,-2.8247632803723333,False,False,False,False,False,False,2.16,-13.25,52.23880597014925,16.735639981908637,24.626865671641788,50,NO SIGNAL,23.20267978290366,LAGGING
IWM,275.909912,282.765069,285.954778,-2.4243295058485326,-3.5127463406119275,-1.1154592423001874,-0.7161040388657391,-1.038440848151767,False,False,False,False,False,False,-1.11,-4.82,26.86567164179105,44.094301221166894,22.68656716417911,51,NO SIGNAL,35.402137042062414,WATCH
KRE,68.864998,70.949513,71.973211,-2.938025804349065,-4.318569307683118,-1.422331984048908,-1.137306397962301,-1.0145780028639417,False,False,False,False,False,False,-1.55,-5.71,23.88059701492537,31.23134328358209,18.35820895522388,52,NO SIGNAL,21.218283582089555,LAGGING
XLRE,40.380001,41.608076,42.319278,-2.951530371171207,-4.582490750432933,-1.6805626976906352,-1.4190344883010964,-1.5908876444088893,False,False,False,False,False,False,-0.74,-6.2,37.3134328358209,25.685210312075984,18.35820895522388,52,NO SIGNAL,22.75237449118046,LAGGING
IBB,197.957596,205.934616,207.383763,-3.8735692691897916,-4.545277250080559,-0.6987755352862335,-0.8753478568912731,-0.8106190918808376,False,False,False,False,False,False,-3.89,-3.66,8.955223880597014,56.061736770692,17.761194029850746,54,NO SIGNAL,40.4143487109905,WEAKENING
VNQ,88.309998,91.04113,92.544325,-2.99988807256677,-4.575458300657553,-1.6242973299551378,-1.395335084634719,-1.5681909213014489,False,False,False,False,False,False,-0.96,-6.18,29.850746268656717,25.5359565807327,17.23880597014925,55,NO SIGNAL,20.44640434192673,LAGGING
AWAY,16.620001,17.219356,17.7391,-3.48070508560252,-6.308657147205898,-2.929934438613002,-1.8788397679079805,-3.101033495750205,False,False,False,False,False,False,-0.69,-7.23,46.26865671641791,23.37177747625509,17.16417910447761,56,NO SIGNAL,24.397896879240164,LAGGING
GLD,378.079987,387.379553,394.321334,-2.4006341914489138,-4.118810117435833,-1.7604375927577909,-1.3811534732048547,-1.8158398317393298,False,False,False,False,False,False,-1.22,-6.27,34.32835820895522,28.341248303934872,16.567164179104477,57,NO SIGNAL,23.052069199457257,LAGGING
KBE,62.785,64.861399,65.993938,-3.2012861763897615,-4.862473883586105,-1.7161258053732031,-1.3149311609656822,-1.1613425853017278,False,False,False,False,False,False,-1.34,-6.69,22.388059701492537,27.63116236996834,16.11940298507463,58,NO SIGNAL,19.150440976933517,LAGGING
IAI,175.389999,180.636657,184.99326,-2.904536702093652,-5.191141017786272,-2.3550063391498566,-1.4795553231468417,-1.5020258390470942,False,False,False,False,False,False,-0.51,-8.22,25.37313432835821,29.839439167797384,15.932835820895523,59,NO SIGNAL,21.039687924016285,LAGGING
COPX,83.110001,86.149509,88.046334,-3.5281779725523377,-5.606517359371265,-2.1543486410234958,-0.9543513651476987,-1.7007241971771503,False,False,False,False,False,False,-0.35,-12.76,16.417910447761194,48.29488919041158,15.671641791044776,60,NO SIGNAL,34.158073270013574,WATCH
VIXY,16.344999,16.86127,17.050167,-3.061874935873754,-4.135842188525174,-1.1078894417866803,-1.9004284056808651,-1.6979282450334865,False,False,False,False,False,False,-4.3,-6.92,47.76119402985074,8.736996834011759,15.223880597014924,61,NO SIGNAL,18.260006784260515,LAGGING
REZ,86.055,88.996145,90.484858,-3.3048004495026095,-4.895689840171924,-1.645262017209559,-1.5503167042255517,-1.5999534473580934,False,False,False,False,False,False,-1.85,-6.18,17.91044776119403,28.389868837630036,12.53731343283582,62,NO SIGNAL,18.14857530529172,LAGGING
ITA,203.580002,212.050509,216.047396,-3.994570463398417,-5.770675430867023,-1.8500047091518645,-1.8775147615103127,-2.223695303403761,False,False,False,False,False,False,-2.14,-7.12,20.8955223880597,12.945499773857984,10.746268656716417,63,NO SIGNAL,12.094131614654003,LAGGING
XBI,147.089996,155.176952,157.866998,-5.211441451691867,-6.826633898492185,-1.7039951567331402,-1.5756476599280589,-1.4960677608126138,False,False,False,False,False,False,-4.8,-7.71,5.970149253731343,36.00180913613749,7.462686567164178,64,NO SIGNAL,25.491858887381277,WATCH
SLV,53.314999,56.299162,57.766833,-5.300546036546693,-7.7065571519214116,-2.5406810859788576,-2.1388370899745213,-2.1476093021749465,False,False,False,False,False,False,-3.1,-12.2,10.44776119402985,20.059927634554494,6.26865671641791,65,NO SIGNAL,12.16129579375848,LAGGING
KBWD,10.63,11.238802,11.613881,-5.4169652601762985,-8.471595326316827,-3.2295750231985276,-2.806939044374479,-2.223186660997911,False,False,False,False,False,False,-3.28,-11.71,11.940298507462686,9.799864314789687,6.119402985074626,66,NO SIGNAL,7.992028493894165,LAGGING
LITP,8.64,9.617059,10.292833,-10.159644440155757,-16.05809595861508,-6.565481048803578,-4.653518245746547,-4.702458620169569,False,False,False,False,False,False,-2.92,-24.08,7.462686567164178,3.746042514699231,4.029850746268656,67,NO SIGNAL,3.924525101763908,LAGGING
