Ticker,Decision_Support_State,Decision_Priority,Detection_State,Signal_Window,Price_EMA20_Last_Cross,Price_EMA20_Last_Cross_Date,Days_Since_Price_EMA20_Cross,ML_Signal_Date,ML_Quality,ML_Percentile_Display,ML_Daily_PctRank,ML_Early_Leader_Probability,Early_Rotation_State,Early_Rotation_Score,Early_Rotation_Rank,Rotation_State,Rotation_Readiness_Score,Rotation_Readiness_Rank,Confirmation_State,Momentum_Score,Momentum_Rank,Acceleration_Score,Acceleration_Rank,Trend_Score,Price,EMA20,MA30,MA50,MA100,MA200,Above_EMA20,Above_MA30,Above_MA50,Above_MA100,Above_MA200,Distance_To_EMA20,Distance_To_MA50,Distance_To_MA200,EMA20_Slope_5D_Pct,MA30_Slope_5D_Pct,Structure_State,Structure_History_Status,Initial_Risk_Reference,Long_Term_Structural_Reference,Earned_Protection_Status,Earned_Protection_Framework,Return_1W,Return_1M,Return_3M,Research_Note,Pct_Above_EMA20,Pct_Above_30,Pct_Above_50,Pct_Above_100,Pct_Above_200,EMA20_Zone,EMA20_Above_MA30
DRAM,▲ NEW DETECTION,3,▲ DAY 0 DETECTION,DAY 0 — DETECTION,CROSS ABOVE,2026-10-07,0,2026-09-04,★★ ELITE,100th percentile,1.0,0.6485486471767851,BUILDING,67.68656716417911,18,WATCH,,,▲ EARLY CONFIRMATION,,,4.477611940298507,65,100.0,60.01,59.979,59.062,56.943,59.436,,True,True,True,True,,0.000516847563313716,0.053860878422282044,,0.98,1.378,▲ POSITIVE AVAILABLE STRUCTURE,MA200 NOT YET AVAILABLE,MA50 — diversified portfolio research reference,MA200 — wider structural trend reference,POSITION DATA REQUIRED,+5% peak→MA100 | +10% peak→MA50 | +20% peak→MA30,-0.58,-1.78,-6.76,Current walk-forward RF candidate ranking available | MA200 unavailable because current price history is insufficient for that measure | All currently available meaningful moving-average structure is positive,0.001,0.016,0.054,0.01,,NEAR EMA20,True
XLV,▲ NEW DETECTION,3,▲ DAY 0 DETECTION,DAY 0 — DETECTION,CROSS ABOVE,2026-10-07,0,,— NO CURRENT ML SIGNAL,No current ML signal,,,NO SIGNAL,52.96268656716418,23,WATCH,67.9728629579376,16.0,— NOT CONFIRMED,69.99773857982814,16.0,50.74626865671642,34,85.0,168.81,168.361,168.82,168.257,161.297,155.746,True,False,True,True,True,0.002666888412399704,0.003286638891695448,0.08388016385653563,-0.425,-0.661,▲ POSITIVE STRUCTURE,FULL LONG-TERM HISTORY AVAILABLE,MA50 — diversified portfolio research reference,MA200 — wider structural trend reference,POSITION DATA REQUIRED,+5% peak→MA100 | +10% peak→MA50 | +20% peak→MA30,0.23,1.39,4.49,No exceptional current research condition,0.003,-0.0,0.003,0.047,0.084,NEAR EMA20,False
ONLN,▲ NEW DETECTION,3,▲ DAY 0 DETECTION,DAY 0 — DETECTION,CROSS ABOVE,2026-10-07,0,,— NO CURRENT ML SIGNAL,No current ML signal,,,BUILDING,61.99253731343283,19,WATCH,53.03883989145183,27.0,● DEVELOPING,45.849163274536416,38.0,95.52238805970148,4,15.0,55.51,55.39,56.049,57.511,56.752,57.099,True,False,False,False,False,0.002166456038996234,-0.03479334388204003,-0.027828858649013077,-0.567,-1.375,▼ STRUCTURAL CAUTION,FULL LONG-TERM HISTORY AVAILABLE,MA50 — diversified portfolio research reference,MA200 — wider structural trend reference,POSITION DATA REQUIRED,+5% peak→MA100 | +10% peak→MA50 | +20% peak→MA30,2.4,-2.39,-3.11,Below wider MA200 structural reference,0.002,-0.01,-0.035,-0.022,-0.028,NEAR EMA20,False
IGV,▲ EARLY WATCH,4,▲ FRESH EMA20 CROSS,DAY 5 — LATE EARLY WINDOW,CROSS ABOVE,2026-09-30,5,2026-09-04,● MODERATE,77th percentile,0.7692307692307693,0.524435329332719,EARLY ENTRY,90.59701492537312,7,LEADER,85.28850067842605,9.0,▲ CONFIRMED LEADER,83.22817729534147,7.0,76.11940298507463,17,100.0,109.84,107.015,106.248,104.185,98.496,93.667,True,True,True,True,True,0.02639816848105414,0.05427844699332929,0.17266486596133102,1.589,1.11,▲ FULL BULL STRUCTURE,FULL LONG-TERM HISTORY AVAILABLE,MA50 — diversified portfolio research reference,MA200 — wider structural trend reference,POSITION DATA REQUIRED,+5% peak→MA100 | +10% peak→MA50 | +20% peak→MA30,3.16,6.99,17.0,Current walk-forward RF candidate ranking available | Confirmed leadership already present,0.026,0.034,0.054,0.115,0.173,NEAR EMA20,True
VOO,▲ EARLY WATCH,4,▲ DAY 3 CONFIRMATION,DAY 3 — CONFIRMATION WINDOW,CROSS ABOVE,2026-10-02,3,2026-09-04,— LOW,15th percentile,0.1538461538461538,0.1502483040380217,EARLY ENTRY,84.85074626865672,10,LEADER,82.77594979647219,11.0,▲ CONFIRMED LEADER,76.64970601537766,13.0,77.61194029850746,16,100.0,714.34,706.082,703.803,702.763,692.393,660.445,True,True,True,True,True,0.011695525448885524,0.016473547981325165,0.08160406998311731,0.472,0.21,▲ FULL BULL STRUCTURE,FULL LONG-TERM HISTORY AVAILABLE,MA50 — diversified portfolio research reference,MA200 — wider structural trend reference,POSITION DATA REQUIRED,+5% peak→MA100 | +10% peak→MA50 | +20% peak→MA30,1.92,1.72,3.69,Current walk-forward RF candidate ranking available | Confirmed leadership already present,0.012,0.015,0.016,0.032,0.082,NEAR EMA20,True
SPY,▲ EARLY WATCH,4,▲ DAY 3 CONFIRMATION,DAY 3 — CONFIRMATION WINDOW,CROSS ABOVE,2026-10-02,3,2026-09-04,— LOW,8th percentile,0.0769230769230769,0.1494214580491297,EARLY ENTRY,84.55223880597015,11,LEADER,82.81919945725916,10.0,▲ CONFIRMED LEADER,75.75079149706016,14.0,79.1044776119403,15,100.0,777.22,768.164,765.704,764.584,753.359,718.67,True,True,True,True,True,0.011789149192099613,0.01652663409121824,0.08146993752348108,0.466,0.207,▲ FULL BULL STRUCTURE,FULL LONG-TERM HISTORY AVAILABLE,MA50 — diversified portfolio research reference,MA200 — wider structural trend reference,POSITION DATA REQUIRED,+5% peak→MA100 | +10% peak→MA50 | +20% peak→MA30,1.91,1.72,3.65,Current walk-forward RF candidate ranking available | Confirmed leadership already present,0.012,0.015,0.017,0.032,0.081,NEAR EMA20,True
XOP,▲ EARLY WATCH,4,▲ DAY 3 CONFIRMATION,DAY 3 — CONFIRMATION WINDOW,CROSS ABOVE,2026-10-02,3,,— NO CURRENT ML SIGNAL,No current ML signal,,,EARLY ENTRY,81.98507462686567,14,LEADER,90.49932157394844,1.0,▲ CONFIRMED LEADER,80.87743102668476,8.0,97.01492537313432,3,100.0,188.24,185.728,187.837,183.673,173.548,163.332,True,True,True,True,True,0.013525155065472028,0.0248648413212611,0.1524992040751354,0.411,0.085,▲ FULL BULL STRUCTURE,FULL LONG-TERM HISTORY AVAILABLE,MA50 — diversified portfolio research reference,MA200 — wider structural trend reference,POSITION DATA REQUIRED,+5% peak→MA100 | +10% peak→MA50 | +20% peak→MA30,4.97,-2.54,18.52,Confirmed leadership already present,0.014,0.002,0.025,0.085,0.153,NEAR EMA20,False
XLE,▲ EARLY WATCH,4,▲ DAY 4 CONFIRMATION,DAY 4 — CONFIRMATION WINDOW,CROSS ABOVE,2026-10-01,4,,— NO CURRENT ML SIGNAL,No current ML signal,,,EARLY ENTRY,80.19402985074626,15,LEADER,86.95997286295794,6.0,▲ CONFIRMED LEADER,79.97738579828132,10.0,86.56716417910447,10,100.0,63.36,62.91,63.312,62.142,59.181,56.184,True,True,True,True,True,0.007153075822603716,0.019600270348556492,0.12772319521571984,0.362,0.095,▲ FULL BULL STRUCTURE,FULL LONG-TERM HISTORY AVAILABLE,MA50 — diversified portfolio research reference,MA200 — wider structural trend reference,POSITION DATA REQUIRED,+5% peak→MA100 | +10% peak→MA50 | +20% peak→MA30,3.02,-1.6,16.27,Confirmed leadership already present,0.007,0.001,0.02,0.071,0.128,NEAR EMA20,False
SKYY,▲ EARLY WATCH,4,▲ FRESH EMA20 CROSS,DAY 5 — LATE EARLY WINDOW,CROSS ABOVE,2026-09-30,5,,— NO CURRENT ML SIGNAL,No current ML signal,,,EARLY ENTRY,89.02985074626866,8,LEADER,86.95234056987789,7.0,▲ CONFIRMED LEADER,91.90072365445502,2.0,68.65671641791045,22,100.0,170.78,165.593,163.98,160.886,148.359,133.384,True,True,True,True,True,0.03132378784127354,0.06149696058078402,0.28036346188448413,1.577,0.972,▲ FULL BULL STRUCTURE,FULL LONG-TERM HISTORY AVAILABLE,MA50 — diversified portfolio research reference,MA200 — wider structural trend reference,POSITION DATA REQUIRED,+5% peak→MA100 | +10% peak→MA50 | +20% peak→MA30,4.14,6.99,20.39,Confirmed leadership already present,0.031,0.041,0.061,0.151,0.28,NEAR EMA20,True
UNG,▲ EARLY WATCH,4,▲ DAY 2 CONFIRMATION,DAY 2 — CONFIRMATION WINDOW,CROSS ABOVE,2026-10-05,2,,— NO CURRENT ML SIGNAL,No current ML signal,,,EARLY ENTRY,92.53731343283582,3,EMERGING,75.02611940298507,14.0,▲ EMERGING CONFIRMATION,61.16915422885572,22.0,100.0,1,70.0,11.03,10.59,10.537,10.314,10.781,11.334,True,True,True,True,False,0.041548630783758256,0.06942020554585993,-0.026821951649902975,0.247,0.816,▼ STRUCTURAL CAUTION,FULL LONG-TERM HISTORY AVAILABLE,MA50 — diversified portfolio research reference,MA200 — wider structural trend reference,POSITION DATA REQUIRED,+5% peak→MA100 | +10% peak→MA50 | +20% peak→MA30,6.36,5.45,1.85,Below wider MA200 structural reference,0.042,0.047,0.069,0.023,-0.027,NEAR EMA20,True
PDBC,▲ EARLY WATCH,4,▲ DAY 1 CONFIRMATION,DAY 1 — CONFIRMATION WINDOW,CROSS ABOVE,2026-10-06,1,,— NO CURRENT ML SIGNAL,No current ML signal,,,BUILDING,72.72388059701493,17,LEADER,72.52170963364993,15.0,▲ CONFIRMED LEADER,77.74310266847581,12.0,41.7910447761194,40,100.0,19.41,19.361,19.341,18.729,17.951,16.877,True,True,True,True,True,0.0025308610092453776,0.0363607240108923,0.15008591574331942,0.196,0.86,▲ FULL BULL STRUCTURE,FULL LONG-TERM HISTORY AVAILABLE,MA50 — diversified portfolio research reference,MA200 — wider structural trend reference,POSITION DATA REQUIRED,+5% peak→MA100 | +10% peak→MA50 | +20% peak→MA30,0.57,0.57,18.21,Confirmed leadership already present,0.003,0.004,0.036,0.081,0.15,NEAR EMA20,True
BOTZ,▲ EARLY WATCH,4,▲ DAY 4 CONFIRMATION,DAY 4 — CONFIRMATION WINDOW,CROSS ABOVE,2026-10-01,4,,— NO CURRENT ML SIGNAL,No current ML signal,,,EARLY ENTRY,84.92537313432835,9,WATCH,58.511702849389415,20.0,▲ EARLY CONFIRMATION,52.66282225237449,29.0,91.04477611940298,7,30.0,35.67,35.59,35.45,35.883,36.683,36.869,True,True,False,False,False,0.002247822422028589,-0.0059359585318953245,-0.03252054571591301,0.587,0.016,▼ STRUCTURAL CAUTION,FULL LONG-TERM HISTORY AVAILABLE,MA50 — diversified portfolio research reference,MA200 — wider structural trend reference,POSITION DATA REQUIRED,+5% peak→MA100 | +10% peak→MA50 | +20% peak→MA30,1.25,0.17,-2.62,Below wider MA200 structural reference,0.002,0.006,-0.006,-0.028,-0.033,NEAR EMA20,True
SHY,▲ EARLY WATCH,4,▲ DAY 2 CONFIRMATION,DAY 2 — CONFIRMATION WINDOW,CROSS ABOVE,2026-10-05,2,,— NO CURRENT ML SIGNAL,No current ML signal,,,EARLY WATCH,58.87313432835821,22,WATCH,57.18215739484397,22.0,● DEVELOPING,52.320217096336506,31.0,74.6268656716418,18,45.0,81.16,81.091,81.169,81.274,81.173,81.027,True,False,False,False,True,0.0008508959070674393,-0.0014026625981249374,0.0016414281659200558,0.014,-0.09,● LONG-TERM TREND INTACT,FULL LONG-TERM HISTORY AVAILABLE,MA50 — diversified portfolio research reference,MA200 — wider structural trend reference,POSITION DATA REQUIRED,+5% peak→MA100 | +10% peak→MA50 | +20% peak→MA30,0.25,-0.32,-0.02,Below MA50 while broader MA200 structure remains intact,0.001,-0.0,-0.001,-0.0,0.002,NEAR EMA20,False
XLK,● ESTABLISHED LEADER,5,▲ ESTABLISHED ABOVE EMA20,OUTSIDE BULLISH EARLY WINDOW,CROSS ABOVE,2026-09-17,14,2026-09-04,★ VERY HIGH,92nd percentile,0.9230769230769232,0.5493451655368173,EARLY ENTRY,92.8358208955224,2,LEADER,89.94623473541384,2.0,▲ CONFIRMED LEADER,89.59859791949343,3.0,82.08955223880598,13,100.0,201.39,194.71,190.761,187.804,185.29,165.497,True,True,True,True,True,0.034307431564891244,0.07234137718046463,0.21688006429119544,1.993,1.619,▲ FULL BULL STRUCTURE,FULL LONG-TERM HISTORY AVAILABLE,MA50 — diversified portfolio research reference,MA200 — wider structural trend reference,POSITION DATA REQUIRED,+5% peak→MA100 | +10% peak→MA50 | +20% peak→MA30,2.88,7.32,8.78,Current walk-forward RF candidate ranking available | Confirmed leadership already present,0.034,0.056,0.072,0.087,0.217,NEAR EMA20,True
QQQ,● ESTABLISHED LEADER,5,▲ ESTABLISHED ABOVE EMA20,OUTSIDE BULLISH EARLY WINDOW,CROSS ABOVE,2026-09-17,14,2026-09-04,— LOW,46th percentile,0.4615384615384615,0.3620797418866223,EARLY ENTRY,90.97014925373134,6,LEADER,89.32089552238806,4.0,▲ CONFIRMED LEADER,83.23383084577114,6.0,89.55223880597015,8,100.0,757.73,738.286,727.226,720.903,718.263,669.539,True,True,True,True,True,0.02633667711428922,0.05108454258062456,0.13171898873702648,1.388,0.979,▲ FULL BULL STRUCTURE,FULL LONG-TERM HISTORY AVAILABLE,MA50 — diversified portfolio research reference,MA200 — wider structural trend reference,POSITION DATA REQUIRED,+5% peak→MA100 | +10% peak→MA50 | +20% peak→MA30,2.43,5.59,4.87,Current walk-forward RF candidate ranking available | Confirmed leadership already present,0.026,0.042,0.051,0.055,0.132,NEAR EMA20,True
SMH,● ESTABLISHED LEADER,5,▲ ESTABLISHED ABOVE EMA20,OUTSIDE BULLISH EARLY WINDOW,CROSS ABOVE,2026-09-17,14,,— NO CURRENT ML SIGNAL,No current ML signal,,,EARLY ENTRY,94.25373134328358,1,LEADER,89.69843962008142,3.0,▲ CONFIRMED LEADER,88.05291723202171,4.0,83.5820895522388,12,100.0,625.03,601.624,582.039,574.888,586.157,503.758,True,True,True,True,True,0.038904697950879585,0.08722046729101995,0.24073463845735454,2.959,2.065,▲ FULL BULL STRUCTURE,FULL LONG-TERM HISTORY AVAILABLE,MA50 — diversified portfolio research reference,MA200 — wider structural trend reference,POSITION DATA REQUIRED,+5% peak→MA100 | +10% peak→MA50 | +20% peak→MA30,2.63,8.94,2.85,Confirmed leadership already present,0.039,0.074,0.087,0.066,0.241,NEAR EMA20,True
CIBR,● ESTABLISHED LEADER,5,▲ ESTABLISHED ABOVE EMA20,OUTSIDE BULLISH EARLY WINDOW,CROSS ABOVE,2026-09-14,17,,— NO CURRENT ML SIGNAL,No current ML signal,,,EARLY ENTRY,92.23880597014926,5,LEADER,87.91044776119402,5.0,▲ CONFIRMED LEADER,93.03482587064676,1.0,70.1492537313433,21,100.0,106.57,102.489,100.081,98.483,93.057,80.369,True,True,True,True,True,0.03981890739493976,0.08211569509458472,0.32600878448157866,2.284,2.028,▲ FULL BULL STRUCTURE,FULL LONG-TERM HISTORY AVAILABLE,MA50 — diversified portfolio research reference,MA200 — wider structural trend reference,POSITION DATA REQUIRED,+5% peak→MA100 | +10% peak→MA50 | +20% peak→MA30,3.38,13.36,13.06,Confirmed leadership already present,0.04,0.065,0.082,0.145,0.326,NEAR EMA20,True
SOXX,● ESTABLISHED LEADER,5,▲ ESTABLISHED ABOVE EMA20,OUTSIDE BULLISH EARLY WINDOW,CROSS ABOVE,2026-09-17,14,,— NO CURRENT ML SIGNAL,No current ML signal,,,EARLY ENTRY,92.46268656716418,4,LEADER,85.59226594301221,8.0,▲ CONFIRMED LEADER,85.89326096788783,5.0,73.13432835820896,19,100.0,582.82,560.763,539.859,534.078,550.902,459.152,True,True,True,True,True,0.03933390755096178,0.09126382288729373,0.2693400006969371,2.966,2.185,▲ FULL BULL STRUCTURE,FULL LONG-TERM HISTORY AVAILABLE,MA50 — diversified portfolio research reference,MA200 — wider structural trend reference,POSITION DATA REQUIRED,+5% peak→MA100 | +10% peak→MA50 | +20% peak→MA30,2.49,10.37,0.26,Confirmed leadership already present,0.039,0.08,0.091,0.058,0.269,NEAR EMA20,True
AIQ,● ESTABLISHED LEADER,5,● NEAR EMA20,OUTSIDE BULLISH EARLY WINDOW,CROSS ABOVE,2026-09-17,14,,— NO CURRENT ML SIGNAL,No current ML signal,,,EARLY ENTRY,84.06716417910448,13,LEADER,80.15807327001357,13.0,▲ CONFIRMED LEADER,80.78245137946631,9.0,62.68656716417911,26,100.0,66.67,65.416,64.756,63.765,63.48,57.585,True,True,True,True,True,0.019169622110798645,0.045557907943229115,0.15776677954328377,1.137,0.916,▲ FULL BULL STRUCTURE,FULL LONG-TERM HISTORY AVAILABLE,MA50 — diversified portfolio research reference,MA200 — wider structural trend reference,POSITION DATA REQUIRED,+5% peak→MA100 | +10% peak→MA50 | +20% peak→MA30,2.32,3.65,4.45,Confirmed leadership already present,0.019,0.03,0.046,0.05,0.158,NEAR EMA20,True
PPH,● PULLBACK / REVIEW,6,● NEAR EMA20,OUTSIDE BULLISH EARLY WINDOW,CROSS BELOW,2026-09-08,21,2026-09-04,▲ HIGH,85th percentile,0.8461538461538461,0.5414900511828025,NO SIGNAL,33.2089552238806,40,WATCH,55.14162143826323,23.0,— NOT CONFIRMED,58.938263229308006,25.0,53.73134328358209,32,50.0,109.49,109.986,111.062,111.49,108.708,106.058,False,False,False,True,True,-0.004509664866437668,-0.017938828594492806,0.03235965226574122,-0.955,-1.185,● LONG-TERM TREND INTACT,FULL LONG-TERM HISTORY AVAILABLE,MA50 — diversified portfolio research reference,MA200 — wider structural trend reference,POSITION DATA REQUIRED,+5% peak→MA100 | +10% peak→MA50 | +20% peak→MA30,0.35,-0.52,0.2,Current walk-forward RF candidate ranking available | Below MA50 while broader MA200 structure remains intact,-0.005,-0.014,-0.018,0.007,0.032,NEAR EMA20,False
COPX,● PULLBACK / REVIEW,6,▼ BELOW EMA20,OUTSIDE BULLISH EARLY WINDOW,CROSS BELOW,2026-09-23,10,2026-09-04,● MODERATE,62nd percentile,0.6153846153846154,0.5022142302229864,NO SIGNAL,12.313432835820894,61,WATCH,31.435379918588875,48.0,— NOT CONFIRMED,45.2295341474446,39.0,11.940298507462686,60,30.0,83.58,86.469,88.461,87.734,84.227,82.941,False,False,False,False,True,-0.03341081774971377,-0.04734766453142447,0.007704271711216348,-1.015,-1.417,● LONG-TERM TREND INTACT,FULL LONG-TERM HISTORY AVAILABLE,MA50 — diversified portfolio research reference,MA200 — wider structural trend reference,POSITION DATA REQUIRED,+5% peak→MA100 | +10% peak→MA50 | +20% peak→MA30,-1.32,-11.44,10.85,Current walk-forward RF candidate ranking available | Below MA50 while broader MA200 structure remains intact,-0.033,-0.055,-0.047,-0.008,0.008,NEAR EMA20,False
XLF,● PULLBACK / REVIEW,6,● NEAR EMA20,OUTSIDE BULLISH EARLY WINDOW,CROSS BELOW,2026-09-08,21,2026-09-04,— LOW,38th percentile,0.3846153846153846,0.3533446507930686,NO SIGNAL,28.73134328358209,44,WATCH,41.28612618724559,39.0,— NOT CONFIRMED,43.239484396200815,41.0,47.76119402985074,36,30.0,53.75,54.797,55.829,56.478,55.029,53.327,False,False,False,False,True,-0.01910688541343497,-0.04830199369666066,0.007932191947793932,-1.238,-1.112,● LONG-TERM TREND INTACT,FULL LONG-TERM HISTORY AVAILABLE,MA50 — diversified portfolio research reference,MA200 — wider structural trend reference,POSITION DATA REQUIRED,+5% peak→MA100 | +10% peak→MA50 | +20% peak→MA30,0.66,-5.86,-2.88,Current walk-forward RF candidate ranking available | Below MA50 while broader MA200 structure remains intact,-0.019,-0.037,-0.048,-0.023,0.008,NEAR EMA20,False
DBA,● PULLBACK / REVIEW,6,▼ RECENT EMA20 BREAK,OUTSIDE BULLISH EARLY WINDOW,CROSS BELOW,2026-10-07,0,,— NO CURRENT ML SIGNAL,No current ML signal,,,NO SIGNAL,49.156716417910445,26,WATCH,65.98999321573949,17.0,— NOT CONFIRMED,62.979421076436005,21.0,67.16417910447761,23,70.0,28.49,28.502,28.729,28.377,27.82,27.171,False,False,True,True,True,-0.0004210230860992592,0.003982098178102023,0.0485444039601044,-0.108,0.066,▲ POSITIVE STRUCTURE,FULL LONG-TERM HISTORY AVAILABLE,MA50 — diversified portfolio research reference,MA200 — wider structural trend reference,POSITION DATA REQUIRED,+5% peak→MA100 | +10% peak→MA50 | +20% peak→MA30,1.24,-2.2,2.81,No exceptional current research condition,-0.0,-0.008,0.004,0.024,0.049,NEAR EMA20,False
PEJ,● PULLBACK / REVIEW,6,▼ RECENT EMA20 BREAK,OUTSIDE BULLISH EARLY WINDOW,CROSS BELOW,2026-10-07,0,,— NO CURRENT ML SIGNAL,No current ML signal,,,NO SIGNAL,44.32835820895522,28,WATCH,58.80834464043419,19.0,— NOT CONFIRMED,52.3270013568521,30.0,92.53731343283582,6,30.0,62.66,62.892,63.366,65.106,64.718,62.483,False,False,False,False,True,-0.0036888634484514293,-0.0375695020428225,0.0028327705135797743,-0.364,-1.473,● LONG-TERM TREND INTACT,FULL LONG-TERM HISTORY AVAILABLE,MA50 — diversified portfolio research reference,MA200 — wider structural trend reference,POSITION DATA REQUIRED,+5% peak→MA100 | +10% peak→MA50 | +20% peak→MA30,1.1,-1.65,-5.09,Below MA50 while broader MA200 structure remains intact,-0.004,-0.011,-0.038,-0.032,0.003,NEAR EMA20,False
ARKG,● PULLBACK / REVIEW,6,▼ RECENT EMA20 BREAK,OUTSIDE BULLISH EARLY WINDOW,CROSS BELOW,2026-10-07,0,,— NO CURRENT ML SIGNAL,No current ML signal,,,NO SIGNAL,52.26119402985075,24,WEAKENING,57.62601763907734,21.0,▼ DETERIORATING,79.84056987788331,11.0,1.4925373134328357,67,85.0,50.14,51.542,50.068,47.48,42.087,35.709,False,True,True,True,True,-0.027201117535214037,0.05602358887952841,0.40412781091601535,1.855,1.551,▲ POSITIVE STRUCTURE,FULL LONG-TERM HISTORY AVAILABLE,MA50 — diversified portfolio research reference,MA200 — wider structural trend reference,POSITION DATA REQUIRED,+5% peak→MA100 | +10% peak→MA50 | +20% peak→MA30,-7.52,7.02,16.6,No exceptional current research condition,-0.027,0.001,0.056,0.191,0.404,NEAR EMA20,True
USO,● PULLBACK / REVIEW,6,▼ RECENT EMA20 BREAK,OUTSIDE BULLISH EARLY WINDOW,CROSS BELOW,2026-10-05,2,,— NO CURRENT ML SIGNAL,No current ML signal,,,NO SIGNAL,39.52238805970149,34,WEAKENING,53.54426729986431,24.0,▼ DETERIORATING,73.13319764812302,15.0,10.44776119402985,61,70.0,143.91,146.44,146.392,138.384,131.486,116.33,False,False,True,True,True,-0.01727670035509421,0.039932362122788945,0.23708415713917308,-0.303,1.661,▲ POSITIVE STRUCTURE,FULL LONG-TERM HISTORY AVAILABLE,MA50 — diversified portfolio research reference,MA200 — wider structural trend reference,POSITION DATA REQUIRED,+5% peak→MA100 | +10% peak→MA50 | +20% peak→MA30,-1.2,-1.45,32.02,No exceptional current research condition,-0.017,-0.017,0.04,0.094,0.237,NEAR EMA20,True
RSP,● PULLBACK / REVIEW,6,▼ RECENT EMA20 BREAK,OUTSIDE BULLISH EARLY WINDOW,CROSS BELOW,2026-10-07,0,,— NO CURRENT ML SIGNAL,No current ML signal,,,NO SIGNAL,41.75373134328358,30,WATCH,53.46014246947082,25.0,— NOT CONFIRMED,58.35255540479421,26.0,65.67164179104478,24,30.0,210.6,211.839,213.651,215.814,212.614,204.57,False,False,False,False,True,-0.005848781385863866,-0.02415969306903165,0.029476462824461036,-0.358,-0.786,● LONG-TERM TREND INTACT,FULL LONG-TERM HISTORY AVAILABLE,MA50 — diversified portfolio research reference,MA200 — wider structural trend reference,POSITION DATA REQUIRED,+5% peak→MA100 | +10% peak→MA50 | +20% peak→MA30,1.24,-2.46,-0.99,Below MA50 while broader MA200 structure remains intact,-0.006,-0.014,-0.024,-0.009,0.029,NEAR EMA20,False
CPER,● PULLBACK / REVIEW,6,▼ RECENT EMA20 BREAK,OUTSIDE BULLISH EARLY WINDOW,CROSS BELOW,2026-10-07,0,,— NO CURRENT ML SIGNAL,No current ML signal,,,NO SIGNAL,40.70149253731344,32,WEAKENING,50.92554274084125,28.0,▼ DETERIORATING,63.49954771596562,20.0,32.83582089552239,46,50.0,39.81,39.892,39.85,39.864,39.13,37.549,False,False,False,True,True,-0.0020555499849593817,-0.0013546056592412814,0.06021465285360472,-0.202,-0.069,● LONG-TERM TREND INTACT,FULL LONG-TERM HISTORY AVAILABLE,MA50 — diversified portfolio research reference,MA200 — wider structural trend reference,POSITION DATA REQUIRED,+5% peak→MA100 | +10% peak→MA50 | +20% peak→MA30,0.08,-1.87,5.46,Below MA50 while broader MA200 structure remains intact,-0.002,-0.001,-0.001,0.017,0.06,NEAR EMA20,True
WEAT,● PULLBACK / REVIEW,6,▼ BELOW EMA20,OUTSIDE BULLISH EARLY WINDOW,CROSS BELOW,2026-09-22,11,,— NO CURRENT ML SIGNAL,No current ML signal,,,NO SIGNAL,27.835820895522392,45,WEAKENING,46.68758480325644,30.0,▼ DETERIORATING,59.05698778833107,24.0,25.37313432835821,51,50.0,24.9,25.465,26.181,25.53,24.525,23.261,False,False,False,True,True,-0.022187315923817064,-0.024676850763807434,0.07046128713296929,-1.146,-0.291,● LONG-TERM TREND INTACT,FULL LONG-TERM HISTORY AVAILABLE,MA50 — diversified portfolio research reference,MA200 — wider structural trend reference,POSITION DATA REQUIRED,+5% peak→MA100 | +10% peak→MA50 | +20% peak→MA30,1.34,-7.64,8.03,Below MA50 while broader MA200 structure remains intact,-0.022,-0.049,-0.025,0.015,0.07,NEAR EMA20,False
DIA,● PULLBACK / REVIEW,6,● NEAR EMA20,OUTSIDE BULLISH EARLY WINDOW,CROSS BELOW,2026-09-08,21,,— NO CURRENT ML SIGNAL,No current ML signal,,,NO SIGNAL,35.373134328358205,37,WATCH,46.64832089552239,31.0,— NOT CONFIRMED,52.17039800995025,32.0,52.23880597014925,33,30.0,511.02,515.934,520.499,525.091,519.145,500.183,False,False,False,False,True,-0.009524474060635613,-0.026797259903521553,0.021666070218300026,-0.538,-0.627,● LONG-TERM TREND INTACT,FULL LONG-TERM HISTORY AVAILABLE,MA50 — diversified portfolio research reference,MA200 — wider structural trend reference,POSITION DATA REQUIRED,+5% peak→MA100 | +10% peak→MA50 | +20% peak→MA30,0.49,-3.0,-2.18,Below MA50 while broader MA200 structure remains intact,-0.01,-0.018,-0.027,-0.016,0.022,NEAR EMA20,False
ETHE,● PULLBACK / REVIEW,6,▼ RECENT EMA20 BREAK,OUTSIDE BULLISH EARLY WINDOW,CROSS BELOW,2026-10-07,0,,— NO CURRENT ML SIGNAL,No current ML signal,,,EARLY WATCH,45.432835820895534,27,WEAKENING,46.19538670284939,32.0,● DEVELOPING,59.78742650384442,23.0,5.970149253731343,64,70.0,20.62,20.924,20.634,18.842,16.79,18.11,False,False,True,True,True,-0.01452877078952397,0.09436365566288085,0.13859745996686912,1.412,2.032,▲ POSITIVE STRUCTURE,FULL LONG-TERM HISTORY AVAILABLE,MA50 — diversified portfolio research reference,MA200 — wider structural trend reference,POSITION DATA REQUIRED,+5% peak→MA100 | +10% peak→MA50 | +20% peak→MA30,-3.78,3.31,46.55,No exceptional current research condition,-0.015,-0.001,0.094,0.228,0.139,NEAR EMA20,True
IBB,● PULLBACK / REVIEW,6,▼ RECENT EMA20 BREAK,OUTSIDE BULLISH EARLY WINDOW,CROSS BELOW,2026-10-06,1,,— NO CURRENT ML SIGNAL,No current ML signal,,,NO SIGNAL,22.611940298507463,51,WEAKENING,45.119911804613295,34.0,▼ DETERIORATING,63.53346901854365,19.0,13.432835820895525,59,50.0,203.34,206.774,207.959,204.709,192.13,181.557,False,False,False,True,True,-0.016607503844777383,-0.00668754182766762,0.11997884961747562,-0.562,-0.709,● LONG-TERM TREND INTACT,FULL LONG-TERM HISTORY AVAILABLE,MA50 — diversified portfolio research reference,MA200 — wider structural trend reference,POSITION DATA REQUIRED,+5% peak→MA100 | +10% peak→MA50 | +20% peak→MA30,-3.42,-1.92,3.05,Below MA50 while broader MA200 structure remains intact,-0.017,-0.022,-0.007,0.058,0.12,NEAR EMA20,False
AMLP,● PULLBACK / REVIEW,6,▼ BELOW EMA20,OUTSIDE BULLISH EARLY WINDOW,CROSS BELOW,2026-09-15,16,,— NO CURRENT ML SIGNAL,No current ML signal,,,NO SIGNAL,31.753731343283583,41,WATCH,44.1797829036635,37.0,— NOT CONFIRMED,51.65988240615107,34.0,44.776119402985074,38,30.0,52.36,53.499,54.417,54.393,53.135,51.027,False,False,False,False,True,-0.021290117572291156,-0.037376132958285124,0.026123424853508936,-0.897,-0.634,● LONG-TERM TREND INTACT,FULL LONG-TERM HISTORY AVAILABLE,MA50 — diversified portfolio research reference,MA200 — wider structural trend reference,POSITION DATA REQUIRED,+5% peak→MA100 | +10% peak→MA50 | +20% peak→MA30,0.94,-6.45,0.76,Below MA50 while broader MA200 structure remains intact,-0.021,-0.038,-0.037,-0.015,0.026,NEAR EMA20,False
CORN,● PULLBACK / REVIEW,6,● NEAR EMA20,OUTSIDE BULLISH EARLY WINDOW,CROSS BELOW,2026-09-24,9,,— NO CURRENT ML SIGNAL,No current ML signal,,,NO SIGNAL,24.55223880597015,48,WATCH,43.27238805970149,38.0,— NOT CONFIRMED,54.45273631840796,27.0,20.8955223880597,54,50.0,19.05,19.398,19.748,19.122,18.322,18.157,False,False,False,True,True,-0.017939993813795185,-0.003765296517100669,0.049182133612380996,-1.233,-0.057,● LONG-TERM TREND INTACT,FULL LONG-TERM HISTORY AVAILABLE,MA50 — diversified portfolio research reference,MA200 — wider structural trend reference,POSITION DATA REQUIRED,+5% peak→MA100 | +10% peak→MA50 | +20% peak→MA30,0.05,-4.61,10.43,Below MA50 while broader MA200 structure remains intact,-0.018,-0.035,-0.004,0.04,0.049,NEAR EMA20,False
IWM,● PULLBACK / REVIEW,6,▼ BELOW EMA20,OUTSIDE BULLISH EARLY WINDOW,CROSS BELOW,2026-08-28,27,,— NO CURRENT ML SIGNAL,No current ML signal,,,NO SIGNAL,27.83582089552238,46,WATCH,40.76814789687924,40.0,— NOT CONFIRMED,45.07349615558572,40.0,43.28358208955223,39,30.0,277.7,283.487,286.696,291.366,290.955,275.634,False,False,False,False,True,-0.020413634487648546,-0.04690320764948552,0.007495446860692034,-0.675,-1.032,● LONG-TERM TREND INTACT,FULL LONG-TERM HISTORY AVAILABLE,MA50 — diversified portfolio research reference,MA200 — wider structural trend reference,POSITION DATA REQUIRED,+5% peak→MA100 | +10% peak→MA50 | +20% peak→MA30,-0.07,-5.51,-6.33,Below MA50 while broader MA200 structure remains intact,-0.02,-0.031,-0.047,-0.046,0.007,NEAR EMA20,False
SLX,● PULLBACK / REVIEW,6,▼ BELOW EMA20,OUTSIDE BULLISH EARLY WINDOW,CROSS BELOW,2026-09-18,13,,— NO CURRENT ML SIGNAL,No current ML signal,,,NO SIGNAL,25.149253731343286,47,WATCH,40.276119402985074,41.0,— NOT CONFIRMED,52.93532338308457,28.0,29.850746268656717,48,30.0,102.43,105.017,106.758,107.139,105.688,100.564,False,False,False,False,True,-0.02463410685888945,-0.043952248947628725,0.018555347838192793,-0.849,-0.538,● LONG-TERM TREND INTACT,FULL LONG-TERM HISTORY AVAILABLE,MA50 — diversified portfolio research reference,MA200 — wider structural trend reference,POSITION DATA REQUIRED,+5% peak→MA100 | +10% peak→MA50 | +20% peak→MA30,0.17,-7.88,5.5,Below MA50 while broader MA200 structure remains intact,-0.025,-0.041,-0.044,-0.031,0.019,NEAR EMA20,False
XBI,● PULLBACK / REVIEW,6,▼ BELOW EMA20,OUTSIDE BULLISH EARLY WINDOW,CROSS BELOW,2026-09-23,10,,— NO CURRENT ML SIGNAL,No current ML signal,,,NO SIGNAL,10.522388059701491,63,WATCH,27.196913161465403,51.0,— NOT CONFIRMED,37.80076888285844,48.0,8.955223880597014,62,30.0,150.23,156.028,158.577,158.182,151.161,139.22,False,False,False,False,True,-0.037159996923629146,-0.05027120658481998,0.07908346501939367,-1.243,-1.362,● LONG-TERM TREND INTACT,FULL LONG-TERM HISTORY AVAILABLE,MA50 — diversified portfolio research reference,MA200 — wider structural trend reference,POSITION DATA REQUIRED,+5% peak→MA100 | +10% peak→MA50 | +20% peak→MA30,-4.72,-7.23,-8.55,Below MA50 while broader MA200 structure remains intact,-0.037,-0.053,-0.05,-0.006,0.079,NEAR EMA20,False
UUP,— MONITOR,7,● NEAR EMA20,OUTSIDE BULLISH EARLY WINDOW,CROSS ABOVE,2026-09-14,17,,— NO CURRENT ML SIGNAL,No current ML signal,,,EARLY ENTRY,84.4402985074627,12,EMERGING,80.60074626865672,12.0,▲ EMERGING CONFIRMATION,66.8407960199005,18.0,85.07462686567165,11,100.0,29.04,28.646,28.412,28.287,28.225,27.766,True,True,True,True,True,0.013754101794316798,0.026620002121115816,0.045883454584743966,0.715,0.613,▲ FULL BULL STRUCTURE,FULL LONG-TERM HISTORY AVAILABLE,MA50 — diversified portfolio research reference,MA200 — wider structural trend reference,POSITION DATA REQUIRED,+5% peak→MA100 | +10% peak→MA50 | +20% peak→MA30,0.94,3.75,2.4,No exceptional current research condition,0.014,0.022,0.027,0.029,0.046,NEAR EMA20,True
IBIT,— MONITOR,7,● NEAR EMA20,OUTSIDE BULLISH EARLY WINDOW,CROSS ABOVE,2026-08-17,36,,— NO CURRENT ML SIGNAL,No current ML signal,,,BUILDING,72.83582089552239,16,WEAKENING,64.41468792401628,18.0,▲ EARLY CONFIRMATION,68.68272274988693,17.0,28.35820895522388,49,100.0,47.21,46.618,45.891,42.665,40.036,41.908,True,True,True,True,True,0.012698957484233553,0.10652759873432571,0.12651522382361358,1.923,1.995,▲ FULL BULL STRUCTURE,FULL LONG-TERM HISTORY AVAILABLE,MA50 — diversified portfolio research reference,MA200 — wider structural trend reference,POSITION DATA REQUIRED,+5% peak→MA100 | +10% peak→MA50 | +20% peak→MA30,-0.27,6.35,31.83,No exceptional current research condition,0.013,0.029,0.107,0.179,0.127,NEAR EMA20,True
SLV,▼ STRUCTURAL CAUTION,8,▼ BELOW EMA20,OUTSIDE BULLISH EARLY WINDOW,CROSS BELOW,2026-09-23,10,2026-09-04,● MODERATE,69th percentile,0.6923076923076923,0.5099345696196417,NO SIGNAL,8.731343283582088,65,LAGGING,14.344131614654,62.0,▼ DETERIORATING,21.925599276345544,59.0,14.925373134328357,58,0.0,53.82,56.613,58.043,57.884,58.426,65.849,False,False,False,False,False,-0.04933495840178048,-0.07020938428581303,-0.1826755151938526,-2.043,-1.957,▼ STRUCTURAL CAUTION,FULL LONG-TERM HISTORY AVAILABLE,MA50 — diversified portfolio research reference,MA200 — wider structural trend reference,POSITION DATA REQUIRED,+5% peak→MA100 | +10% peak→MA50 | +20% peak→MA30,-1.27,-9.35,-0.59,Current walk-forward RF candidate ranking available | Below wider MA200 structural reference,-0.049,-0.073,-0.07,-0.079,-0.183,NEAR EMA20,False
IAI,▼ STRUCTURAL CAUTION,8,▼ BELOW EMA20,OUTSIDE BULLISH EARLY WINDOW,CROSS BELOW,2026-09-09,20,2026-09-04,— LOW,54th percentile,0.5384615384615384,0.466798220819395,NO SIGNAL,14.776119402985074,57,LAGGING,19.133141112618723,58.0,▼ DETERIORATING,27.592718227046586,54.0,22.388059701492537,53,0.0,175.86,181.189,185.628,187.058,185.12,179.683,False,False,False,False,False,-0.029411277726572704,-0.05986378556383576,-0.02127635892098856,-1.577,-1.398,▼ STRUCTURAL CAUTION,FULL LONG-TERM HISTORY AVAILABLE,MA50 — diversified portfolio research reference,MA200 — wider structural trend reference,POSITION DATA REQUIRED,+5% peak→MA100 | +10% peak→MA50 | +20% peak→MA30,-0.16,-8.77,-6.56,Current walk-forward RF candidate ranking available | Below wider MA200 structural reference,-0.029,-0.053,-0.06,-0.05,-0.021,NEAR EMA20,False
XLC,▼ STRUCTURAL CAUTION,8,● NEAR EMA20,OUTSIDE BULLISH EARLY WINDOW,CROSS BELOW,2026-09-28,7,2026-09-04,— LOW,31st percentile,0.3076923076923077,0.3034253986049415,NO SIGNAL,40.223880597014926,33,WATCH,44.2055630936228,36.0,— NOT CONFIRMED,49.31252826775216,35.0,56.71641791044776,30,20.0,111.26,111.7,111.96,111.432,111.119,113.068,False,False,False,True,False,-0.003939122649955218,-0.0015435422499819884,-0.015990377471963746,-0.387,-0.068,▼ STRUCTURAL CAUTION,FULL LONG-TERM HISTORY AVAILABLE,MA50 — diversified portfolio research reference,MA200 — wider structural trend reference,POSITION DATA REQUIRED,+5% peak→MA100 | +10% peak→MA50 | +20% peak→MA30,0.26,0.1,1.01,Current walk-forward RF candidate ranking available | Below wider MA200 structural reference,-0.004,-0.006,-0.002,0.001,-0.016,NEAR EMA20,False
KBWD,▼ STRUCTURAL CAUTION,8,▼ BELOW EMA20,OUTSIDE BULLISH EARLY WINDOW,CROSS BELOW,2026-09-08,21,2026-09-04,— LOW,23rd percentile,0.2307692307692307,0.232655718808188,NO SIGNAL,4.701492537313433,66,LAGGING,6.1455223880597005,65.0,▼ DETERIORATING,8.681592039800993,65.0,7.462686567164178,63,0.0,10.64,11.303,11.67,11.89,11.892,12.126,False,False,False,False,False,-0.058656993718481876,-0.10513036164844403,-0.1225465940953323,-2.76,-2.145,▼ STRUCTURAL CAUTION,FULL LONG-TERM HISTORY AVAILABLE,MA50 — diversified portfolio research reference,MA200 — wider structural trend reference,POSITION DATA REQUIRED,+5% peak→MA100 | +10% peak→MA50 | +20% peak→MA30,-3.71,-12.7,-10.58,Current walk-forward RF candidate ranking available | Below wider MA200 structural reference,-0.059,-0.088,-0.105,-0.105,-0.123,NEAR EMA20,False
XLY,▼ STRUCTURAL CAUTION,8,▲ DAY 1 CONFIRMATION,DAY 1 — CONFIRMATION WINDOW,CROSS ABOVE,2026-10-06,1,,— NO CURRENT ML SIGNAL,No current ML signal,,,BUILDING,60.08955223880598,21,WATCH,53.13398914518318,26.0,● DEVELOPING,47.05563093622795,37.0,94.02985074626866,5,15.0,111.36,111.206,112.218,114.213,115.045,115.764,True,False,False,False,False,0.001384817365969404,-0.02497964329804836,-0.038042914895822455,-0.351,-1.055,▼ STRUCTURAL CAUTION,FULL LONG-TERM HISTORY AVAILABLE,MA50 — diversified portfolio research reference,MA200 — wider structural trend reference,POSITION DATA REQUIRED,+5% peak→MA100 | +10% peak→MA50 | +20% peak→MA30,2.32,-2.09,-4.49,Below wider MA200 structural reference,0.001,-0.008,-0.025,-0.032,-0.038,NEAR EMA20,False
XLU,▼ STRUCTURAL CAUTION,8,▲ DAY 1 CONFIRMATION,DAY 1 — CONFIRMATION WINDOW,CROSS ABOVE,2026-10-06,1,,— NO CURRENT ML SIGNAL,No current ML signal,,,BUILDING,61.47014925373134,20,WATCH,50.62296472184532,29.0,● DEVELOPING,38.49050203527816,47.0,98.50746268656717,2,15.0,41.15,40.663,41.209,42.143,43.316,43.772,True,False,False,False,False,0.011976489683496183,-0.023562631991077998,-0.05990130677145211,-0.349,-1.097,▼ STRUCTURAL CAUTION,FULL LONG-TERM HISTORY AVAILABLE,MA50 — diversified portfolio research reference,MA200 — wider structural trend reference,POSITION DATA REQUIRED,+5% peak→MA100 | +10% peak→MA50 | +20% peak→MA30,4.34,-4.6,-8.15,Below wider MA200 structural reference,0.012,-0.001,-0.024,-0.05,-0.06,NEAR EMA20,False
PAVE,▼ STRUCTURAL CAUTION,8,▼ RECENT EMA20 BREAK,OUTSIDE BULLISH EARLY WINDOW,CROSS BELOW,2026-10-07,0,,— NO CURRENT ML SIGNAL,No current ML signal,,,EARLY WATCH,50.68656716417911,25,WATCH,45.49559023066486,33.0,● DEVELOPING,47.3699683401176,36.0,80.59701492537313,14,0.0,53.29,53.72,53.843,55.275,56.071,54.382,False,False,False,False,False,-0.008004467609828758,-0.03591135232926279,-0.02008017358684855,0.115,-0.725,▼ STRUCTURAL CAUTION,FULL LONG-TERM HISTORY AVAILABLE,MA50 — diversified portfolio research reference,MA200 — wider structural trend reference,POSITION DATA REQUIRED,+5% peak→MA100 | +10% peak→MA50 | +20% peak→MA30,1.5,-2.77,-5.55,Below wider MA200 structural reference,-0.008,-0.01,-0.036,-0.05,-0.02,NEAR EMA20,False
XLP,▼ STRUCTURAL CAUTION,8,● NEAR EMA20,OUTSIDE BULLISH EARLY WINDOW,CROSS BELOW,2026-08-27,28,,— NO CURRENT ML SIGNAL,No current ML signal,,,NO SIGNAL,41.56716417910448,31,WATCH,44.789857530529176,35.0,— NOT CONFIRMED,51.771822704658526,33.0,71.64179104477611,20,0.0,81.7,82.083,82.844,83.734,83.567,82.745,False,False,False,False,False,-0.004666008795974785,-0.02429120787254868,-0.012629161882893203,-0.725,-0.941,▼ STRUCTURAL CAUTION,FULL LONG-TERM HISTORY AVAILABLE,MA50 — diversified portfolio research reference,MA200 — wider structural trend reference,POSITION DATA REQUIRED,+5% peak→MA100 | +10% peak→MA50 | +20% peak→MA30,1.36,-2.12,-1.16,Below wider MA200 structural reference,-0.005,-0.014,-0.024,-0.022,-0.013,NEAR EMA20,False
AIRR,▼ STRUCTURAL CAUTION,8,▼ RECENT EMA20 BREAK,OUTSIDE BULLISH EARLY WINDOW,CROSS BELOW,2026-10-07,0,,— NO CURRENT ML SIGNAL,No current ML signal,,,NO SIGNAL,43.88059701492537,29,LAGGING,39.65332428765264,42.0,▼ DETERIORATING,29.412030755314337,53.0,88.05970149253731,9,0.0,104.48,106.333,106.537,111.647,119.093,117.219,False,False,False,False,False,-0.01742638691657339,-0.0641933952546867,-0.10867692097697468,-0.207,-1.314,▼ STRUCTURAL CAUTION,FULL LONG-TERM HISTORY AVAILABLE,MA50 — diversified portfolio research reference,MA200 — wider structural trend reference,POSITION DATA REQUIRED,+5% peak→MA100 | +10% peak→MA50 | +20% peak→MA30,1.2,-4.48,-15.98,Below wider MA200 structural reference,-0.017,-0.019,-0.064,-0.123,-0.109,NEAR EMA20,False
TIP,▼ STRUCTURAL CAUTION,8,● NEAR EMA20,OUTSIDE BULLISH EARLY WINDOW,CROSS BELOW,2026-08-28,27,,— NO CURRENT ML SIGNAL,No current ML signal,,,NO SIGNAL,37.76119402985074,35,WATCH,37.20081411126188,43.0,— NOT CONFIRMED,39.88240615106287,43.0,64.17910447761194,25,0.0,104.24,104.874,105.607,106.19,106.817,107.001,False,False,False,False,False,-0.00604534965768444,-0.018363311046237896,-0.025803497163577993,-0.438,-0.51,▼ STRUCTURAL CAUTION,FULL LONG-TERM HISTORY AVAILABLE,MA50 — diversified portfolio research reference,MA200 — wider structural trend reference,POSITION DATA REQUIRED,+5% peak→MA100 | +10% peak→MA50 | +20% peak→MA30,0.19,-2.62,-2.88,Below wider MA200 structural reference,-0.006,-0.013,-0.018,-0.024,-0.026,NEAR EMA20,False
BATT,▼ STRUCTURAL CAUTION,8,▼ RECENT EMA20 BREAK,OUTSIDE BULLISH EARLY WINDOW,CROSS BELOW,2026-10-07,0,,— NO CURRENT ML SIGNAL,No current ML signal,,,NO SIGNAL,35.07462686567165,38,WATCH,35.82903663500679,44.0,— NOT CONFIRMED,38.82406151062868,45.0,61.19402985074627,27,0.0,14.54,14.747,15.025,15.11,15.389,15.449,False,False,False,False,False,-0.01403675323794673,-0.03772336201191262,-0.05883875979027775,-0.61,-1.302,▼ STRUCTURAL CAUTION,FULL LONG-TERM HISTORY AVAILABLE,MA50 — diversified portfolio research reference,MA200 — wider structural trend reference,POSITION DATA REQUIRED,+5% peak→MA100 | +10% peak→MA50 | +20% peak→MA30,1.68,-7.21,-0.41,Below wider MA200 structural reference,-0.014,-0.032,-0.038,-0.055,-0.059,NEAR EMA20,False
IEF,▼ STRUCTURAL CAUTION,8,● NEAR EMA20,OUTSIDE BULLISH EARLY WINDOW,CROSS BELOW,2026-08-28,27,,— NO CURRENT ML SIGNAL,No current ML signal,,,NO SIGNAL,34.92537313432835,39,WATCH,34.088364993215734,45.0,— NOT CONFIRMED,35.95092718227046,49.0,59.70149253731343,28,0.0,89.11,89.891,90.618,91.316,92.005,92.772,False,False,False,False,False,-0.008688300274777294,-0.024157869376670082,-0.039473116888716464,-0.57,-0.62,▼ STRUCTURAL CAUTION,FULL LONG-TERM HISTORY AVAILABLE,MA50 — diversified portfolio research reference,MA200 — wider structural trend reference,POSITION DATA REQUIRED,+5% peak→MA100 | +10% peak→MA50 | +20% peak→MA30,0.12,-2.98,-3.91,Below wider MA200 structural reference,-0.009,-0.017,-0.024,-0.031,-0.039,NEAR EMA20,False
XLI,▼ STRUCTURAL CAUTION,8,▼ RECENT EMA20 BREAK,OUTSIDE BULLISH EARLY WINDOW,CROSS BELOW,2026-10-07,0,,— NO CURRENT ML SIGNAL,No current ML signal,,,NO SIGNAL,37.01492537313433,36,WATCH,33.978459972862964,46.0,— NOT CONFIRMED,38.691768430574406,46.0,55.223880597014926,31,0.0,167.84,170.405,171.228,175.711,176.496,171.733,False,False,False,False,False,-0.015052375223731707,-0.04479514657591166,-0.022668910459841762,-0.3,-0.942,▼ STRUCTURAL CAUTION,FULL LONG-TERM HISTORY AVAILABLE,MA50 — diversified portfolio research reference,MA200 — wider structural trend reference,POSITION DATA REQUIRED,+5% peak→MA100 | +10% peak→MA50 | +20% peak→MA30,0.52,-3.51,-7.08,Below wider MA200 structural reference,-0.015,-0.02,-0.045,-0.049,-0.023,NEAR EMA20,False
XLB,▼ STRUCTURAL CAUTION,8,● NEAR EMA20,OUTSIDE BULLISH EARLY WINDOW,CROSS BELOW,2026-09-03,23,,— NO CURRENT ML SIGNAL,No current ML signal,,,NO SIGNAL,30.037313432835823,43,WATCH,32.677154002713706,47.0,— NOT CONFIRMED,39.78007688828584,44.0,49.25373134328358,35,0.0,48.98,49.857,50.634,51.244,50.952,50.315,False,False,False,False,False,-0.017590308281685618,-0.04418078214034815,-0.026532843088542202,-0.908,-1.223,▼ STRUCTURAL CAUTION,FULL LONG-TERM HISTORY AVAILABLE,MA50 — diversified portfolio research reference,MA200 — wider structural trend reference,POSITION DATA REQUIRED,+5% peak→MA100 | +10% peak→MA50 | +20% peak→MA30,0.57,-5.26,-2.1,Below wider MA200 structural reference,-0.018,-0.033,-0.044,-0.039,-0.027,NEAR EMA20,False
SRVR,▼ STRUCTURAL CAUTION,8,● NEAR EMA20,OUTSIDE BULLISH EARLY WINDOW,CROSS BELOW,2026-09-09,20,,— NO CURRENT ML SIGNAL,No current ML signal,,,NO SIGNAL,30.22388059701493,42,LAGGING,30.92605156037992,49.0,▼ DETERIORATING,29.918588873812755,52.0,58.2089552238806,29,0.0,28.72,29.169,29.673,30.206,31.091,31.195,False,False,False,False,False,-0.015393054269944195,-0.04919552406806593,-0.079339637762462,-1.346,-1.4,▼ STRUCTURAL CAUTION,FULL LONG-TERM HISTORY AVAILABLE,MA50 — diversified portfolio research reference,MA200 — wider structural trend reference,POSITION DATA REQUIRED,+5% peak→MA100 | +10% peak→MA50 | +20% peak→MA30,1.38,-7.15,-5.69,Below wider MA200 structural reference,-0.015,-0.032,-0.049,-0.076,-0.079,NEAR EMA20,False
OIH,▼ STRUCTURAL CAUTION,8,▼ BELOW EMA20,OUTSIDE BULLISH EARLY WINDOW,CROSS BELOW,2026-09-14,17,,— NO CURRENT ML SIGNAL,No current ML signal,,,NO SIGNAL,24.029850746268657,49,WATCH,29.749151967435548,50.0,— NOT CONFIRMED,41.233604703753954,42.0,37.3134328358209,43,0.0,381.54,394.365,405.161,404.129,402.767,389.695,False,False,False,False,False,-0.032520634437640195,-0.05589551851017871,-0.020926622101900105,-1.285,-1.082,▼ STRUCTURAL CAUTION,FULL LONG-TERM HISTORY AVAILABLE,MA50 — diversified portfolio research reference,MA200 — wider structural trend reference,POSITION DATA REQUIRED,+5% peak→MA100 | +10% peak→MA50 | +20% peak→MA30,0.84,-10.97,1.88,Below wider MA200 structural reference,-0.033,-0.058,-0.056,-0.053,-0.021,NEAR EMA20,False
KRE,▼ STRUCTURAL CAUTION,8,▼ BELOW EMA20,OUTSIDE BULLISH EARLY WINDOW,CROSS BELOW,2026-09-08,21,,— NO CURRENT ML SIGNAL,No current ML signal,,,NO SIGNAL,22.53731343283582,52,LAGGING,25.87347354138399,52.0,▼ DETERIORATING,33.61601085481683,50.0,35.82089552238806,44,0.0,68.89,71.169,72.15,73.654,72.887,69.89,False,False,False,False,False,-0.0320223692899998,-0.06468080484427186,-0.014308198597796529,-1.095,-0.982,▼ STRUCTURAL CAUTION,FULL LONG-TERM HISTORY AVAILABLE,MA50 — diversified portfolio research reference,MA200 — wider structural trend reference,POSITION DATA REQUIRED,+5% peak→MA100 | +10% peak→MA50 | +20% peak→MA30,-0.79,-6.77,-7.19,Below wider MA200 structural reference,-0.032,-0.045,-0.065,-0.055,-0.014,NEAR EMA20,False
KBE,▼ STRUCTURAL CAUTION,8,▼ BELOW EMA20,OUTSIDE BULLISH EARLY WINDOW,CROSS BELOW,2026-09-08,21,,— NO CURRENT ML SIGNAL,No current ML signal,,,NO SIGNAL,19.55223880597015,53,LAGGING,23.80715739484396,53.0,▼ DETERIORATING,30.01922207146088,51.0,34.32835820895522,45,0.0,62.89,65.08,66.178,67.582,66.791,64.199,False,False,False,False,False,-0.033650891210817435,-0.06942677044183354,-0.020389725696661865,-1.312,-1.137,▼ STRUCTURAL CAUTION,FULL LONG-TERM HISTORY AVAILABLE,MA50 — diversified portfolio research reference,MA200 — wider structural trend reference,POSITION DATA REQUIRED,+5% peak→MA100 | +10% peak→MA50 | +20% peak→MA30,-0.52,-7.54,-7.43,Below wider MA200 structural reference,-0.034,-0.05,-0.069,-0.058,-0.02,NEAR EMA20,False
TLT,▼ STRUCTURAL CAUTION,8,▼ BELOW EMA20,OUTSIDE BULLISH EARLY WINDOW,CROSS BELOW,2026-09-23,10,,— NO CURRENT ML SIGNAL,No current ML signal,,,NO SIGNAL,23.05970149253731,50,LAGGING,21.49813432835821,54.0,▼ DETERIORATING,21.902985074626866,60.0,38.80597014925373,42,0.0,77.15,78.983,80.192,80.811,82.298,83.616,False,False,False,False,False,-0.023207525670080886,-0.04530323842051209,-0.07732969766551845,-1.349,-0.967,▼ STRUCTURAL CAUTION,FULL LONG-TERM HISTORY AVAILABLE,MA50 — diversified portfolio research reference,MA200 — wider structural trend reference,POSITION DATA REQUIRED,+5% peak→MA100 | +10% peak→MA50 | +20% peak→MA30,-0.41,-5.77,-7.6,Below wider MA200 structural reference,-0.023,-0.038,-0.045,-0.063,-0.077,NEAR EMA20,False
XLRE,▼ STRUCTURAL CAUTION,8,▼ BELOW EMA20,OUTSIDE BULLISH EARLY WINDOW,CROSS BELOW,2026-08-27,28,,— NO CURRENT ML SIGNAL,No current ML signal,,,NO SIGNAL,15.970149253731345,54,LAGGING,21.129240162822256,55.0,▼ DETERIORATING,26.0583446404342,57.0,31.343283582089555,47,0.0,40.57,41.737,42.464,43.335,43.682,42.548,False,False,False,False,False,-0.027960802165943877,-0.0638052382600669,-0.04648867161793746,-1.488,-1.555,▼ STRUCTURAL CAUTION,FULL LONG-TERM HISTORY AVAILABLE,MA50 — diversified portfolio research reference,MA200 — wider structural trend reference,POSITION DATA REQUIRED,+5% peak→MA100 | +10% peak→MA50 | +20% peak→MA30,-0.83,-6.81,-7.5,Below wider MA200 structural reference,-0.028,-0.045,-0.064,-0.071,-0.046,NEAR EMA20,False
AWAY,▼ STRUCTURAL CAUTION,8,▼ BELOW EMA20,OUTSIDE BULLISH EARLY WINDOW,CROSS BELOW,2026-08-31,26,,— NO CURRENT ML SIGNAL,No current ML signal,,,NO SIGNAL,12.61194029850746,60,LAGGING,20.560888738127545,56.0,▼ DETERIORATING,18.82519222071461,61.0,40.298507462686565,41,0.0,16.635,17.282,17.853,18.706,18.216,18.134,False,False,False,False,False,-0.03743779655132495,-0.11071314016892964,-0.08266240211756914,-1.998,-3.082,▼ STRUCTURAL CAUTION,FULL LONG-TERM HISTORY AVAILABLE,MA50 — diversified portfolio research reference,MA200 — wider structural trend reference,POSITION DATA REQUIRED,+5% peak→MA100 | +10% peak→MA50 | +20% peak→MA30,-1.53,-10.23,-10.03,Below wider MA200 structural reference,-0.037,-0.068,-0.111,-0.087,-0.083,NEAR EMA20,False
VNQ,▼ STRUCTURAL CAUTION,8,▼ BELOW EMA20,OUTSIDE BULLISH EARLY WINDOW,CROSS BELOW,2026-08-27,28,,— NO CURRENT ML SIGNAL,No current ML signal,,,NO SIGNAL,15.522388059701491,56,LAGGING,19.92079375848033,57.0,▼ DETERIORATING,26.357982813206696,55.0,26.86567164179105,50,0.0,88.69,91.329,92.859,94.784,95.42,92.787,False,False,False,False,False,-0.0288955315398175,-0.06429355165428774,-0.044154892387942346,-1.439,-1.533,▼ STRUCTURAL CAUTION,FULL LONG-TERM HISTORY AVAILABLE,MA50 — diversified portfolio research reference,MA200 — wider structural trend reference,POSITION DATA REQUIRED,+5% peak→MA100 | +10% peak→MA50 | +20% peak→MA30,-1.05,-6.75,-7.86,Below wider MA200 structural reference,-0.029,-0.045,-0.064,-0.071,-0.044,NEAR EMA20,False
GLD,▼ STRUCTURAL CAUTION,8,▼ BELOW EMA20,OUTSIDE BULLISH EARLY WINDOW,CROSS BELOW,2026-09-21,12,,— NO CURRENT ML SIGNAL,No current ML signal,,,NO SIGNAL,14.477611940298509,58,LAGGING,19.00898914518318,59.0,▼ DETERIORATING,26.32180009045681,56.0,23.88059701492537,52,0.0,375.88,388.358,395.763,396.729,392.28,415.875,False,False,False,False,False,-0.03213014795626723,-0.05255224599159625,-0.09617072437631502,-1.397,-1.711,▼ STRUCTURAL CAUTION,FULL LONG-TERM HISTORY AVAILABLE,MA50 — diversified portfolio research reference,MA200 — wider structural trend reference,POSITION DATA REQUIRED,+5% peak→MA100 | +10% peak→MA50 | +20% peak→MA30,-1.3,-5.96,-0.61,Below wider MA200 structural reference,-0.032,-0.05,-0.053,-0.042,-0.096,NEAR EMA20,False
VIXY,▼ STRUCTURAL CAUTION,8,▼ BELOW EMA20,OUTSIDE BULLISH EARLY WINDOW,CROSS BELOW,2026-09-11,18,,— NO CURRENT ML SIGNAL,No current ML signal,,,NO SIGNAL,15.82089552238806,55,LAGGING,18.383141112618723,60.0,▼ DETERIORATING,10.005653550429672,64.0,46.26865671641791,37,0.0,16.19,16.916,17.1,18.015,20.355,24.444,False,False,False,False,False,-0.0429179475053203,-0.10130446849847341,-0.3376697758141056,-1.649,-1.645,▼ STRUCTURAL CAUTION,FULL LONG-TERM HISTORY AVAILABLE,MA50 — diversified portfolio research reference,MA200 — wider structural trend reference,POSITION DATA REQUIRED,+5% peak→MA100 | +10% peak→MA50 | +20% peak→MA30,-4.43,-6.42,-22.2,Below wider MA200 structural reference,-0.043,-0.053,-0.101,-0.205,-0.338,NEAR EMA20,False
REZ,▼ STRUCTURAL CAUTION,8,▼ BELOW EMA20,OUTSIDE BULLISH EARLY WINDOW,CROSS BELOW,2026-08-27,28,,— NO CURRENT ML SIGNAL,No current ML signal,,,NO SIGNAL,10.970149253731345,62,LAGGING,16.35396879240163,61.0,▼ DETERIORATING,25.396879240162825,58.0,16.417910447761194,57,0.0,86.05,89.306,90.805,92.544,92.617,89.061,False,False,False,False,False,-0.036458916534163444,-0.07017202627939145,-0.03380828870100283,-1.519,-1.504,▼ STRUCTURAL CAUTION,FULL LONG-TERM HISTORY AVAILABLE,MA50 — diversified portfolio research reference,MA200 — wider structural trend reference,POSITION DATA REQUIRED,+5% peak→MA100 | +10% peak→MA50 | +20% peak→MA30,-2.59,-7.17,-8.89,Below wider MA200 structural reference,-0.036,-0.052,-0.07,-0.071,-0.034,NEAR EMA20,False
ITA,▼ STRUCTURAL CAUTION,8,▼ BELOW EMA20,OUTSIDE BULLISH EARLY WINDOW,CROSS BELOW,2026-08-19,34,,— NO CURRENT ML SIGNAL,No current ML signal,,,NO SIGNAL,9.029850746268655,64,LAGGING,10.706580732700136,63.0,▼ DETERIORATING,10.857078245137949,63.0,19.402985074626866,55,0.0,203.6,212.942,217.132,228.435,231.142,230.066,False,False,False,False,False,-0.04387110105099046,-0.1087180160658393,-0.11503655472777385,-1.851,-2.291,▼ STRUCTURAL CAUTION,FULL LONG-TERM HISTORY AVAILABLE,MA50 — diversified portfolio research reference,MA200 — wider structural trend reference,POSITION DATA REQUIRED,+5% peak→MA100 | +10% peak→MA50 | +20% peak→MA30,-1.73,-8.81,-14.93,Below wider MA200 structural reference,-0.044,-0.062,-0.109,-0.119,-0.115,NEAR EMA20,False
BETZ,▼ STRUCTURAL CAUTION,8,▼ BELOW EMA20,OUTSIDE BULLISH EARLY WINDOW,CROSS BELOW,2026-09-15,16,,— NO CURRENT ML SIGNAL,No current ML signal,,,NO SIGNAL,14.17910447761194,59,LAGGING,10.484735413839893,64.0,▼ DETERIORATING,11.359113523292628,62.0,17.91044776119403,56,0.0,16.45,17.433,18.262,18.678,18.893,18.895,False,False,False,False,False,-0.0563873114208685,-0.11928471999143386,-0.12939931198729826,-3.482,-2.848,▼ STRUCTURAL CAUTION,FULL LONG-TERM HISTORY AVAILABLE,MA50 — diversified portfolio research reference,MA200 — wider structural trend reference,POSITION DATA REQUIRED,+5% peak→MA100 | +10% peak→MA50 | +20% peak→MA30,1.17,-14.8,-14.97,Below wider MA200 structural reference,-0.056,-0.099,-0.119,-0.129,-0.129,NEAR EMA20,False
LITP,▼ STRUCTURAL CAUTION,8,▼ BELOW EMA20,OUTSIDE BULLISH EARLY WINDOW,CROSS BELOW,2026-09-04,22,,— NO CURRENT ML SIGNAL,No current ML signal,,,NO SIGNAL,2.014925373134328,67,LAGGING,2.3476933514246943,66.0,▼ DETERIORATING,3.22704658525554,66.0,2.985074626865672,66,0.0,8.84,9.72,10.402,10.677,11.955,13.057,False,False,False,False,False,-0.09053497942386834,-0.17205207455277693,-0.32296852263153863,-4.812,-4.379,▼ STRUCTURAL CAUTION,FULL LONG-TERM HISTORY AVAILABLE,MA50 — diversified portfolio research reference,MA200 — wider structural trend reference,POSITION DATA REQUIRED,+5% peak→MA100 | +10% peak→MA50 | +20% peak→MA30,-4.03,-22.15,-23.27,Below wider MA200 structural reference,-0.091,-0.15,-0.172,-0.261,-0.323,NEAR EMA20,False
